"41c7dbecd39102a863b233ccd95e8ac9c4355cf0";"2, Rue de la Tuilerie, Abbévillers, Montbéliard, Doubs, Bourgogne-Franche-Comté, France métropolitaine, 25310, France";"2";"Rue de la Tuilerie";"";"Montbéliard";"Doubs";"Bourgogne-Franche-Comté";"25310";"France";"47.431259";"6.918858"
"f2d0de1e86f0e2aeb0deda1dea9ea05ebcb13703";"Rue Principale, Adam-lès-Vercel, Pontarlier, Doubs, Bourgogne-Franche-Comté, France métropolitaine, 25530, France";"";"Rue Principale";"";"Pontarlier";"Doubs";"Bourgogne-Franche-Comté";"25530";"France";"47.1678364";"6.3913191"
"8b92c5982bc01d671a77b6daddc45ac5cfcc7e91";"Aibre, Montbéliard, Doubs, Bourgogne-Franche-Comté, France métropolitaine, 25750, France";"";"";"";"Montbéliard";"Doubs";"Bourgogne-Franche-Comté";"25750";"France";"47.5515894";"6.6955773"
"b15f27c905c1c1d5f2787b65adc9217877e20c5f";"1, Rue de Bourogne, Allenjoie, Montbéliard, Doubs, Bourgogne-Franche-Comté, France métropolitaine, 25490, France";"1";"Rue de Bourogne";"";"Montbéliard";"Doubs";"Bourgogne-Franche-Comté";"25490";"France";"47.5338738";"6.8972258"
"f7dc8ed65b16dd946aba20cc41ad31f462b74043";"1TER, Rue du Puits, Allondans, Montbéliard, Doubs, Bourgogne-Franche-Comté, France métropolitaine, 25550, France";"1TER";"Rue du Puits";"";"Montbéliard";"Doubs";"Bourgogne-Franche-Comté";"25550";"France";"47.519176";"6.7457"
"967699f3b4c5bc8c4203f3795b9d7311a7aff9b9";"Rue des Lilas, Arcey, Montbéliard, Doubs, Bourgogne-Franche-Comté, France métropolitaine, 25750, France";"";"Rue des Lilas";"";"Montbéliard";"Doubs";"Bourgogne-Franche-Comté";"25750";"France";"47.5210521";"6.6602907"
"3b48d0840e0e120a4cc2768f346a4298ce8386f6";"6, Rue de Croset, Le Village Bas, Arçon, Pontarlier, Doubs, Bourgogne-Franche-Comté, France métropolitaine, 25300, France";"6";"Rue de Croset";"";"Pontarlier";"Doubs";"Bourgogne-Franche-Comté";"25300";"France";"46.948235";"6.381082"
"cbb71ce935532a318e375635e0a9640f1adcbc43";"Bibliothèque Municipale Janusz Korczak, 8, Rue du Puits, Centre, Audincourt, Montbéliard, Doubs, Bourgogne-Franche-Comté, France métropolitaine, 25400, France";"8";"Rue du Puits";"Audincourt";"Montbéliard";"Doubs";"Bourgogne-Franche-Comté";"25400";"France";"47.4805205";"6.837463919631585"
"6030845ddf81ec6d384ac77494ec665d09b544ae";"4, Avenue Aristide Briand, Centre, Audincourt, Montbéliard, Doubs, Bourgogne-Franche-Comté, France métropolitaine, 25400, France";"4";"Avenue Aristide Briand";"Audincourt";"Montbéliard";"Doubs";"Bourgogne-Franche-Comté";"25400";"France";"47.4820195";"6.840621428571428"
"2a331d056113fd66fa9d7f3dd19fe7ab75096ff3";"Rue d'Hérimoncourt, Sur Charmoille, Autechaux-Roide, Montbéliard, Doubs, Bourgogne-Franche-Comté, France métropolitaine, 25150, France";"";"Rue d'Hérimoncourt";"";"Montbéliard";"Doubs";"Bourgogne-Franche-Comté";"25150";"France";"47.3898318";"6.811481"
"7e97cd227112c36ba287fa912332d1ced63b680f";"15, Rue des Vergers, Aveney, Avanne-Aveney, Besançon, Doubs, Bourgogne-Franche-Comté, France métropolitaine, 25720, France";"15";"Rue des Vergers";"";"Besançon";"Doubs";"Bourgogne-Franche-Comté";"25720";"France";"47.19364";"5.960244"
"acc54b2623917830becbc9660f2d4c607bac993e";"5, Rue des Griottes, Avanne-Aveney, Besançon, Doubs, Bourgogne-Franche-Comté, France métropolitaine, 25720, France";"5";"Rue des Griottes";"";"Besançon";"Doubs";"Bourgogne-Franche-Comté";"25720";"France";"47.208741";"5.963719"
"39ce6691c586c0e450c66f2e52952f9ae74ef09a";"7, Rue de l'Église, Aveney, Avanne-Aveney, Besançon, Doubs, Bourgogne-Franche-Comté, France métropolitaine, 25720, France";"7";"Rue de l'Église";"";"Besançon";"Doubs";"Bourgogne-Franche-Comté";"25720";"France";"47.2022584";"5.9636157"
"78cd53274e011ac2dae1202131b09a917ecdfacb";"5, Rue de Champfrene, Aveney, Avanne-Aveney, Besançon, Doubs, Bourgogne-Franche-Comté, France métropolitaine, 25720, France";"5";"Rue de Champfrene";"";"Besançon";"Doubs";"Bourgogne-Franche-Comté";"25720";"France";"47.200893";"5.96296"
"28c0b813014ffffb13ede6b64ff260313fd40ed5";"Rue de l’École, Aveney, Avanne-Aveney, Besançon, Doubs, Bourgogne-Franche-Comté, France métropolitaine, 25720, France";"";"Rue de l’École";"";"Besançon";"Doubs";"Bourgogne-Franche-Comté";"25720";"France";"47.1961672";"5.9613461"
"7e97cd227112c36ba287fa912332d1ced63b680f";"15, Rue des Vergers, Aveney, Avanne-Aveney, Besançon, Doubs, Bourgogne-Franche-Comté, France métropolitaine, 25720, France";"15";"Rue des Vergers";"";"Besançon";"Doubs";"Bourgogne-Franche-Comté";"25720";"France";"47.19364";"5.960244"
"2d89fa681bf71659938f546919a78a2b7eee4d71";"12, Grande Rue, Aveney, Avanne-Aveney, Besançon, Doubs, Bourgogne-Franche-Comté, France métropolitaine, 25720, France";"12";"Grande Rue";"";"Besançon";"Doubs";"Bourgogne-Franche-Comté";"25720";"France";"47.200853";"5.967417"
"a2ac1d325d97363896e5bd1799a6db14105a728d";"Sentier sous l'Église, Avilley, Besançon, Doubs, Bourgogne-Franche-Comté, France métropolitaine, 25680, France";"";"Sentier sous l'Église";"";"Besançon";"Doubs";"Bourgogne-Franche-Comté";"25680";"France";"47.4252932";"6.2691951"
"b1e5e8c533172520d8d2f946aed17051d3716554";"Jimmy Dubois Opticien, 29, Rue de la Prairie, La Prairie, Baume-les-Dames, Besançon, Doubs, Bourgogne-Franche-Comté, France métropolitaine, 25110, France";"29";"Rue de la Prairie";"";"Besançon";"Doubs";"Bourgogne-Franche-Comté";"25110";"France";"47.347942";"6.3568084"
"fce970dc12c25e7e4143ec729548df648dd46d4d";"Rue du 4è RTT, Bois Carré, Baume-les-Dames, Besançon, Doubs, Bourgogne-Franche-Comté, France métropolitaine, 25110, France";"";"Rue du 4è RTT";"";"Besançon";"Doubs";"Bourgogne-Franche-Comté";"25110";"France";"47.3511974";"6.3340162"
"c52fa7657b498b9cccbc39b81a7d0e456dbb15fe";"Rue des Finances, La Prairie, Baume-les-Dames, Besançon, Doubs, Bourgogne-Franche-Comté, France métropolitaine, 25110, France";"";"Rue des Finances";"";"Besançon";"Doubs";"Bourgogne-Franche-Comté";"25110";"France";"47.3521665";"6.3570577"
"10f901b2ff8280d3f74eed085dc33f5df2d1729b";"10, Grande Rue, Berche, Montbéliard, Doubs, Bourgogne-Franche-Comté, France métropolitaine, 25420, France";"10";"Grande Rue";"";"Montbéliard";"Doubs";"Bourgogne-Franche-Comté";"25420";"France";"47.473206";"6.74237"
"33ea7539e4eb3a9b110b6c3932e598991aef0479";"51, Chemin de la Combe Saragosse, Saragosse, Besançon, Doubs, Bourgogne-Franche-Comté, France métropolitaine, 25000, France";"51";"Chemin de la Combe Saragosse";"";"Besançon";"Doubs";"Bourgogne-Franche-Comté";"25000";"France";"47.2631888";"6.0305311"
"a1425fc7a1db8940f2f5d324908cc6ee3ce2df57";"22, Rue Résal, Les Cras, Parc des Chaprais, Besançon, Doubs, Bourgogne-Franche-Comté, France métropolitaine, 25000, France";"22";"Rue Résal";"";"Besançon";"Doubs";"Bourgogne-Franche-Comté";"25000";"France";"47.2546015";"6.0331968"
"846749ab26d600b1ce58a67f63b27b16387d7fdd";"Granvelle, 10, Rue de la Préfecture, La Gare d'Eau, Chamars, Besançon, Doubs, Bourgogne-Franche-Comté, France métropolitaine, 25000, France";"10";"Rue de la Préfecture";"";"Besançon";"Doubs";"Bourgogne-Franche-Comté";"25000";"France";"47.2351312";"6.0253161"
"6cdd954e9a4bacf57b5a5a66cde6a20acb87aa1f";"15, Rue du Petit Battant, Rue Battant, Besançon, Doubs, Bourgogne-Franche-Comté, France métropolitaine, 25000, France";"15";"Rue du Petit Battant";"";"Besançon";"Doubs";"Bourgogne-Franche-Comté";"25000";"France";"47.2428972";"6.0221632"
"82e5b80a196a2f875539d20c533cf1cdfbdc534e";"Place Flore, Mouillère, Besançon, Doubs, Bourgogne-Franche-Comté, France métropolitaine, 25000, France";"";"";"";"Besançon";"Doubs";"Bourgogne-Franche-Comté";"25000";"France";"47.24556595";"6.028170415489749"
"3d593610f888bd921cca673f2bdbb61483f594fd";"Chemin des Montarmots, Saragosse, Besançon, Doubs, Bourgogne-Franche-Comté, France métropolitaine, 25000, France";"";"Chemin des Montarmots";"";"Besançon";"Doubs";"Bourgogne-Franche-Comté";"25000";"France";"47.2628089";"6.0276273"
"2a7212a3dc53f9586e94027506eeea3d2bc81cf4";"49, Chemin de Valentin, Saint-Claude, Rue de Vesoul, Besançon, Doubs, Bourgogne-Franche-Comté, France métropolitaine, 25000, France";"49";"Chemin de Valentin";"";"Besançon";"Doubs";"Bourgogne-Franche-Comté";"25000";"France";"47.2695029";"6.0080617"
"73e717176a5192e22952c6f3f7d43c3b5b4a73bf";"29D, Chemin des Tilleroyes, Trépillot, Tilleroyes, Besançon, Doubs, Bourgogne-Franche-Comté, France métropolitaine, 25000, France";"29D";"Chemin des Tilleroyes";"";"Besançon";"Doubs";"Bourgogne-Franche-Comté";"25000";"France";"47.244249";"5.9786"
"7f97c60da7dde030ee89fc2879c5fe6b930c588d";"10, Rue Joseph Kosma, Tilleroyes, Besançon, Doubs, Bourgogne-Franche-Comté, France métropolitaine, 25000, France";"10";"Rue Joseph Kosma";"";"Besançon";"Doubs";"Bourgogne-Franche-Comté";"25000";"France";"47.236013";"5.965967"
"d63fe4f13eacda301ec4decb1a4de439bca5711e";"7, Rue Pablo Picasso, Cassin, Besançon, Doubs, Bourgogne-Franche-Comté, France métropolitaine, 25000, France";"7";"Rue Pablo Picasso";"";"Besançon";"Doubs";"Bourgogne-Franche-Comté";"25000";"France";"47.219254";"5.973649"
"d93db710bfbbf4efe423baf51c6d7bf18ccade36";"5, Rue Louis Garnier, Lafayette, Besançon, Doubs, Bourgogne-Franche-Comté, France métropolitaine, 25000, France";"5";"Rue Louis Garnier";"";"Besançon";"Doubs";"Bourgogne-Franche-Comté";"25000";"France";"47.2146767";"5.9688922"
"b922a5dae6765378d8c86e0594f9c979b241a468";"5, Rue de Chaudanne, Germinettes, Vieilles Perrières, Besançon, Doubs, Bourgogne-Franche-Comté, France métropolitaine, 25000, France";"5";"Rue de Chaudanne";"";"Besançon";"Doubs";"Bourgogne-Franche-Comté";"25000";"France";"47.231043";"6.013675"
"aa93df024964f4dd06a94fe152bacf6a92145dcc";"12, Rue Jean Wyrsch, Saint-Claude, Rue de Vesoul, Besançon, Doubs, Bourgogne-Franche-Comté, France métropolitaine, 25000, France";"12";"Rue Jean Wyrsch";"";"Besançon";"Doubs";"Bourgogne-Franche-Comté";"25000";"France";"47.2555297";"6.0171158"
"eb11ee5465a9bc74dc382dfe14d4b742c62a0b70";"1, Chemin des Echenoz de Velotte, Velotte, Besançon, Doubs, Bourgogne-Franche-Comté, France métropolitaine, 25000, France";"1";"Chemin des Echenoz de Velotte";"";"Besançon";"Doubs";"Bourgogne-Franche-Comté";"25000";"France";"47.219558";"6.017081"
"dfc8676c6c0fa35b751d25b86f458fbc1e491390";"Chemin Fourchu, Les Prés de Vaux, Bregille, Besançon, Doubs, Bourgogne-Franche-Comté, France métropolitaine, 25000, France";"";"Chemin Fourchu";"";"Besançon";"Doubs";"Bourgogne-Franche-Comté";"25000";"France";"47.2335185";"6.0385038"
"54e7e6f4787b94315abe93abb229c942da915d4f";"4, Rue du Clos Saint-Amour, République, Besançon, Doubs, Bourgogne-Franche-Comté, France métropolitaine, 25000, France";"4";"Rue du Clos Saint-Amour";"";"Besançon";"Doubs";"Bourgogne-Franche-Comté";"25000";"France";"47.2391533";"6.0274402"
"3bacc7061847e1cabcafdd3e5b75d5f4b66c6db4";"29, Rue du Docteur Colard, Velotte, Besançon, Doubs, Bourgogne-Franche-Comté, France métropolitaine, 25000, France";"29";"Rue du Docteur Colard";"";"Besançon";"Doubs";"Bourgogne-Franche-Comté";"25000";"France";"47.2179432";"6.0128994"
"1945390388afab7047b0b50548107ee55a72aa5c";"6A, Chemin des Tilleroyes, Trépillot, Tilleroyes, Besançon, Doubs, Bourgogne-Franche-Comté, France métropolitaine, 25000, France";"6A";"Chemin des Tilleroyes";"";"Besançon";"Doubs";"Bourgogne-Franche-Comté";"25000";"France";"47.238342";"5.977209"
"338154ac36d8942586329fc6efd12412faae7ab6";"24, Chemin de Claire-Combe, Chapelle des Buis, Besançon, Doubs, Bourgogne-Franche-Comté, France métropolitaine, 25000, France";"24";"Chemin de Claire-Combe";"";"Besançon";"Doubs";"Bourgogne-Franche-Comté";"25000";"France";"47.2194622";"6.0369116"
"ee125018766a66b33858c550762563f1e3247c29";"Rue des Cras, Les Cras, Parc des Chaprais, Besançon, Doubs, Bourgogne-Franche-Comté, France métropolitaine, 25000, France";"";"Rue des Cras";"";"Besançon";"Doubs";"Bourgogne-Franche-Comté";"25000";"France";"47.2528465";"6.0308016"
"145231f379c09b6a127c2c4203474e9a54747a8b";"35, Chemin des Montboucons, Montboucons, Monboucons, Besançon, Doubs, Bourgogne-Franche-Comté, France métropolitaine, 25000, France";"35";"Chemin des Montboucons";"";"Besançon";"Doubs";"Bourgogne-Franche-Comté";"25000";"France";"47.258777";"5.99005"
"892f4f8db0fae54f637cf5d862c1bd3ce5f24d9f";"14, Rue Henri Sainte-Claire Deville, Montrapon, Besançon, Doubs, Bourgogne-Franche-Comté, France métropolitaine, 25000, France";"14";"Rue Henri Sainte-Claire Deville";"";"Besançon";"Doubs";"Bourgogne-Franche-Comté";"25000";"France";"47.2465801";"6.0024185"
"aff5823aa6847742777749228a815b5f611c38e3";"Rue du Vernois, Les Bicquey, Vaite, Besançon, Doubs, Bourgogne-Franche-Comté, France métropolitaine, 25000, France";"";"Rue du Vernois";"";"Besançon";"Doubs";"Bourgogne-Franche-Comté";"25000";"France";"47.2519359";"6.0443239"
"753035dbad2169a5126128b00266a1f31e39c859";"15, Rue des Sapins, Saint-Ferjeux, Besançon, Doubs, Bourgogne-Franche-Comté, France métropolitaine, 25000, France";"15";"Rue des Sapins";"";"Besançon";"Doubs";"Bourgogne-Franche-Comté";"25000";"France";"47.234382";"5.990635"
"6871797c9887d19353b332114383c26b825b2c00";"19, Chemin des Vareilles, Vareilles, Chaffanjon, Besançon, Doubs, Bourgogne-Franche-Comté, France métropolitaine, 25000, France";"19";"Chemin des Vareilles";"";"Besançon";"Doubs";"Bourgogne-Franche-Comté";"25000";"France";"47.2426984";"6.046132"
"ab845290864ddd3f5d01b8822c912b76dc4cf53a";"20, Rue de Vignier, Marulaz, Besançon, Doubs, Bourgogne-Franche-Comté, France métropolitaine, 25000, France";"20";"Rue de Vignier";"";"Besançon";"Doubs";"Bourgogne-Franche-Comté";"25000";"France";"47.2401858";"6.0171918"
"ed9f392a45f8113ac76d93b21319b8626bb13f6d";"10, Rue Paul Verlaine, Montboucons, Monboucons, Besançon, Doubs, Bourgogne-Franche-Comté, France métropolitaine, 25000, France";"10";"Rue Paul Verlaine";"";"Besançon";"Doubs";"Bourgogne-Franche-Comté";"25000";"France";"47.2548456";"6.0034636"
"5de4d712fcf31bd6f960c634760ea090f2767c7c";"28, Rue Louis Pergaud, La Glacière, Saône, Besançon, Doubs, Bourgogne-Franche-Comté, France métropolitaine, 25660, France";"28";"Rue Louis Pergaud";"";"Besançon";"Doubs";"Bourgogne-Franche-Comté";"25660";"France";"47.2175725";"6.115639686389272"
"c179b2a26672e864df8d8e6a4a766a6a9c68bc04";"Rue Félix Gaiffe, Vareilles, Chaffanjon, Besançon, Doubs, Bourgogne-Franche-Comté, France métropolitaine, 25000, France";"";"Rue Félix Gaiffe";"";"Besançon";"Doubs";"Bourgogne-Franche-Comté";"25000";"France";"47.2439424";"6.0417207"
"9386b6883190e9d49f1e2a891918bff5af58fa9d";"1, Rue de Provence, Châteaufarine, Saint-Laurent, Besançon, Doubs, Bourgogne-Franche-Comté, France métropolitaine, 25000, France";"1";"Rue de Provence";"";"Besançon";"Doubs";"Bourgogne-Franche-Comté";"25000";"France";"47.217263";"5.961978"
"0863b4a9978f7b51952824722b869e624eeef5f5";"Boulevard Alexandre Fleming, Tilleroyes, Besançon, Doubs, Bourgogne-Franche-Comté, France métropolitaine, 25000, France";"";"Boulevard Alexandre Fleming";"";"Besançon";"Doubs";"Bourgogne-Franche-Comté";"25000";"France";"47.2234933";"5.9660186"
"20579576f5798a06628e13a71ced861c60e8103e";"1, Rue du Repos, Bout du Monde, Beure, Besançon, Doubs, Bourgogne-Franche-Comté, France métropolitaine, 25720, France";"1";"Rue du Repos";"";"Besançon";"Doubs";"Bourgogne-Franche-Comté";"25720";"France";"47.206343";"6.001256"
"6538690957228d38f9ad6b369eda4fee70c3a7b7";"5, Rue de Grandvaux, Beutal, Montbéliard, Doubs, Bourgogne-Franche-Comté, France métropolitaine, 25250, France";"5";"Rue de Grandvaux";"";"Montbéliard";"Doubs";"Bourgogne-Franche-Comté";"25250";"France";"47.470344";"6.640465"
"cb7cc6f9bb62138abedabac538ef4539430f5f9b";"Chemin du Petit Pont, Clos Dorbe, Bief, Montbéliard, Doubs, Bourgogne-Franche-Comté, France métropolitaine, 25190, France";"";"Chemin du Petit Pont";"";"Montbéliard";"Doubs";"Bourgogne-Franche-Comté";"25190";"France";"47.3264666";"6.7684911"
"1f1a5133a938a5beb4c2f32fffdc3a82207fb5bd";"32, Grande Rue, Bondeval, Montbéliard, Doubs, Bourgogne-Franche-Comté, France métropolitaine, 25230, France";"32";"Grande Rue";"";"Montbéliard";"Doubs";"Bourgogne-Franche-Comté";"25230";"France";"47.443801";"6.848026"
"7ce142dc4b16ea9b195a43d32e286ca27d596b16";"Rue du Grand Communal, Le Grand Communal, Le Finage, Bonnétage, Pontarlier, Doubs, Bourgogne-Franche-Comté, France métropolitaine, 25210, France";"";"Rue du Grand Communal";"";"Pontarlier";"Doubs";"Bourgogne-Franche-Comté";"25210";"France";"47.1849308";"6.7237118"
"49a09dae4e181fa8988f837f29c21a657434ce8f";"2, Rue du Lavoir, Bonnevaux, Pontarlier, Doubs, Bourgogne-Franche-Comté, France métropolitaine, 25560, France";"2";"Rue du Lavoir";"";"Pontarlier";"Doubs";"Bourgogne-Franche-Comté";"25560";"France";"46.808596";"6.185449"
"018740e63004b41792d736a1384587b718deffd6";"Place de la Mairie, Boujailles, Pontarlier, Doubs, Bourgogne-Franche-Comté, France métropolitaine, 25560, France";"";"Place de la Mairie";"";"Pontarlier";"Doubs";"Bourgogne-Franche-Comté";"25560";"France";"46.8888918";"6.0794841"
"5fd1b4841a0204de4c625c7662803520344e1acc";"2, Rue de la Mairie, Braillans, Besançon, Doubs, Bourgogne-Franche-Comté, France métropolitaine, 25640, France";"2";"Rue de la Mairie";"";"Besançon";"Doubs";"Bourgogne-Franche-Comté";"25640";"France";"47.308213";"6.090006"
"197304c0d87880b72d557c737b7123cb8acc3655";"Brey-et-Maison-du-Bois, Pontarlier, Doubs, Bourgogne-Franche-Comté, France métropolitaine, 25240, France";"";"";"";"Pontarlier";"Doubs";"Bourgogne-Franche-Comté";"25240";"France";"46.7443249";"6.2517077"
"1815c4e34ff87000597c5e9cca6dfd1d30e86ce7";"Grande Rue, Buffard, Besançon, Doubs, Bourgogne-Franche-Comté, France métropolitaine, 25440, France";"";"Grande Rue";"";"Besançon";"Doubs";"Bourgogne-Franche-Comté";"25440";"France";"47.0332911";"5.8256406"
"9a8601d4d03a9cf86bc27c9700c46e98dcb87a29";"33, Grande Rue, Chazoy, Burgille, Besançon, Doubs, Bourgogne-Franche-Comté, France métropolitaine, 25170, France";"33";"Grande Rue";"";"Besançon";"Doubs";"Bourgogne-Franche-Comté";"25170";"France";"47.2675623";"5.7791089"
"c40357f6818123791db19dc7817ad1b62ba24f5d";"8, Rue de la Vallée, Cademène, Besançon, Doubs, Bourgogne-Franche-Comté, France métropolitaine, 25290, France";"8";"Rue de la Vallée";"";"Besançon";"Doubs";"Bourgogne-Franche-Comté";"25290";"France";"47.1005418";"6.0278498"
"4288172e0b44f5b51d679ef7059026ba7ea9126f";"Rue de Besançon, Chalèze, Besançon, Doubs, Bourgogne-Franche-Comté, France métropolitaine, 25220, France";"";"Rue de Besançon";"";"Besançon";"Doubs";"Bourgogne-Franche-Comté";"25220";"France";"47.2679323";"6.0882482"
"01074f45ef8e0e328c3034edb309cd4b43fa3889";"Rue des Clos, Chalezeule, Besançon, Doubs, Bourgogne-Franche-Comté, France métropolitaine, 25220, France";"";"Rue des Clos";"";"Besançon";"Doubs";"Bourgogne-Franche-Comté";"25220";"France";"47.2582396";"6.0766308"
"a1e9c1724ad243395b3a310d3d0bb79106082776";"Chemin du Vieux Village, Les Baraques, Champagney, Besançon, Doubs, Bourgogne-Franche-Comté, France métropolitaine, 25170, France";"";"Chemin du Vieux Village";"";"Besançon";"Doubs";"Bourgogne-Franche-Comté";"25170";"France";"47.2569225";"5.9062537"
"b6d0ef269aec6d30b1250efff6817ea2904d7d8b";"3, Chemin de Chaudefontaine, Champoux, Besançon, Doubs, Bourgogne-Franche-Comté, France métropolitaine, 25640, France";"3";"Chemin de Chaudefontaine";"";"Besançon";"Doubs";"Bourgogne-Franche-Comté";"25640";"France";"47.334195";"6.137182"
"110982f339181d2b118c32a384d65d7de71bde21";"24, Grande Rue, Chapelle-d'Huin, Pontarlier, Doubs, Bourgogne-Franche-Comté, France métropolitaine, 25270, France";"24";"Grande Rue";"";"Pontarlier";"Doubs";"Bourgogne-Franche-Comté";"25270";"France";"46.933035";"6.167797"
"f68b46244c2c3336ee42ca7b3f86a4da29cfc184";"École primaire, 2, Route des Pâturages, Les Antoine, Chapelle-des-Bois, Pontarlier, Doubs, Bourgogne-Franche-Comté, France métropolitaine, 25240, France";"2";"Route des Pâturages";"";"Pontarlier";"Doubs";"Bourgogne-Franche-Comté";"25240";"France";"46.5988326";"6.115465"
"6f0d889294736f7a6c7d689986802339577686fe";"21, Route du Village, Charnay, Besançon, Doubs, Bourgogne-Franche-Comté, France métropolitaine, 25440, France";"21";"Route du Village";"";"Besançon";"Doubs";"Bourgogne-Franche-Comté";"25440";"France";"47.127026";"5.955487"
"76c783d6eec54f91b6ab191007e858d78e91ad55";"Rue des Communaux, Châtillon-le-Duc, Besançon, Doubs, Bourgogne-Franche-Comté, France métropolitaine, 25870, France";"";"Rue des Communaux";"";"Besançon";"Doubs";"Bourgogne-Franche-Comté";"25870";"France";"47.306448";"6.0067608"
"eed8e32f99449ca3a1c6e28641f22a660b94b514";"11, Grande Rue, Chevigney-lès-Vercel, Pontarlier, Doubs, Bourgogne-Franche-Comté, France métropolitaine, 25530, France";"11";"Grande Rue";"";"Pontarlier";"Doubs";"Bourgogne-Franche-Comté";"25530";"France";"47.1634195";"6.370817905737711"
"096322e7f4b47073a2530482e2a756e8d516f09b";"2, Rue de l'Oratoire, Cléron, Besançon, Doubs, Bourgogne-Franche-Comté, France métropolitaine, 25330, France";"2";"Rue de l'Oratoire";"";"Besançon";"Doubs";"Bourgogne-Franche-Comté";"25330";"France";"47.087007";"6.061508"
"06df67da3ae3aadd02b713f36e3dd001142b9a22";"Grande Rue, Colombier-Fontaine, Montbéliard, Doubs, Bourgogne-Franche-Comté, France métropolitaine, 25260, France";"";"Grande Rue";"";"Montbéliard";"Doubs";"Bourgogne-Franche-Comté";"25260";"France";"47.4556845";"6.6880424"
"cbdb0775f4c4025e98323e1280bd33a3d3919d33";"Chemin des tuffes, La Scie Dessus, Consolation-Maisonnettes, Pontarlier, Doubs, Bourgogne-Franche-Comté, France métropolitaine, 25390, France";"";"Chemin des tuffes";"";"Pontarlier";"Doubs";"Bourgogne-Franche-Comté";"25390";"France";"47.1539299";"6.6020119"
"da73eda2d3f1687e7f7b89150d661cf857fe5cd8";"3, Grande Rue, Courtetain-et-Salans, Pontarlier, Doubs, Bourgogne-Franche-Comté, France métropolitaine, 25530, France";"3";"Grande Rue";"";"Pontarlier";"Doubs";"Bourgogne-Franche-Comté";"25530";"France";"47.256464";"6.417265"
"155f956ca6b2f2570e1bbaac02b8c52f4a9f9d97";"Crouzet-Migette, Besançon, Doubs, Bourgogne-Franche-Comté, France métropolitaine, 25270, France";"";"";"";"Besançon";"Doubs";"Bourgogne-Franche-Comté";"25270";"France";"46.9557297";"6.0094933"
"d48a741de38f7022840fdfc3a3597e27f6222b96";"Rue du Lavoir, Dampierre-sur-le-Doubs, Montbéliard, Doubs, Bourgogne-Franche-Comté, France métropolitaine, 25420, France";"";"Rue du Lavoir";"";"Montbéliard";"Doubs";"Bourgogne-Franche-Comté";"25420";"France";"47.4754249";"6.7354915"
"63f3b19f760c50c023d3565de7967c4208b337c7";"2, Impasse des Oichottes, Dannemarie, Montbéliard, Doubs, Bourgogne-Franche-Comté, France métropolitaine, 25310, France";"2";"Impasse des Oichottes";"";"Montbéliard";"Doubs";"Bourgogne-Franche-Comté";"25310";"France";"47.390776";"6.89598"
"31213bc7e2317a91c232da6366da38b4e14ab797";"Rue du Centre, Domprel, Pontarlier, Doubs, Bourgogne-Franche-Comté, France métropolitaine, 25510, France";"";"Rue du Centre";"";"Pontarlier";"Doubs";"Bourgogne-Franche-Comté";"25510";"France";"47.2004631";"6.4687609"
"05d4b529f5a93cb242a4c5ba86a25399adf5ba50";"1BIS, Rue de la Poste, Sombacour, Val-d'Usiers, Pontarlier, Doubs, Bourgogne-Franche-Comté, France métropolitaine, 25520, France";"1BIS";"Rue de la Poste";"";"Pontarlier";"Doubs";"Bourgogne-Franche-Comté";"25520";"France";"46.9523205";"6.255353996925954"
"793bb83c0f80aa0a37243615e59d261b2bb42e86";"Rue de Montbéliard, Dung, Montbéliard, Doubs, Bourgogne-Franche-Comté, France métropolitaine, 25550, France";"";"Rue de Montbéliard";"";"Montbéliard";"Doubs";"Bourgogne-Franche-Comté";"25550";"France";"47.5048728";"6.7521946"
"3ae005d6627fb9b5a4b2a1b63c82cee68815fe12";"Rue des Forêts, Écurcey, Montbéliard, Doubs, Bourgogne-Franche-Comté, France métropolitaine, 25150, France";"";"Rue des Forêts";"";"Montbéliard";"Doubs";"Bourgogne-Franche-Comté";"25150";"France";"47.4071268";"6.8180573"
"e01766a1c03c2736679d18a1525b924e3fa229a7";"2, Rue des Noyers, Étrappe, Montbéliard, Doubs, Bourgogne-Franche-Comté, France métropolitaine, 25250, France";"2";"Rue des Noyers";"";"Montbéliard";"Doubs";"Bourgogne-Franche-Comté";"25250";"France";"47.472975";"6.580459"
"26401dc025d9e96a69f2e8a81b6cf9599a093d00";"1, Place de la Fontaine, Étray, Pontarlier, Doubs, Bourgogne-Franche-Comté, France métropolitaine, 25800, France";"1";"Place de la Fontaine";"";"Pontarlier";"Doubs";"Bourgogne-Franche-Comté";"25800";"France";"47.1219755";"6.3417984398240534"
"769171e145c2bd99fc561fa41d28612eddb5b53c";"2, Rue des Écoles, La Montagne, Étupes, Montbéliard, Doubs, Bourgogne-Franche-Comté, France métropolitaine, 25460, France";"2";"Rue des Écoles";"";"Montbéliard";"Doubs";"Bourgogne-Franche-Comté";"25460";"France";"47.5064815";"6.8543811"
"451ccbc59f17bc8b84bb8a06928f1d0534475242";"46, Grande Rue, Évillers, Pontarlier, Doubs, Bourgogne-Franche-Comté, France métropolitaine, 25520, France";"46";"Grande Rue";"";"Pontarlier";"Doubs";"Bourgogne-Franche-Comté";"25520";"France";"47.000257";"6.226026"
"65388a577b23230af26593c491c844b55f4caec5";"7, Grande Rue, Flagey, Besançon, Doubs, Bourgogne-Franche-Comté, France métropolitaine, 25330, France";"7";"Grande Rue";"";"Besançon";"Doubs";"Bourgogne-Franche-Comté";"25330";"France";"47.037265";"6.122853"
"ab64cf52d5353bd00f83c114d2d426d0eac3a5f3";"Rue de l'École, Fontain, Besançon, Doubs, Bourgogne-Franche-Comté, France métropolitaine, 25660, France";"";"Rue de l'École";"";"Besançon";"Doubs";"Bourgogne-Franche-Comté";"25660";"France";"47.1996319";"6.0273381"
"7fc1308c2c8470833a0d845959bb4c2469c61465";"1, Rue de la Fromagerie, Frambouhans, Montbéliard, Doubs, Bourgogne-Franche-Comté, France métropolitaine, 25140, France";"1";"Rue de la Fromagerie";"";"Montbéliard";"Doubs";"Bourgogne-Franche-Comté";"25140";"France";"47.217314";"6.7655985"
"f9c375b7d71a77239bb515a92c35e2303db3cb6a";"Grande Rue, Lotissement Le Caron, Franois, Besançon, Doubs, Bourgogne-Franche-Comté, France métropolitaine, 25770, France";"";"Grande Rue";"";"Besançon";"Doubs";"Bourgogne-Franche-Comté";"25770";"France";"47.2344504";"5.9243208"
"080736424dca7500f684498a0770e82687acde11";"12, Rue de la Gare, Frasne, Pontarlier, Doubs, Bourgogne-Franche-Comté, France métropolitaine, 25560, France";"12";"Rue de la Gare";"";"Pontarlier";"Doubs";"Bourgogne-Franche-Comté";"25560";"France";"46.8573575";"6.1596667"
"16b3841365e72269e368a12ac8f881666a61c8c5";"Rue de l'Ecrignot, Glamondans, Besançon, Doubs, Bourgogne-Franche-Comté, France métropolitaine, 25360, France";"";"Rue de l'Ecrignot";"";"Besançon";"Doubs";"Bourgogne-Franche-Comté";"25360";"France";"47.2641476";"6.2767493"
"17d49e3372b1bddc45f7c2a61136be6ff382bc97";"2, Rue Principale, Glère, Les Chèzeaux, Glère, Montbéliard, Doubs, Bourgogne-Franche-Comté, France métropolitaine, 25190, France";"2";"Rue Principale";"";"Montbéliard";"Doubs";"Bourgogne-Franche-Comté";"25190";"France";"47.3441609";"6.9949458"
"626e8cd0938ee62170129819f80f0e8f7ff5896b";"8, Route d'Uzelle, Montby, Gondenans-Montby, Besançon, Doubs, Bourgogne-Franche-Comté, France métropolitaine, 25340, France";"8";"Route d'Uzelle";"";"Besançon";"Doubs";"Bourgogne-Franche-Comté";"25340";"France";"47.438443";"6.442035"
"afd627b634a7c28d4e29e4346aa39d5a205596f0";"5, Rue de l'Église, Goux-les-Usiers, Val-d'Usiers, Pontarlier, Doubs, Bourgogne-Franche-Comté, France métropolitaine, 25520, France";"5";"Rue de l'Église";"";"Pontarlier";"Doubs";"Bourgogne-Franche-Comté";"25520";"France";"46.970449099999996";"6.27660033530254"
"f576eba5d3c6997d2b7ed3fa88f40260a62e95b2";"Rue des Près, Grand-Charmont, Montbéliard, Doubs, Bourgogne-Franche-Comté, France métropolitaine, 25200, France";"";"Rue des Près";"";"Montbéliard";"Doubs";"Bourgogne-Franche-Comté";"25200";"France";"47.5244745";"6.8263439"
"6312375cee895caa78ade3790335020a3f43337a";"2, Rue de Sochaux, Grand-Charmont, Montbéliard, Doubs, Bourgogne-Franche-Comté, France métropolitaine, 25200, France";"2";"Rue de Sochaux";"";"Montbéliard";"Doubs";"Bourgogne-Franche-Comté";"25200";"France";"47.525877";"6.825215"
"28a9750478e804feb109c6bf0020919c9b1792d6";"1, Rue des Marguerites, Grand-Charmont, Montbéliard, Doubs, Bourgogne-Franche-Comté, France métropolitaine, 25200, France";"1";"Rue des Marguerites";"";"Montbéliard";"Doubs";"Bourgogne-Franche-Comté";"25200";"France";"47.5225148";"6.8214376"
"587cb848fda96c1d9fd054d99242256607b3bfae";"37, Rue des Campenottes, Grand-Charmont, Montbéliard, Doubs, Bourgogne-Franche-Comté, France métropolitaine, 25200, France";"37";"Rue des Campenottes";"";"Montbéliard";"Doubs";"Bourgogne-Franche-Comté";"25200";"France";"47.5203884";"6.8183642"
"03f0fe7ea143a448385733ffbf780000b3cdf353";"25, Rue de Sochaux, Grand-Charmont, Montbéliard, Doubs, Bourgogne-Franche-Comté, France métropolitaine, 25200, France";"25";"Rue de Sochaux";"";"Montbéliard";"Doubs";"Bourgogne-Franche-Comté";"25200";"France";"47.525836";"6.829382"
"2696a285cc39192319a329e227eec8c6ce995d4b";"8, Rue Bellevue, Les Granges-Dessous, Granges-Narboz, Pontarlier, Doubs, Bourgogne-Franche-Comté, France métropolitaine, 25300, France";"8";"Rue Bellevue";"";"Pontarlier";"Doubs";"Bourgogne-Franche-Comté";"25300";"France";"46.8804313";"6.3216134"
"c40a36e2591ab24e4d6b51f4049cde57d9f61279";"Mairie de Granges Narboz, 10, Rue de l'École, Les Granges-l'Église, Granges-Narboz, Pontarlier, Doubs, Bourgogne-Franche-Comté, France métropolitaine, 25300, France";"10";"Rue de l'École";"";"Pontarlier";"Doubs";"Bourgogne-Franche-Comté";"25300";"France";"46.8790085";"6.310256041463408"
"064e691583de0f117809d8ff4edf6d1aefb6f205";"Rue de la Châtenière, Village Haut, Guyans-Vennes, Pontarlier, Doubs, Bourgogne-Franche-Comté, France métropolitaine, 25390, France";"";"Rue de la Châtenière";"";"Pontarlier";"Doubs";"Bourgogne-Franche-Comté";"25390";"France";"47.155065";"6.573647"
"71b46cc97b5041c509824e7e1f60b05274ee3266";"Rue du Vieux Moulin, La Bouloie, Hérimoncourt, Montbéliard, Doubs, Bourgogne-Franche-Comté, France métropolitaine, 25310, France";"";"Rue du Vieux Moulin";"";"Montbéliard";"Doubs";"Bourgogne-Franche-Comté";"25310";"France";"47.4412393";"6.881403"
"8cd4171aa49aaf7df5c04ef577b739544e126719";"12, Grande Rue, Hyémondans, Montbéliard, Doubs, Bourgogne-Franche-Comté, France métropolitaine, 25250, France";"12";"Grande Rue";"";"Montbéliard";"Doubs";"Bourgogne-Franche-Comté";"25250";"France";"47.38783";"6.650279"
"c79422ed9cdc71a4a4f760a2c3c9c694b26989ea";"31, Rue Principale, Hyèvre-Paroisse, Besançon, Doubs, Bourgogne-Franche-Comté, France métropolitaine, 25110, France";"31";"Rue Principale";"";"Besançon";"Doubs";"Bourgogne-Franche-Comté";"25110";"France";"47.370838";"6.430955"
"335d3610251141a84114023a1cf7149db4dc99d1";"5, Rue du Docteur Girard, La Chaux de Gilley, La Chaux, Pontarlier, Doubs, Bourgogne-Franche-Comté, France métropolitaine, 25650, France";"5";"Rue du Docteur Girard";"";"Pontarlier";"Doubs";"Bourgogne-Franche-Comté";"25650";"France";"47.022909";"6.433712"
"8b9bdbd57acfb179f9edbe28b029f8ee3a5fe2e1";"Rue Charles le Téméraire, La Rivière-Drugeon, Pontarlier, Doubs, Bourgogne-Franche-Comté, France métropolitaine, 25560, France";"";"Rue Charles le Téméraire";"";"Pontarlier";"Doubs";"Bourgogne-Franche-Comté";"25560";"France";"46.8669228";"6.2159175"
"a75a3267017b3ca1649a445a24122e1d57304f85";"Vélobar, 2, Grande Rue, Labergement-Sainte-Marie, Pontarlier, Doubs, Bourgogne-Franche-Comté, France métropolitaine, 25160, France";"2";"Grande Rue";"";"Pontarlier";"Doubs";"Bourgogne-Franche-Comté";"25160";"France";"46.7730124";"6.280704"
"e9404a98c9d2306b08f34ed0f477a8c89ba06e82";"38, Grande Rue, Lotissement Les Vignes Gautrod, Laissey, Besançon, Doubs, Bourgogne-Franche-Comté, France métropolitaine, 25820, France";"38";"Grande Rue";"";"Besançon";"Doubs";"Bourgogne-Franche-Comté";"25820";"France";"47.297703";"6.231938"
"757bb8649c199cfbc671dc88f30625b9a90eb464";"Place Dominique Parrenin, Aux Étroits, Le Russey, Pontarlier, Doubs, Bourgogne-Franche-Comté, France métropolitaine, 25210, France";"";"Place Dominique Parrenin";"";"Pontarlier";"Doubs";"Bourgogne-Franche-Comté";"25210";"France";"47.1623863";"6.7288214"
"3eafaaacd6ae8b8c097aa21f61972d6f3a7958a0";"École primaire, 35, Rue Principale, Les Bréseux, Montbéliard, Doubs, Bourgogne-Franche-Comté, France métropolitaine, 25120, France";"35";"Rue Principale";"";"Montbéliard";"Doubs";"Bourgogne-Franche-Comté";"25120";"France";"47.27162";"6.806953962765956"
"8ac8932782fee772d02738b9fd515b9f211c3525";"Office de Tourisme des Fourgs, 36, Grande Rue, Les Fourgs, Pontarlier, Doubs, Bourgogne-Franche-Comté, France métropolitaine, 25300, France";"36";"Grande Rue";"";"Pontarlier";"Doubs";"Bourgogne-Franche-Comté";"25300";"France";"46.8354106";"6.3998509"
"1a4631e0c3b0c33130f581872a1aa10480c262ae";"5, Rue de l'Église, Les Grangettes, Les Creux, Les Grangettes, Pontarlier, Doubs, Bourgogne-Franche-Comté, France métropolitaine, 25160, France";"5";"Rue de l'Église";"";"Pontarlier";"Doubs";"Bourgogne-Franche-Comté";"25160";"France";"46.8274085";"6.3110575"
"643284d8dfe0ff8f489ee2260de53c81e248f172";"Les Gras, 7, Place de la Libération, Les Gras, Pontarlier, Doubs, Bourgogne-Franche-Comté, France métropolitaine, 25790, France";"7";"";"";"Pontarlier";"Doubs";"Bourgogne-Franche-Comté";"25790";"France";"46.9953496";"6.5441713"
"767dca76ffb91a8440340e2bba7ce070c16f7c31";"3, Place de la Mairie, Les Hôpitaux-Neufs, Pontarlier, Doubs, Bourgogne-Franche-Comté, France métropolitaine, 25370, France";"3";"Place de la Mairie";"";"Pontarlier";"Doubs";"Bourgogne-Franche-Comté";"25370";"France";"46.7768119";"6.373978"
"beb5f8ee7294ad88d1e945bf8a20e39a87b0b80c";"Rue du Château, Les Pontets, Pontarlier, Doubs, Bourgogne-Franche-Comté, France métropolitaine, 25240, France";"";"Rue du Château";"";"Pontarlier";"Doubs";"Bourgogne-Franche-Comté";"25240";"France";"46.7193108";"6.171843"
"8961fed429b4ee846305d71993faf629b1d01419";"Route des Fontaines, Les Sillots, Liebvillers, Montbéliard, Doubs, Bourgogne-Franche-Comté, France métropolitaine, 25190, France";"";"Route des Fontaines";"";"Montbéliard";"Doubs";"Bourgogne-Franche-Comté";"25190";"France";"47.3350844";"6.7831948"
"f439eb81d7c36a93d0d01f17c70f091c76199a2c";"20, Grande Rue, Lizine, Besançon, Doubs, Bourgogne-Franche-Comté, France métropolitaine, 25330, France";"20";"Grande Rue";"";"Besançon";"Doubs";"Bourgogne-Franche-Comté";"25330";"France";"47.056054";"5.994682"
"aa92884f4aac810bd231ce694643b9dff11115f8";"47, Rue du Bief Blanc, Longevilles-Mont-d'Or, Pontarlier, Doubs, Bourgogne-Franche-Comté, France métropolitaine, 25370, France";"47";"Rue du Bief Blanc";"";"Pontarlier";"Doubs";"Bourgogne-Franche-Comté";"25370";"France";"46.753756";"6.315091"
"2fca08d1c7edaa5036b703ddd1da96112b15baf0";"29, Rue de l'Étoile, Longevilles Hautes, Longevilles-Mont-d'Or, Pontarlier, Doubs, Bourgogne-Franche-Comté, France métropolitaine, 25370, France";"29";"Rue de l'Étoile";"";"Pontarlier";"Doubs";"Bourgogne-Franche-Comté";"25370";"France";"46.7621329";"6.3269728"
"81ac4f66cc18fd6dd78548e2128d8fe893cb3120";"9, Chemin de la Rasse, Sous le Château, Maîche, Montbéliard, Doubs, Bourgogne-Franche-Comté, France métropolitaine, 25120, France";"9";"Chemin de la Rasse";"";"Montbéliard";"Doubs";"Bourgogne-Franche-Comté";"25120";"France";"47.2561389";"6.7984859"
"5a393531a36c3f3d7325362475caa98185eaa708";"Chemin de la Canissière, Le Jay, Maîche, Montbéliard, Doubs, Bourgogne-Franche-Comté, France métropolitaine, 25120, France";"";"Chemin de la Canissière";"";"Montbéliard";"Doubs";"Bourgogne-Franche-Comté";"25120";"France";"47.2498238";"6.7940157"
"513780c22a0420df67c7d94ad90aef10e64a8765";"67A, Grande Rue, Lièvremont, Maisons-du-Bois-Lièvremont, Pontarlier, Doubs, Bourgogne-Franche-Comté, France métropolitaine, 25650, France";"67A";"Grande Rue";"";"Pontarlier";"Doubs";"Bourgogne-Franche-Comté";"25650";"France";"46.976066";"6.425275"
"ced9a8ffdbd244fe44c91d29dc7eb72cfda47b70";"458, Rue des Charrières, Malpas, Petit Malpas, Malpas, Pontarlier, Doubs, Bourgogne-Franche-Comté, France métropolitaine, 25160, France";"458";"Rue des Charrières";"";"Pontarlier";"Doubs";"Bourgogne-Franche-Comté";"25160";"France";"46.8252547";"6.2869102"
"fde1e0db8ac5abe0ed757c3cf6aba633dad8c24a";"5, Rue Principale, Les Faisses, Mancenans, Montbéliard, Doubs, Bourgogne-Franche-Comté, France métropolitaine, 25250, France";"5";"Rue Principale";"";"Montbéliard";"Doubs";"Bourgogne-Franche-Comté";"25250";"France";"47.453903";"6.541193"
"91981971266d5b45eb9eaf0f75753d840761f1be";"28, Rue de la Libération, Courcelle, Mandeure, Montbéliard, Doubs, Bourgogne-Franche-Comté, France métropolitaine, 25350, France";"28";"Rue de la Libération";"";"Montbéliard";"Doubs";"Bourgogne-Franche-Comté";"25350";"France";"47.450851549999996";"6.809078137778027"
"4f835f96b96a87c883b1b56a3660c05f9def27cd";"Rue du 17 Novembre, Cités du Maroc, Les Essarts Balangier, Mandeure, Montbéliard, Doubs, Bourgogne-Franche-Comté, France métropolitaine, 25350, France";"";"Rue du 17 Novembre";"";"Montbéliard";"Doubs";"Bourgogne-Franche-Comté";"25350";"France";"47.4458605";"6.8268608"
"70fb236c4f2094682715e5511a5233cbe498309e";"Les Montoilles, Mandeure, Montbéliard, Doubs, Bourgogne-Franche-Comté, France métropolitaine, 25350, France";"";"Les Montoilles";"";"Montbéliard";"Doubs";"Bourgogne-Franche-Comté";"25350";"France";"47.4511421";"6.804307"
"288dbf81e33d8d36ec268a9070762ee6c91c17fd";"11B, Rue des Fontaines, Chaudefontaine, Marchaux-Chaudefontaine, Besançon, Doubs, Bourgogne-Franche-Comté, France métropolitaine, 25640, France";"11B";"Rue des Fontaines";"";"Besançon";"Doubs";"Bourgogne-Franche-Comté";"25640";"France";"47.3399685";"6.1607356"
"2cd47f43240ce99ff1a78b7181b6478a922b4b3e";"12, Rue de la Grappe, La Têtotte, Marchaux, Marchaux-Chaudefontaine, Besançon, Doubs, Bourgogne-Franche-Comté, France métropolitaine, 25640, France";"12";"Rue de la Grappe";"";"Besançon";"Doubs";"Bourgogne-Franche-Comté";"25640";"France";"47.31977";"6.12605"
"7e772c97b5d7ee088e3b27cecbf2a6718768c486";"Rue de la Fontaine, Mazerolles-le-Salin, Besançon, Doubs, Bourgogne-Franche-Comté, France métropolitaine, 25170, France";"";"Rue de la Fontaine";"";"Besançon";"Doubs";"Bourgogne-Franche-Comté";"25170";"France";"47.2407993";"5.8701444"
"b0a53b110bb7e81c39b0dd9341cd3cbc87b2d66f";"18, Grande Rue, Aux Fourneaux, Meslières, Montbéliard, Doubs, Bourgogne-Franche-Comté, France métropolitaine, 25310, France";"18";"Grande Rue";"";"Montbéliard";"Doubs";"Bourgogne-Franche-Comté";"25310";"France";"47.41628";"6.889461"
"e6150ede0fb15b0557753ed0c8ec44f0f8f26d23";"24, Rue aux Fourneaux, Aux Fourneaux, Meslières, Montbéliard, Doubs, Bourgogne-Franche-Comté, France métropolitaine, 25310, France";"24";"Rue aux Fourneaux";"";"Montbéliard";"Doubs";"Bourgogne-Franche-Comté";"25310";"France";"47.421909";"6.896292295454542"
"e24958c28cdb832bcc701106447067a5efa70fac";"6, Place Xavier Authier, Métabief, Pontarlier, Doubs, Bourgogne-Franche-Comté, France métropolitaine, 25370, France";"6";"Place Xavier Authier";"";"Pontarlier";"Doubs";"Bourgogne-Franche-Comté";"25370";"France";"46.76881";"6.356462"
"b5a559a4909d0adc46534da5fa0b111811faae9d";"Musée de la meunerie de Métabief, 36, Rue du Village, Métaneige, Métabief, Pontarlier, Doubs, Bourgogne-Franche-Comté, France métropolitaine, 25370, France";"36";"Rue du Village";"";"Pontarlier";"Doubs";"Bourgogne-Franche-Comté";"25370";"France";"46.7746367";"6.34634"
"5050958a045d9013216dce210f15a602715cc30f";"Allée des Fougères, Métabief, Pontarlier, Doubs, Bourgogne-Franche-Comté, France métropolitaine, 25370, France";"";"Allée des Fougères";"";"Pontarlier";"Doubs";"Bourgogne-Franche-Comté";"25370";"France";"46.7656985";"6.339953"
"582db7412ab5e70163b82144106766e26ed437d2";"Allée du Tertre, Altic, Métabief, Pontarlier, Doubs, Bourgogne-Franche-Comté, France métropolitaine, 25370, France";"";"Allée du Tertre";"";"Pontarlier";"Doubs";"Bourgogne-Franche-Comté";"25370";"France";"46.7694752";"6.3501379"
"9c9b154698788d4e27912338f6086ec872611de4";"15, Rue du 9 Septembre, Miserey-Salines, Besançon, Doubs, Bourgogne-Franche-Comté, France métropolitaine, 25480, France";"15";"Rue du 9 Septembre";"";"Besançon";"Doubs";"Bourgogne-Franche-Comté";"25480";"France";"47.28492";"5.969316"
"f806118513866cfb6f635eb7088c80de5137b74f";"2, Rue de l'Épine, Miserey-Salines, Besançon, Doubs, Bourgogne-Franche-Comté, France métropolitaine, 25480, France";"2";"Rue de l'Épine";"";"Besançon";"Doubs";"Bourgogne-Franche-Comté";"25480";"France";"47.28052";"5.976242"
"9ac3cae4bf6d82843f713ab1609f00b4ad22634e";"8, Rue du Chêne, Les Epinottes, Mont-de-Laval, Pontarlier, Doubs, Bourgogne-Franche-Comté, France métropolitaine, 25210, France";"8";"Rue du Chêne";"";"Pontarlier";"Doubs";"Bourgogne-Franche-Comté";"25210";"France";"47.1700615";"6.6274519"
"f1e55274f62ab6837e89a08fe2e7daa743709ac8";"Biocoop, 6, Cour des Halles, Centre Ville, Montbéliard, Doubs, Bourgogne-Franche-Comté, France métropolitaine, 25200, France";"6";"Cour des Halles";"Montbéliard";"Montbéliard";"Doubs";"Bourgogne-Franche-Comté";"25200";"France";"47.5095141";"6.7945935"
"065cfd9a82c392e0eb305e30f34d34e9d70d9bbc";"Rue Principale, Le Crautot, Montbéliardot, Pontarlier, Doubs, Bourgogne-Franche-Comté, France métropolitaine, 25210, France";"";"Rue Principale";"";"Pontarlier";"Doubs";"Bourgogne-Franche-Comté";"25210";"France";"47.1748991";"6.6543536"
"4fac3a6ebeb9274297f8ccc4383f945577d3253b";"9, Rue du Val Saugeais, Montbenoît, Pontarlier, Doubs, Bourgogne-Franche-Comté, France métropolitaine, 25650, France";"9";"Rue du Val Saugeais";"";"Pontarlier";"Doubs";"Bourgogne-Franche-Comté";"25650";"France";"46.992257";"6.462521"
"3b29b495dbddcef70b6d91ff3d070251383bf5de";"Lotissement Le Champ de la Chapelle, Montbenoît, Pontarlier, Doubs, Bourgogne-Franche-Comté, France métropolitaine, 25650, France";"";"Lotissement Le Champ de la Chapelle";"";"Pontarlier";"Doubs";"Bourgogne-Franche-Comté";"25650";"France";"46.995049";"6.4656083"
"9540b8ea9e4c476a87a661d4cf1f8798c9b12497";"Rue de Sainte-Marie, Montenois, Montbéliard, Doubs, Bourgogne-Franche-Comté, France métropolitaine, 25260, France";"";"Rue de Sainte-Marie";"";"Montbéliard";"Doubs";"Bourgogne-Franche-Comté";"25260";"France";"47.4892493";"6.6669347"
"da68c21c049ab36882eee7223d6e4c98447823f1";"2, Rue de la Comtesse Henriette, Montfaucon, Les Fours à Chaux, Montfaucon, Besançon, Doubs, Bourgogne-Franche-Comté, France métropolitaine, 25660, France";"2";"Rue de la Comtesse Henriette";"";"Besançon";"Doubs";"Bourgogne-Franche-Comté";"25660";"France";"47.2341647";"6.0770154"
"a2b297d72b6530f61ee7f79f3934aee771ebdf6f";"2, Rue du Chenassard, Les Jachères, Montferrand-le-Château, Besançon, Doubs, Bourgogne-Franche-Comté, France métropolitaine, 25320, France";"2";"Rue du Chenassard";"";"Besançon";"Doubs";"Bourgogne-Franche-Comté";"25320";"France";"47.183616";"5.908552"
"ce71f6d2ccfb42b5607c44f6c2f9dfce5d4a4e78";"Rue de Besançon, Lotissement La Pépinière, La Marne, Montferrand-le-Château, Besançon, Doubs, Bourgogne-Franche-Comté, France métropolitaine, 25320, France";"";"Rue de Besançon";"";"Besançon";"Doubs";"Bourgogne-Franche-Comté";"25320";"France";"47.1928963";"5.9173206"
"ce71f6d2ccfb42b5607c44f6c2f9dfce5d4a4e78";"Rue de Besançon, Lotissement La Pépinière, La Marne, Montferrand-le-Château, Besançon, Doubs, Bourgogne-Franche-Comté, France métropolitaine, 25320, France";"";"Rue de Besançon";"";"Besançon";"Doubs";"Bourgogne-Franche-Comté";"25320";"France";"47.1928963";"5.9173206"
"cf7488f1df8707b642bdba13a54ad088498346ad";"4, Rue Principale, Montjoie-le-Château, Montbéliard, Doubs, Bourgogne-Franche-Comté, France métropolitaine, 25190, France";"4";"Rue Principale";"";"Montbéliard";"Doubs";"Bourgogne-Franche-Comté";"25190";"France";"47.3495";"6.902318"
"89d386e3f135f1c2823026d12541ab0ac38f9d1c";"Rue du Président Edgar Faure, Chaudron, Montperreux, Pontarlier, Doubs, Bourgogne-Franche-Comté, France métropolitaine, 25160, France";"";"Rue du Président Edgar Faure";"";"Pontarlier";"Doubs";"Bourgogne-Franche-Comté";"25160";"France";"46.8185458";"6.328306"
"94ec77b9d8f007db1c84f4d6e0326fe6ef85189b";"Rue de la Mairie, Montrond-le-Château, Besançon, Doubs, Bourgogne-Franche-Comté, France métropolitaine, 25660, France";"";"Rue de la Mairie";"";"Besançon";"Doubs";"Bourgogne-Franche-Comté";"25660";"France";"47.1429237";"6.0446486"
"eb20d0d191b7394659ec71b4ea16b27b50c561e0";"11, Place de la Halle, La Louhière, Morteau, Pontarlier, Doubs, Bourgogne-Franche-Comté, France métropolitaine, 25500, France";"11";"Place de la Halle";"Morteau";"Pontarlier";"Doubs";"Bourgogne-Franche-Comté";"25500";"France";"47.0565853";"6.6032811"
"4b4397a6c95c41b1f35450909b78a0545d07c487";"Route des Gorges de Nouailles, Mouthier-Haute-Pierre, Besançon, Doubs, Bourgogne-Franche-Comté, France métropolitaine, 25920, France";"";"Route des Gorges de Nouailles";"";"Besançon";"Doubs";"Bourgogne-Franche-Comté";"25920";"France";"47.0396737";"6.2783037"
"bc0e46ccba1349a08487f65b81492a942460f186";"Laiterie de Lizon, 9, Grande Rue, Verger communal, Nans-sous-Sainte-Anne, Besançon, Doubs, Bourgogne-Franche-Comté, France métropolitaine, 25330, France";"9";"Grande Rue";"";"Besançon";"Doubs";"Bourgogne-Franche-Comté";"25330";"France";"46.9765148";"5.9995173"
"15b4aceb2510087e5447e71e744ab650312d36a8";"Rue de la Mairie, Neuchâtel-Urtière, Montbéliard, Doubs, Bourgogne-Franche-Comté, France métropolitaine, 25150, France";"";"Rue de la Mairie";"";"Montbéliard";"Doubs";"Bourgogne-Franche-Comté";"25150";"France";"47.3744117";"6.7308761"
"8acec1ef5d1931ed18c749ae8c696395e7414d5d";"2, Rue de l'Étang, Noël-Cerneux, Pontarlier, Doubs, Bourgogne-Franche-Comté, France métropolitaine, 25500, France";"2";"Rue de l'Étang";"";"Pontarlier";"Doubs";"Bourgogne-Franche-Comté";"25500";"France";"47.102318";"6.662078800792306"
"425e38224ea5ff7755da5fd55d37f8b06be8b525";"Place du 8 Mai 1945, Novillars, Besançon, Doubs, Bourgogne-Franche-Comté, France métropolitaine, 25220, France";"";"Place du 8 Mai 1945";"";"Besançon";"Doubs";"Bourgogne-Franche-Comté";"25220";"France";"47.285617";"6.134452880384204"
"2c891e88a23a515f7a6d259a07389b9b628a7f18";"3, Place Saint-Pierre, Orchamps-Vennes, Pontarlier, Doubs, Bourgogne-Franche-Comté, France métropolitaine, 25390, France";"3";"Place Saint-Pierre";"";"Pontarlier";"Doubs";"Bourgogne-Franche-Comté";"25390";"France";"47.1301585";"6.5238735000000005"
"ed3e36c009e328b2b64cbf8de2bb717f9da0bdd5";"7, Place de l'Houtaud, Ougney La Roche, Douvot, Ougney-Douvot, Besançon, Doubs, Bourgogne-Franche-Comté, France métropolitaine, 25640, France";"7";"Place de l'Houtaud";"";"Besançon";"Doubs";"Bourgogne-Franche-Comté";"25640";"France";"47.312083";"6.259158"
"7b304e4020f36be9e855d98c83c2b45c4d3c6c91";"9, Rue du Pont, Douvot, Ougney-Douvot, Besançon, Doubs, Bourgogne-Franche-Comté, France métropolitaine, 25640, France";"9";"Rue du Pont";"";"Besançon";"Doubs";"Bourgogne-Franche-Comté";"25640";"France";"47.322699";"6.277663"
"5f1db33429976ea659b210f95118a68fd8140b28";"Route des Ganaches, Ouvans, Pontarlier, Doubs, Bourgogne-Franche-Comté, France métropolitaine, 25530, France";"";"Route des Ganaches";"";"Pontarlier";"Doubs";"Bourgogne-Franche-Comté";"25530";"France";"47.2756716";"6.481817"
"276a9a24258be0c791c077c74ae28fe68aff0fd6";"Rue des Écoles, Oye-et-Pallet, Pontarlier, Doubs, Bourgogne-Franche-Comté, France métropolitaine, 25160, France";"";"Rue des Écoles";"";"Pontarlier";"Doubs";"Bourgogne-Franche-Comté";"25160";"France";"46.8547045";"6.3302959"
"bf4eaed810fc2fb605612cad56fe45fddf827aaa";"Rue du Général Herr, Pont-de-Roide, Pont-de-Roide-Vermondans, Montbéliard, Doubs, Bourgogne-Franche-Comté, France métropolitaine, 25150, France";"";"Rue du Général Herr";"";"Montbéliard";"Doubs";"Bourgogne-Franche-Comté";"25150";"France";"47.3847222";"6.7736982"
"db417e6cc0879485a7d207248ba809b76fd159de";"Rue de Montbéliard, Pont-de-Roide, Pont-de-Roide-Vermondans, Montbéliard, Doubs, Bourgogne-Franche-Comté, France métropolitaine, 25150, France";"";"Rue de Montbéliard";"";"Montbéliard";"Doubs";"Bourgogne-Franche-Comté";"25150";"France";"47.3840831";"6.7712605"
"8062f5929a0d4622e751f4eef67383ab4369a615";"Grande Rue, Vermondans, Pont-de-Roide, Pont-de-Roide-Vermondans, Montbéliard, Doubs, Bourgogne-Franche-Comté, France métropolitaine, 25150, France";"";"Grande Rue";"";"Montbéliard";"Doubs";"Bourgogne-Franche-Comté";"25150";"France";"47.3907684";"6.7500035"
"90f10ae8ba219de06d9cbed3c8adb0042dc5a03c";"5, Grande Rue, Châtel, Pont-les-Moulins, Besançon, Doubs, Bourgogne-Franche-Comté, France métropolitaine, 25110, France";"5";"Grande Rue";"";"Besançon";"Doubs";"Bourgogne-Franche-Comté";"25110";"France";"47.323567";"6.3628"
"a869cfa9bf2f59fc7771e24298e8a00341f783d7";"13, Rue du Docteur Grenier, Les Épinettes, Stand-Chirvaux-Gare, Pontarlier, Doubs, Bourgogne-Franche-Comté, France métropolitaine, 25300, France";"13";"Rue du Docteur Grenier";"Pontarlier";"Pontarlier";"Doubs";"Bourgogne-Franche-Comté";"25300";"France";"46.9021279";"6.3509881"
"7a25b3cadd60a9829533cac732fb97a2b31c8193";"Route des Grandes Vignes, Lusans, Pouligney-Lusans, Besançon, Doubs, Bourgogne-Franche-Comté, France métropolitaine, 25640, France";"";"Route des Grandes Vignes";"";"Besançon";"Doubs";"Bourgogne-Franche-Comté";"25640";"France";"47.353175";"6.2055139"
"827af451bd8b3e6888137c0448c213d71f007927";"Grande Rue, Pouligney, Pouligney-Lusans, Besançon, Doubs, Bourgogne-Franche-Comté, France métropolitaine, 25640, France";"";"Grande Rue";"";"Besançon";"Doubs";"Bourgogne-Franche-Comté";"25640";"France";"47.3287572";"6.2050407"
"2e2cbd44d8ef58982261a91dfac9d67a75966f1e";"Rue Principale, Rancenay, Besançon, Doubs, Bourgogne-Franche-Comté, France métropolitaine, 25320, France";"";"Rue Principale";"";"Besançon";"Doubs";"Bourgogne-Franche-Comté";"25320";"France";"47.1830458";"5.9471878"
"4c816c4816e804b33d674987b8d13cc28be0a936";"5, Rue de la Mairie, Rang, Montbéliard, Doubs, Bourgogne-Franche-Comté, France métropolitaine, 25250, France";"5";"Rue de la Mairie";"";"Montbéliard";"Doubs";"Bourgogne-Franche-Comté";"25250";"France";"47.425493";"6.56158"
"c7d4042bceb57ed1f8b14a330686a853e6b7bf9c";"Rue de la Mairie, Rémondans, Rémondans-Vaivre, Montbéliard, Doubs, Bourgogne-Franche-Comté, France métropolitaine, 25150, France";"";"Rue de la Mairie";"";"Montbéliard";"Doubs";"Bourgogne-Franche-Comté";"25150";"France";"47.3753871";"6.7138531"
"f9d0608bdf36d12348869079c3f33f0f2fb59f6e";"Place de la Mairie, Remoray-Boujeons, Remoray, Remoray-Boujeons, Pontarlier, Doubs, Bourgogne-Franche-Comté, France métropolitaine, 25160, France";"";"Place de la Mairie";"";"Pontarlier";"Doubs";"Bourgogne-Franche-Comté";"25160";"France";"46.7685299";"6.2390193"
"9b6294dd7a1ad97a604ac89d571d5ed490997e57";"2, Route du Crêt, Boujeons, Remoray-Boujeons, Pontarlier, Doubs, Bourgogne-Franche-Comté, France métropolitaine, 25240, France";"2";"Route du Crêt";"";"Pontarlier";"Doubs";"Bourgogne-Franche-Comté";"25240";"France";"46.7505284";"6.2047533"
"197be4c292d96fd8d8b5de478590d7c1c8defb89";"Place du Village, Rennes-sur-Loue, Besançon, Doubs, Bourgogne-Franche-Comté, France métropolitaine, 25440, France";"";"Place du Village";"";"Besançon";"Doubs";"Bourgogne-Franche-Comté";"25440";"France";"47.0121731";"5.8527103"
"f5502a12dbb2fb5c2a608744eb084e20b581d79a";"Place du Marché, Lotissement Les Prés Venets, Rougemont, Besançon, Doubs, Bourgogne-Franche-Comté, France métropolitaine, 25680, France";"";"Place du Marché";"";"Besançon";"Doubs";"Bourgogne-Franche-Comté";"25680";"France";"47.4800425";"6.3547071"
"2d092c770b2d11e4bc18e0cb23b67211078d3fe7";"33, Grande Rue, Petit Roulans, Roulans, Besançon, Doubs, Bourgogne-Franche-Comté, France métropolitaine, 25640, France";"33";"Grande Rue";"";"Besançon";"Doubs";"Bourgogne-Franche-Comté";"25640";"France";"47.316775";"6.233932"
"1159eae2405ec4c5fe58b1bfaa3442d853b2e40b";"Chemin du Pré Lessus, Saint-Julien les Russey Village Haut, Saint-Julien-lès-Russey, Pontarlier, Doubs, Bourgogne-Franche-Comté, France métropolitaine, 25210, France";"";"Chemin du Pré Lessus";"";"Pontarlier";"Doubs";"Bourgogne-Franche-Comté";"25210";"France";"47.2127568";"6.7251803"
"a0ea2bb9f7a8991cf04de9e21cae398f9ceca427";"2, Place de la Mairie, Saint-Vit, Besançon, Doubs, Bourgogne-Franche-Comté, France métropolitaine, 25410, France";"2";"Place de la Mairie";"";"Besançon";"Doubs";"Bourgogne-Franche-Comté";"25410";"France";"47.18096";"5.809625"
"2ca2650ec12523dfe9888f45177a442427d60394";"Grande Rue, Ferme sous la Chapelle, Sainte-Colombe, Pontarlier, Doubs, Bourgogne-Franche-Comté, France métropolitaine, 25300, France";"";"Grande Rue";"";"Pontarlier";"Doubs";"Bourgogne-Franche-Comté";"25300";"France";"46.8775117";"6.2722532"
"55f2b2fc2db22519deb19ba9333ae2a6356d32df";"Route de Clerval, Sancey-le-Long, Sancey, Montbéliard, Doubs, Bourgogne-Franche-Comté, France métropolitaine, 25430, France";"";"Route de Clerval";"";"Montbéliard";"Doubs";"Bourgogne-Franche-Comté";"25430";"France";"47.3052127";"6.5942927"
"8f4f9624f1c405061d4dad8f1584e5aa0e06b6bb";"Chemin des Esseux, Sarrageois, Pontarlier, Doubs, Bourgogne-Franche-Comté, France métropolitaine, 25240, France";"";"Chemin des Esseux";"";"Pontarlier";"Doubs";"Bourgogne-Franche-Comté";"25240";"France";"46.7272729";"6.2171594"
"62ce5979f4ec9837014da3fd8d10ae7295f4d466";"Rue de la Mairie, Séchin, Besançon, Doubs, Bourgogne-Franche-Comté, France métropolitaine, 25110, France";"";"Rue de la Mairie";"";"Besançon";"Doubs";"Bourgogne-Franche-Comté";"25110";"France";"47.3379821";"6.2841498"
"5f8094ab656b49e31d9803b98654906cc9c26ff2";"Place de la Fontaine, Les Trois Villages, Semondans, Montbéliard, Doubs, Bourgogne-Franche-Comté, France métropolitaine, 25750, France";"";"Place de la Fontaine";"";"Montbéliard";"Doubs";"Bourgogne-Franche-Comté";"25750";"France";"47.5431339";"6.6943385"
"b33c4212ef65f6bc4fad6ec4d27388c0b64f3af8";"Rue de la Poste, Sochaux, Montbéliard, Doubs, Bourgogne-Franche-Comté, France métropolitaine, 25600, France";"";"Rue de la Poste";"";"Montbéliard";"Doubs";"Bourgogne-Franche-Comté";"25600";"France";"47.5132981";"6.8311629"
"c00a2b45d80766df4ab6a212af5432f2d9ae4bc7";"4, Rue de Maltrou, Sombacour, Val-d'Usiers, Pontarlier, Doubs, Bourgogne-Franche-Comté, France métropolitaine, 25520, France";"4";"Rue de Maltrou";"";"Pontarlier";"Doubs";"Bourgogne-Franche-Comté";"25520";"France";"46.9519529";"6.2585509"
"b36937ff8e58fe0a0c371b523031320b58e65567";"Chemin de Pommey, Lotissement Le Verger, Tallenay, Besançon, Doubs, Bourgogne-Franche-Comté, France métropolitaine, 25870, France";"";"Chemin de Pommey";"";"Besançon";"Doubs";"Bourgogne-Franche-Comté";"25870";"France";"47.3049641";"6.0243943"
"8373cdd8273d68230dff3cfeb3d6ecf29b15a408";"Rue du Fiètre, Lotissement Le Pralot, Foucherans, Tarcenay-Foucherans, Besançon, Doubs, Bourgogne-Franche-Comté, France métropolitaine, 25620, France";"";"Rue du Fiètre";"";"Besançon";"Doubs";"Bourgogne-Franche-Comté";"25620";"France";"47.1546388";"6.1347965"
"21c3450c3dbdd33662b966d14fcedb63a77d2072";"Rue de Besançon, Thise, Besançon, Doubs, Bourgogne-Franche-Comté, France métropolitaine, 25220, France";"";"Rue de Besançon";"";"Besançon";"Doubs";"Bourgogne-Franche-Comté";"25220";"France";"47.2817009";"6.0753024"
"21c3450c3dbdd33662b966d14fcedb63a77d2072";"Rue de Besançon, Thise, Besançon, Doubs, Bourgogne-Franche-Comté, France métropolitaine, 25220, France";"";"Rue de Besançon";"";"Besançon";"Doubs";"Bourgogne-Franche-Comté";"25220";"France";"47.2817009";"6.0753024"
"af5d8c07ec2442c0493bfdbc1eac48aa5094d928";"10, Rue du Champ d'Ombre, Thoraise, Besançon, Doubs, Bourgogne-Franche-Comté, France métropolitaine, 25320, France";"10";"Rue du Champ d'Ombre";"";"Besançon";"Doubs";"Bourgogne-Franche-Comté";"25320";"France";"47.170505";"5.906101"
"d2680dd015034642ccd08ba4516de6791b959bbd";"4, Rue des Courts Champs, Thulay, Montbéliard, Doubs, Bourgogne-Franche-Comté, France métropolitaine, 25310, France";"4";"Rue des Courts Champs";"";"Montbéliard";"Doubs";"Bourgogne-Franche-Comté";"25310";"France";"47.423679";"6.861884"
"e5831f7fc04bbb3fa75029f61422837c905f9ed9";"Rue sous les Clos, Le Loutelet, Le Touillon, Touillon-et-Loutelet, Pontarlier, Doubs, Bourgogne-Franche-Comté, France métropolitaine, 25370, France";"";"Rue sous les Clos";"";"Pontarlier";"Doubs";"Bourgogne-Franche-Comté";"25370";"France";"46.7912514";"6.3508924"
"bec67ead469bd511013cbabfc842ce182e18e68a";"Place Émile Peugeot, Valentigney, Montbéliard, Doubs, Bourgogne-Franche-Comté, France métropolitaine, 25700, France";"";"Place Émile Peugeot";"Valentigney";"Montbéliard";"Doubs";"Bourgogne-Franche-Comté";"25700";"France";"47.4610695";"6.8372015"
"e0bb513e8ddc2d89507b142dffa7710a3dd0e0fa";"Rue de la Novie Prolongée, Valentigney, Montbéliard, Doubs, Bourgogne-Franche-Comté, France métropolitaine, 25700, France";"";"Rue de la Novie Prolongée";"Valentigney";"Montbéliard";"Doubs";"Bourgogne-Franche-Comté";"25700";"France";"47.4831803";"6.8287145"
"283cffaa4b4c3574daf9fa19194d3f343f9f2301";"6, Rue de l'Ancien Abreuvoir, Valleroy, Besançon, Doubs, Bourgogne-Franche-Comté, France métropolitaine, 25870, France";"6";"Rue de l'Ancien Abreuvoir";"";"Besançon";"Doubs";"Bourgogne-Franche-Comté";"25870";"France";"47.386964";"6.117022"
"1970fa4eac3c9987fda64c09b620ed607ed042cf";"12, Rue Principale, VALOREILLE, Valoreille, Montbéliard, Doubs, Bourgogne-Franche-Comté, France métropolitaine, 25190, France";"12";"Rue Principale";"";"Montbéliard";"Doubs";"Bourgogne-Franche-Comté";"25190";"France";"47.3009056";"6.7494761"
"1970fa4eac3c9987fda64c09b620ed607ed042cf";"12, Rue Principale, VALOREILLE, Valoreille, Montbéliard, Doubs, Bourgogne-Franche-Comté, France métropolitaine, 25190, France";"12";"Rue Principale";"";"Montbéliard";"Doubs";"Bourgogne-Franche-Comté";"25190";"France";"47.3009056";"6.7494761"
"e15a8cd1cef8aab11ba1a814408bed9097117780";"Rue de Saint-André, Vernierfontaine, Pontarlier, Doubs, Bourgogne-Franche-Comté, France métropolitaine, 25580, France";"";"Rue de Saint-André";"";"Pontarlier";"Doubs";"Bourgogne-Franche-Comté";"25580";"France";"47.1053253";"6.3005592"
"1c868a5c95c678c7b2abf44a150665d83a407d02";"1, Place de la Mairie, Villars-lès-Blamont, Montbéliard, Doubs, Bourgogne-Franche-Comté, France métropolitaine, 25310, France";"1";"Place de la Mairie";"";"Montbéliard";"Doubs";"Bourgogne-Franche-Comté";"25310";"France";"47.37299";"6.872379"
"ff78bddf55033eb3db03cb85e6bdcd9461fce362";"2A, Rue de Dampjoux, Villars-sous-Dampjoux, Montbéliard, Doubs, Bourgogne-Franche-Comté, France métropolitaine, 25190, France";"2A";"Rue de Dampjoux";"";"Montbéliard";"Doubs";"Bourgogne-Franche-Comté";"25190";"France";"47.348249";"6.757088"
"12df7f8531dc91c02543954a13e7bf9d50dd0dc1";"6, Rue du Joly Bois, Villars-sous-Écot, Montbéliard, Doubs, Bourgogne-Franche-Comté, France métropolitaine, 25150, France";"6";"Rue du Joly Bois";"";"Montbéliard";"Doubs";"Bourgogne-Franche-Comté";"25150";"France";"47.422932";"6.697467"
"8fe51c307695b6524df5b4d3ea90165326d2a8cd";"2, Place de la Mairie, Villeneuve-d'Amont, Pontarlier, Doubs, Bourgogne-Franche-Comté, France métropolitaine, 25270, France";"2";"Place de la Mairie";"";"Pontarlier";"Doubs";"Bourgogne-Franche-Comté";"25270";"France";"46.939039";"6.029881"
"4758f32b96b1f06ad14882386bad0a3ecb76352e";"3, Rue du Musée, Les Combottes, Villers-le-Lac, Pontarlier, Doubs, Bourgogne-Franche-Comté, France métropolitaine, 25130, France";"3";"Rue du Musée";"";"Pontarlier";"Doubs";"Bourgogne-Franche-Comté";"25130";"France";"47.0581746";"6.6696882"
"2efde3dcdd1cd516aed05b9db1b5ece6dc0f8fc5";"Route de la Cloison, La Courpée, Villers-le-Lac, Pontarlier, Doubs, Bourgogne-Franche-Comté, France métropolitaine, 25130, France";"";"Route de la Cloison";"";"Pontarlier";"Doubs";"Bourgogne-Franche-Comté";"25130";"France";"47.0730922";"6.6732462"
"ef918ee2489822cd6b58d42421407ececf4a64da";"Chaillexon, Les Pargots, Villers-le-Lac, Pontarlier, Doubs, Bourgogne-Franche-Comté, France métropolitaine, 25130, France";"";"";"";"Pontarlier";"Doubs";"Bourgogne-Franche-Comté";"25130";"France";"47.0691664";"6.690014567733533"
"4dbae9dd356faa4508903d67650deccab6a8979d";"Le Chauffaud, Villers-le-Lac, Pontarlier, Doubs, Bourgogne-Franche-Comté, France métropolitaine, 25130, France";"";"";"";"Pontarlier";"Doubs";"Bourgogne-Franche-Comté";"25130";"France";"47.0455991";"6.7036608"
"2401ab2795c2a0b3b3c8cedf0010b0f6c1367b3c";"Rue de l'Île, Les Bassots, Villers-le-Lac, Pontarlier, Doubs, Bourgogne-Franche-Comté, France métropolitaine, 25130, France";"";"Rue de l'Île";"";"Pontarlier";"Doubs";"Bourgogne-Franche-Comté";"25130";"France";"47.0595359";"6.6852853"
"93b6f00f07981abf0bc048ddfa5f9b07a366efc1";"4, Place Marlin, Voillans, Besançon, Doubs, Bourgogne-Franche-Comté, France métropolitaine, 25110, France";"4";"Place Marlin";"";"Besançon";"Doubs";"Bourgogne-Franche-Comté";"25110";"France";"47.386884";"6.412194"
"ddfe9a11e1055dbfe7a9ca0b29c90d8eda54c380";"Grande Rue, Lotissement Aux Champs de la Croix, Vorges-les-Pins, Besançon, Doubs, Bourgogne-Franche-Comté, France métropolitaine, 25320, France";"";"Grande Rue";"";"Besançon";"Doubs";"Bourgogne-Franche-Comté";"25320";"France";"47.1593057";"5.9302789"
"4be46443d195e90da06c8893980b9b463b29489c";"Rue des Écoles, Lotissement Aux Champs de la Croix, Vorges-les-Pins, Besançon, Doubs, Bourgogne-Franche-Comté, France métropolitaine, 25320, France";"";"Rue des Écoles";"";"Besançon";"Doubs";"Bourgogne-Franche-Comté";"25320";"France";"47.1595235";"5.9283636"
"ee496acd28e7b39aa81675252bac3104efe206df";"5, Rue de Dampierre, Voujeaucourt, Montbéliard, Doubs, Bourgogne-Franche-Comté, France métropolitaine, 25420, France";"5";"Rue de Dampierre";"";"Montbéliard";"Doubs";"Bourgogne-Franche-Comté";"25420";"France";"47.474581";"6.764307"
"8f8d9b551b903ffe973d7330b49467e44a80930b";"Rue de l'Écluse, Voujeaucourt, Montbéliard, Doubs, Bourgogne-Franche-Comté, France métropolitaine, 25420, France";"";"Rue de l'Écluse";"";"Montbéliard";"Doubs";"Bourgogne-Franche-Comté";"25420";"France";"47.4813178";"6.7775523"
"5e759376d8450780a1778c67aed288d857f1e698";"Route de Besançon, Vuillafans, Besançon, Doubs, Bourgogne-Franche-Comté, France métropolitaine, 25840, France";"";"Route de Besançon";"";"Besançon";"Doubs";"Bourgogne-Franche-Comté";"25840";"France";"47.071874";"6.2078904"
"5e759376d8450780a1778c67aed288d857f1e698";"Route de Besançon, Vuillafans, Besançon, Doubs, Bourgogne-Franche-Comté, France métropolitaine, 25840, France";"";"Route de Besançon";"";"Besançon";"Doubs";"Bourgogne-Franche-Comté";"25840";"France";"47.071874";"6.2078904"
"2d0630aa6d084ae7e22e764cc0ebdf5389dc6899";"6, Grande Rue, Vyt-lès-Belvoir, Montbéliard, Doubs, Bourgogne-Franche-Comté, France métropolitaine, 25430, France";"6";"Grande Rue";"";"Montbéliard";"Doubs";"Bourgogne-Franche-Comté";"25430";"France";"47.348107";"6.622017"
