"00e1427d27f5ee0f24d156a903f93cb798190351";"2, Rue d'Amont, Ancey, Dijon, Côte-d'Or, Bourgogne-Franche-Comté, France métropolitaine, 21410, France";"2";"Rue d'Amont";"";"Dijon";"Côte-d'Or";"Bourgogne-Franche-Comté";"21410";"France";"47.3295115";"4.8263125"
"e86a377cde1747167afa0a2faf57ee1ac0428d36";"Grande Rue de l'Église, Aubigny-lès-Sombernon, Dijon, Côte-d'Or, Bourgogne-Franche-Comté, France métropolitaine, 21540, France";"";"Grande Rue de l'Église";"";"Dijon";"Côte-d'Or";"Bourgogne-Franche-Comté";"21540";"France";"47.3048961";"4.6436673"
"243b18960cadfc5479ac9aa02b914995098e51bf";"Place d'Armes, Auxonne, Dijon, Côte-d'Or, Bourgogne-Franche-Comté, France métropolitaine, 21130, France";"";"Place d'Armes";"";"Dijon";"Côte-d'Or";"Bourgogne-Franche-Comté";"21130";"France";"47.193591";"5.3880133"
"af77a458056c9f6cbc8b74ff8a70bfe7c133ca8d";"Rue de Bellevue, Résidence du Lac, Beaune, Côte-d'Or, Bourgogne-Franche-Comté, France métropolitaine, 21200, France";"";"Rue de Bellevue";"Beaune";"Beaune";"Côte-d'Or";"Bourgogne-Franche-Comté";"21200";"France";"47.0209913";"4.8482776"
"8d60d1599a039dc42647381ba8e5f27025ab1288";"2, Rue des Vignes Rouges, Curtil, Bligny-lès-Beaune, Beaune, Côte-d'Or, Bourgogne-Franche-Comté, France métropolitaine, 21200, France";"2";"Rue des Vignes Rouges";"";"Beaune";"Côte-d'Or";"Bourgogne-Franche-Comté";"21200";"France";"46.9873156";"4.8254842"
"f2899f784aa4d687b4dec1f64d741f83540ffa3d";"37, Avenue de la République, Chevigny-Saint-Sauveur, Dijon, Côte-d'Or, Bourgogne-Franche-Comté, France métropolitaine, 21800, France";"37";"Avenue de la République";"Chevigny-Saint-Sauveur";"Dijon";"Côte-d'Or";"Bourgogne-Franche-Comté";"21800";"France";"47.298913";"5.1349202"
"e6596dbd5bbc2539364c06ba1441481edf979fe5";"42, Avenue Saint-Exupéry, Chevigny-Saint-Sauveur, Dijon, Côte-d'Or, Bourgogne-Franche-Comté, France métropolitaine, 21800, France";"42";"Avenue Saint-Exupéry";"Chevigny-Saint-Sauveur";"Dijon";"Côte-d'Or";"Bourgogne-Franche-Comté";"21800";"France";"47.3042153";"5.1325429"
"2ea6ae0802caf1c62a4b0e15264cf22eda522227";"Grande Rue, Clénay, Dijon, Côte-d'Or, Bourgogne-Franche-Comté, France métropolitaine, 21490, France";"";"Grande Rue";"";"Dijon";"Côte-d'Or";"Bourgogne-Franche-Comté";"21490";"France";"47.4032177";"5.1198006"
"e52555b270d2265a55731780443211f38b4f0a21";"Rue de la Bouzaize, Combertault, Beaune, Côte-d'Or, Bourgogne-Franche-Comté, France métropolitaine, 21200, France";"";"Rue de la Bouzaize";"";"Beaune";"Côte-d'Or";"Bourgogne-Franche-Comté";"21200";"France";"46.9921958";"4.8991485"
"c9aa71bbd3b5b17d060436fe5ef33baf9c9f7c8f";"Place du Lavoir, Commarin, Beaune, Côte-d'Or, Bourgogne-Franche-Comté, France métropolitaine, 21320, France";"";"Place du Lavoir";"";"Beaune";"Côte-d'Or";"Bourgogne-Franche-Comté";"21320";"France";"47.256915";"4.6488288"
"fa03fd58713a17bcaf7eac451f1e79a5801c411a";"Place de l'Église, Le Village, Corcelles-les-Monts, Dijon, Côte-d'Or, Bourgogne-Franche-Comté, France métropolitaine, 21160, France";"";"Place de l'Église";"";"Dijon";"Côte-d'Or";"Bourgogne-Franche-Comté";"21160";"France";"47.2953236";"4.9401888"
"204f6c1ae1c3fc9fbc6d36e42a7395ced149e0b8";"Grande Rue, Curtil-Saint-Seine, Dijon, Côte-d'Or, Bourgogne-Franche-Comté, France métropolitaine, 21380, France";"";"Grande Rue";"";"Dijon";"Côte-d'Or";"Bourgogne-Franche-Comté";"21380";"France";"47.4493207";"4.9272427"
"df35dc395c1dc5d364c58aef5e603bb9eba1112b";"1, Rue Eugène Bataillon, Les Roussottes, Les Valendons, Dijon, Côte-d'Or, Bourgogne-Franche-Comté, France métropolitaine, 21000, France";"1";"Rue Eugène Bataillon";"";"Dijon";"Côte-d'Or";"Bourgogne-Franche-Comté";"21000";"France";"47.3039433";"5.0102676"
"c14aaf290b1848f75577e8cd049df43263131ab1";"31, Boulevard Eugène Fyot, Les Roussottes, Les Bourroches, Dijon, Côte-d'Or, Bourgogne-Franche-Comté, France métropolitaine, 21000, France";"31";"Boulevard Eugène Fyot";"";"Dijon";"Côte-d'Or";"Bourgogne-Franche-Comté";"21000";"France";"47.308938";"5.0157646"
"13e6afb51c380179d255077636b845f2b38089e0";"124, Avenue Gustave Eiffel, Les Roussottes, Les Bourroches, Dijon, Côte-d'Or, Bourgogne-Franche-Comté, France métropolitaine, 21000, France";"124";"Avenue Gustave Eiffel";"";"Dijon";"Côte-d'Or";"Bourgogne-Franche-Comté";"21000";"France";"47.3134614";"5.0135036"
"eab362fca90271dc13ffd457e7dd253dcabdbce9";"2, Place Paul Bert, Montchapet, Dijon, Côte-d'Or, Bourgogne-Franche-Comté, France métropolitaine, 21000, France";"2";"Place Paul Bert";"";"Dijon";"Côte-d'Or";"Bourgogne-Franche-Comté";"21000";"France";"47.3307017";"5.0330009"
"3a974bd07718572382da3f3309410a9147457951";"Maison de quartier de la Fontaine d'Ouche, 2, Allée de Grenoble, Fontaine-d'Ouche, Dijon, Côte-d'Or, Bourgogne-Franche-Comté, France métropolitaine, 21000, France";"2";"Allée de Grenoble";"";"Dijon";"Côte-d'Or";"Bourgogne-Franche-Comté";"21000";"France";"47.3185839";"5.008036300125735"
"d72cf63f7143460bbe5b66016fcedcdfe8d5808d";"Rue Fevret, Faubourg Saint-Pierre, Centre-Ville, Dijon, Côte-d'Or, Bourgogne-Franche-Comté, France métropolitaine, 21000, France";"";"Rue Fevret";"";"Dijon";"Côte-d'Or";"Bourgogne-Franche-Comté";"21000";"France";"47.3160374";"5.0415029"
"013bea9d3b5d54599719797747a5c8512fcf7d18";"M Burgers The Fastgood, 16, Rue André Malraux, La Maladière, Dijon, Côte-d'Or, Bourgogne-Franche-Comté, France métropolitaine, 21000, France";"16";"Rue André Malraux";"";"Dijon";"Côte-d'Or";"Bourgogne-Franche-Comté";"21000";"France";"47.3272035";"5.0494281"
"af783de829464abd79872042b4219663dddd051e";"18, Rue André Malraux, La Maladière, Dijon, Côte-d'Or, Bourgogne-Franche-Comté, France métropolitaine, 21000, France";"18";"Rue André Malraux";"";"Dijon";"Côte-d'Or";"Bourgogne-Franche-Comté";"21000";"France";"47.3270999";"5.0497459"
"3355f28ea3f4ee5a19f86222d42dc4b6e02a6182";"4, Place des Ducs de Bourgogne, Centre-Ville, Dijon, Côte-d'Or, Bourgogne-Franche-Comté, France métropolitaine, 21000, France";"4";"Place des Ducs de Bourgogne";"";"Dijon";"Côte-d'Or";"Bourgogne-Franche-Comté";"21000";"France";"47.3222739";"5.0420138"
"8332081a9985bc2418b71753c391aac6640282ed";"Rue du Faubourg Raines, Jardins familiaux Jacques de Baerze, La Gare, Dijon, Côte-d'Or, Bourgogne-Franche-Comté, France métropolitaine, 21000, France";"";"Rue du Faubourg Raines";"";"Dijon";"Côte-d'Or";"Bourgogne-Franche-Comté";"21000";"France";"47.3209678";"5.0208264"
"ef6e7ca5b8b06083cb32c35b6d9cdd33709baf4d";"Montée de Guise, Faubourg Raines, Port du Canal, Dijon, Côte-d'Or, Bourgogne-Franche-Comté, France métropolitaine, 21000, France";"";"Montée de Guise";"";"Dijon";"Côte-d'Or";"Bourgogne-Franche-Comté";"21000";"France";"47.3170068";"5.0331772"
"ad8c88f8ca5e86e80793a85ce802c076e53111c6";"15, Place Saint-Michel, Centre-Ville, Dijon, Côte-d'Or, Bourgogne-Franche-Comté, France métropolitaine, 21000, France";"15";"Place Saint-Michel";"";"Dijon";"Côte-d'Or";"Bourgogne-Franche-Comté";"21000";"France";"47.32153";"5.0455753"
"8b4bd3f2e774159a3a8cd07b275fd4b8dc606879";"12, Rue Jehan de Marville, Faubourg Raines, La Gare, Dijon, Côte-d'Or, Bourgogne-Franche-Comté, France métropolitaine, 21000, France";"12";"Rue Jehan de Marville";"";"Dijon";"Côte-d'Or";"Bourgogne-Franche-Comté";"21000";"France";"47.3199495";"5.0274767"
"32dc70a81653a9f0197c01e0dcbda4b730af48e8";"2, Rue Charlie Chaplin, Port du Canal, Dijon, Côte-d'Or, Bourgogne-Franche-Comté, France métropolitaine, 21000, France";"2";"Rue Charlie Chaplin";"";"Dijon";"Côte-d'Or";"Bourgogne-Franche-Comté";"21000";"France";"47.3151854";"5.0345708"
"71f0b1f07c48b2677ddfeb3523341ccdea419dd7";"19, Rue du Chaignot, Centre-Ville, Dijon, Côte-d'Or, Bourgogne-Franche-Comté, France métropolitaine, 21000, France";"19";"Rue du Chaignot";"";"Dijon";"Côte-d'Or";"Bourgogne-Franche-Comté";"21000";"France";"47.3165308";"5.03795"
"6c6ec397020a9326c3e9208ae881a1e42734c7ab";"Cours du Parc, Université, Dijon, Côte-d'Or, Bourgogne-Franche-Comté, France métropolitaine, 21000, France";"";"Cours du Parc";"";"Dijon";"Côte-d'Or";"Bourgogne-Franche-Comté";"21000";"France";"47.3048826";"5.0477799"
"592bffe174cd2060d2cdd7d72ed0da4c3a257273";"Place Saint-Bernard, Centre-Ville, Dijon, Côte-d'Or, Bourgogne-Franche-Comté, France métropolitaine, 21000, France";"";"Place Saint-Bernard";"";"Dijon";"Côte-d'Or";"Bourgogne-Franche-Comté";"21000";"France";"47.3255988";"5.0393763"
"9398a4ed4addec4db33f972091bd58ced1698f07";"11, Place Darcy, Faubourg Raines, Centre-Ville, Dijon, Côte-d'Or, Bourgogne-Franche-Comté, France métropolitaine, 21000, France";"11";"Place Darcy";"";"Dijon";"Côte-d'Or";"Bourgogne-Franche-Comté";"21000";"France";"47.3232132";"5.0339397"
"6ab8dfb5e1a25cccd09cc10017e6ffa50728dafb";"3, Rue Buffon, Faubourg Saint-Pierre, Centre-Ville, Dijon, Côte-d'Or, Bourgogne-Franche-Comté, France métropolitaine, 21000, France";"3";"Rue Buffon";"";"Dijon";"Côte-d'Or";"Bourgogne-Franche-Comté";"21000";"France";"47.3204066";"5.0453544"
"64dea883591f1cc6e9d1cffc4706d7b82a481b19";"55, Rue de Fontaine-lès-Dijon, La Gare, Dijon, Côte-d'Or, Bourgogne-Franche-Comté, France métropolitaine, 21000, France";"55";"Rue de Fontaine-lès-Dijon";"";"Dijon";"Côte-d'Or";"Bourgogne-Franche-Comté";"21000";"France";"47.3321168";"5.0269199"
"113016f96aa5e74aa3b91db399475141e2e077f4";"Avenue Jean Baptiste Greuze, Port du Canal, Dijon, Côte-d'Or, Bourgogne-Franche-Comté, France métropolitaine, 21000, France";"";"Avenue Jean Baptiste Greuze";"";"Dijon";"Côte-d'Or";"Bourgogne-Franche-Comté";"21000";"France";"47.3016152";"5.0440972"
"4c87f5add3ac972ee3ca74171b52d2e220705dfe";"Rue Jules Mercier, Faubourg Saint-Pierre, Centre-Ville, Dijon, Côte-d'Or, Bourgogne-Franche-Comté, France métropolitaine, 21000, France";"";"Rue Jules Mercier";"";"Dijon";"Côte-d'Or";"Bourgogne-Franche-Comté";"21000";"France";"47.3209366";"5.0399393"
"587e4c4a96c9ed458c8eaf8c3db26ea1bf270f02";"Rue de la Corvée, Les Bourroches, Dijon, Côte-d'Or, Bourgogne-Franche-Comté, France métropolitaine, 21000, France";"";"Rue de la Corvée";"";"Dijon";"Côte-d'Or";"Bourgogne-Franche-Comté";"21000";"France";"47.3125856";"5.0188398"
"82d1047cc3ff2f1f4e88bb377d90dc5b5733bf68";"13, Place de la France Libre, Côteaux du Suzon, Clos de Pouilly, Dijon, Côte-d'Or, Bourgogne-Franche-Comté, France métropolitaine, 21000, France";"13";"Place de la France Libre";"";"Dijon";"Côte-d'Or";"Bourgogne-Franche-Comté";"21000";"France";"47.3507422";"5.0396583"
"6cb7537b7ec543c249d4d75ac5c222ffe852bc93";"Avenue Charles Baudelaire, Côteaux du Suzon, Clos de Pouilly, Dijon, Côte-d'Or, Bourgogne-Franche-Comté, France métropolitaine, 21000, France";"";"Avenue Charles Baudelaire";"";"Dijon";"Côte-d'Or";"Bourgogne-Franche-Comté";"21000";"France";"47.3500046";"5.0429389"
"79d83908b87d46a7f3e225f91e92dc68cece247b";"1, Boulevard Maréchal Gallieni, La Maladière, Dijon, Côte-d'Or, Bourgogne-Franche-Comté, France métropolitaine, 21000, France";"1";"Boulevard Maréchal Gallieni";"";"Dijon";"Côte-d'Or";"Bourgogne-Franche-Comté";"21000";"France";"47.3394962";"5.0441918"
"590394969013cdd17377e03c184204fae95850fe";"Avenue de l'Université, Mirande, Montmuzard, Dijon, Côte-d'Or, Bourgogne-Franche-Comté, France métropolitaine, 21000, France";"";"Avenue de l'Université";"";"Dijon";"Côte-d'Or";"Bourgogne-Franche-Comté";"21000";"France";"47.3153019";"5.0799872"
"7125663a690aa9b6fc7582728ba031ef53a81a18";"47, Avenue du Drapeau, Centre-Ville, Dijon, Côte-d'Or, Bourgogne-Franche-Comté, France métropolitaine, 21000, France";"47";"Avenue du Drapeau";"";"Dijon";"Côte-d'Or";"Bourgogne-Franche-Comté";"21000";"France";"47.3330417";"5.0437761"
"eaf941028ea12f18222a918e7bd75a9b7f0afe99";"5 ter, Avenue Garibaldi, Centre-Ville, Dijon, Côte-d'Or, Bourgogne-Franche-Comté, France métropolitaine, 21000, France";"5 ter";"Avenue Garibaldi";"";"Dijon";"Côte-d'Or";"Bourgogne-Franche-Comté";"21000";"France";"47.3279233";"5.0436428"
"dc746fabf03c7128c07a6829fa7cd9fb763b48d2";"13, Avenue Franklin Delano Roosevelt, Clos de Pouilly, Dijon, Côte-d'Or, Bourgogne-Franche-Comté, France métropolitaine, 21000, France";"13";"Avenue Franklin Delano Roosevelt";"";"Dijon";"Côte-d'Or";"Bourgogne-Franche-Comté";"21000";"France";"47.3482936";"5.0572947"
"0a7e4127a84a672a1ed03e1c956055a7777ec364";"55, Avenue de Stalingrad, Clos de Pouilly, Dijon, Côte-d'Or, Bourgogne-Franche-Comté, France métropolitaine, 21000, France";"55";"Avenue de Stalingrad";"";"Dijon";"Côte-d'Or";"Bourgogne-Franche-Comté";"21000";"France";"47.3460272";"5.0589869"
"bc24ebd3a5fa5752b9b4b0a6b1d96be6a3e9a2f5";"19, Rue Henri Farman, La Maladière, Dijon, Côte-d'Or, Bourgogne-Franche-Comté, France métropolitaine, 21000, France";"19";"Rue Henri Farman";"";"Dijon";"Côte-d'Or";"Bourgogne-Franche-Comté";"21000";"France";"47.3421108";"5.0534269"
"fc6c76056d2efb9a03e74d9d2f652bd13b088513";"Place Granville, Clos de Pouilly, Dijon, Côte-d'Or, Bourgogne-Franche-Comté, France métropolitaine, 21000, France";"";"Place Granville";"";"Dijon";"Côte-d'Or";"Bourgogne-Franche-Comté";"21000";"France";"47.3504995";"5.0519944"
"89b53d07bc6b03681962b0bf27072a41d16ae394";"Rue de Beaune, Montchapet, Dijon, Côte-d'Or, Bourgogne-Franche-Comté, France métropolitaine, 21000, France";"";"Rue de Beaune";"";"Dijon";"Côte-d'Or";"Bourgogne-Franche-Comté";"21000";"France";"47.3319899";"5.0360795"
"8ccb818af57df200b3212a96bd93dc7e559b39d4";"30, Rue Sainte-Anne, Centre-Ville, Dijon, Côte-d'Or, Bourgogne-Franche-Comté, France métropolitaine, 21000, France";"30";"Rue Sainte-Anne";"";"Dijon";"Côte-d'Or";"Bourgogne-Franche-Comté";"21000";"France";"47.3178765";"5.0375021"
"13ff189450d0509d230a167d9cb9639dc8b6cd29";"Rue des Molidors, Université, Dijon, Côte-d'Or, Bourgogne-Franche-Comté, France métropolitaine, 21000, France";"";"Rue des Molidors";"";"Dijon";"Côte-d'Or";"Bourgogne-Franche-Comté";"21000";"France";"47.3139995";"5.060789"
"d0cf2fcbde59160692dfe8d614d5213dd91f9e2d";"Rue des Marmuzots, Les Perrières, La Gare, Dijon, Côte-d'Or, Bourgogne-Franche-Comté, France métropolitaine, 21000, France";"";"Rue des Marmuzots";"";"Dijon";"Côte-d'Or";"Bourgogne-Franche-Comté";"21000";"France";"47.3272153";"5.0178768"
"2e098afdc1f2624fef94a52d388c1b50d3735e5b";"21, Rue Maurice Ravel, Port du Canal, Dijon, Côte-d'Or, Bourgogne-Franche-Comté, France métropolitaine, 21000, France";"21";"Rue Maurice Ravel";"";"Dijon";"Côte-d'Or";"Bourgogne-Franche-Comté";"21000";"France";"47.3011453";"5.0411749"
"0302aaa9bcf5ee80dfd2c013b6c4971b3cb690a3";"12, Rue Georges Lavier, La Maladière, Dijon, Côte-d'Or, Bourgogne-Franche-Comté, France métropolitaine, 21000, France";"12";"Rue Georges Lavier";"";"Dijon";"Côte-d'Or";"Bourgogne-Franche-Comté";"21000";"France";"47.3319779";"5.0461323"
"04ccd7d83867b16e48e2ab08af5561c806dd8670";"Place Général Giraud, La Maladière, Dijon, Côte-d'Or, Bourgogne-Franche-Comté, France métropolitaine, 21000, France";"";"Place Général Giraud";"";"Dijon";"Côte-d'Or";"Bourgogne-Franche-Comté";"21000";"France";"47.3356236";"5.0517089"
"ea2e1be9e394ceacc8187c24aebbbe65ee324477";"42, Boulevard de Strasbourg, Montmuzard, Dijon, Côte-d'Or, Bourgogne-Franche-Comté, France métropolitaine, 21000, France";"42";"Boulevard de Strasbourg";"";"Dijon";"Côte-d'Or";"Bourgogne-Franche-Comté";"21000";"France";"47.3213741";"5.0588133"
"26a356d982999b5f2cd9dd7701bacb33a9e6e89b";"9, Avenue Raymond Poincaré, Les Grésilles, Dijon, Côte-d'Or, Bourgogne-Franche-Comté, France métropolitaine, 21000, France";"9";"Avenue Raymond Poincaré";"";"Dijon";"Côte-d'Or";"Bourgogne-Franche-Comté";"21000";"France";"47.3290025";"5.0596346"
"78cb8ffa2788f88405ce314a389c56014db78fd1";"21, Rue Angélique Ducoudray, Montmuzard, Dijon, Côte-d'Or, Bourgogne-Franche-Comté, France métropolitaine, 21000, France";"21";"Rue Angélique Ducoudray";"";"Dijon";"Côte-d'Or";"Bourgogne-Franche-Comté";"21000";"France";"47.3235938";"5.0715576"
"77e3854d35b6d964f806fadce03a185bcd2c8e7c";"Holiday Inn, 1, Place Marie de Bourgogne, La Toison d'Or, Dijon, Côte-d'Or, Bourgogne-Franche-Comté, France métropolitaine, 21000, France";"1";"Place Marie de Bourgogne";"";"Dijon";"Côte-d'Or";"Bourgogne-Franche-Comté";"21000";"France";"47.3554713";"5.0514677"
"7d88fd58466a75e09f82299aeb5bddde1ff05377";"11, Rue du Nuits-Saint-Georges, Les Bourroches, Dijon, Côte-d'Or, Bourgogne-Franche-Comté, France métropolitaine, 21000, France";"11";"Rue du Nuits-Saint-Georges";"";"Dijon";"Côte-d'Or";"Bourgogne-Franche-Comté";"21000";"France";"47.3065946";"5.0185515"
"5d6f260f781b37d26c1ceaea60df08d0087d0de2";"Rue Gambetta, Is-sur-Tille, Dijon, Côte-d'Or, Bourgogne-Franche-Comté, France métropolitaine, 21120, France";"";"Rue Gambetta";"";"Dijon";"Côte-d'Or";"Bourgogne-Franche-Comté";"21120";"France";"47.5226315";"5.1108737"
"7831bdfa6722d00387b7eb26bf6900c5e8b2d223";"20, Avenue Jean Jaurès, Port du Canal, Dijon, Côte-d'Or, Bourgogne-Franche-Comté, France métropolitaine, 21000, France";"20";"Avenue Jean Jaurès";"";"Dijon";"Côte-d'Or";"Bourgogne-Franche-Comté";"21000";"France";"47.3118338";"5.0268635"
"197ebe783f370b50c84c55ce76a382615e634102";"2, Boulevard des Martyrs de la Résistance, Les Grésilles, Dijon, Côte-d'Or, Bourgogne-Franche-Comté, France métropolitaine, 21000, France";"2";"Boulevard des Martyrs de la Résistance";"";"Dijon";"Côte-d'Or";"Bourgogne-Franche-Comté";"21000";"France";"47.3291019";"5.0653351"
"4072e58e1a93a13f99013047c22d62b8d76978c3";"Avenue des Grésilles, Les Grésilles, Dijon, Côte-d'Or, Bourgogne-Franche-Comté, France métropolitaine, 21000, France";"";"Avenue des Grésilles";"";"Dijon";"Côte-d'Or";"Bourgogne-Franche-Comté";"21000";"France";"47.3314452";"5.0657928"
"30ca96ca6db240b97d1dd5731f27452ea13f44b4";"Rue Général Henri Delaborde, La Maladière, Dijon, Côte-d'Or, Bourgogne-Franche-Comté, France métropolitaine, 21000, France";"";"Rue Général Henri Delaborde";"";"Dijon";"Côte-d'Or";"Bourgogne-Franche-Comté";"21000";"France";"47.3321567";"5.0539003"
"ee8cf2442f4d60553b7c5e25eff63b81615675de";"12 bis, Rue Jehan de Marville, Faubourg Raines, La Gare, Dijon, Côte-d'Or, Bourgogne-Franche-Comté, France métropolitaine, 21000, France";"12 bis";"Rue Jehan de Marville";"";"Dijon";"Côte-d'Or";"Bourgogne-Franche-Comté";"21000";"France";"47.3199817";"5.0273639"
"6cd8a9f14263c5b6f2f60f8efa62d787e5a65640";"3, Rue du Creux Moroland, Domois, Fénay, Dijon, Côte-d'Or, Bourgogne-Franche-Comté, France métropolitaine, 21600, France";"3";"Rue du Creux Moroland";"";"Dijon";"Côte-d'Or";"Bourgogne-Franche-Comté";"21600";"France";"47.2598107";"5.0471113"
"5c19bb94084991fa8c94aed76af075c831727890";"Rue de l'Ancienne Muraille, Les Ouches, Fleurey-sur-Ouche, Dijon, Côte-d'Or, Bourgogne-Franche-Comté, France métropolitaine, 21410, France";"";"Rue de l'Ancienne Muraille";"";"Dijon";"Côte-d'Or";"Bourgogne-Franche-Comté";"21410";"France";"47.3101141";"4.8571893"
"59c1540977ee665204d724438b84b1772a675c0f";"12, Grande Rue du Haut, Les Ouches, Fleurey-sur-Ouche, Dijon, Côte-d'Or, Bourgogne-Franche-Comté, France métropolitaine, 21410, France";"12";"Grande Rue du Haut";"";"Dijon";"Côte-d'Or";"Bourgogne-Franche-Comté";"21410";"France";"47.3117963";"4.8591069"
"659c059b5c72b000f2109c59ba4bf935d21eb2ce";"4, Allée des Acacias, Fontaine-lès-Dijon, Dijon, Côte-d'Or, Bourgogne-Franche-Comté, France métropolitaine, 21121, France";"4";"Allée des Acacias";"";"Dijon";"Côte-d'Or";"Bourgogne-Franche-Comté";"21121";"France";"47.3387398";"5.0222662"
"751f455d256f64604041ac843b5217b9b83799a5";"13, Rue Saint-Bernard, Fontaine-lès-Dijon, Dijon, Côte-d'Or, Bourgogne-Franche-Comté, France métropolitaine, 21121, France";"13";"Rue Saint-Bernard";"";"Dijon";"Côte-d'Or";"Bourgogne-Franche-Comté";"21121";"France";"47.3449452";"5.0180694"
"6eff5cdb9e2376b2e896ca588c52d18ddf5cbec4";"5, Rue du Clos Guillaume, Fontaine-lès-Dijon, Dijon, Côte-d'Or, Bourgogne-Franche-Comté, France métropolitaine, 21121, France";"5";"Rue du Clos Guillaume";"";"Dijon";"Côte-d'Or";"Bourgogne-Franche-Comté";"21121";"France";"47.3424167";"5.0227222"
"cac4ea325078cd961743f7cad3e364c5c505b986";"2, Rue du Général de Gaulle, Fontaine-lès-Dijon, Dijon, Côte-d'Or, Bourgogne-Franche-Comté, France métropolitaine, 21121, France";"2";"Rue du Général de Gaulle";"";"Dijon";"Côte-d'Or";"Bourgogne-Franche-Comté";"21121";"France";"47.340941";"5.0220863"
"3239f350932acf4f660dd4a6784e100635c5c1bf";"10, Rue des Caneuliers, Fontaine-lès-Dijon, Dijon, Côte-d'Or, Bourgogne-Franche-Comté, France métropolitaine, 21121, France";"10";"Rue des Caneuliers";"";"Dijon";"Côte-d'Or";"Bourgogne-Franche-Comté";"21121";"France";"47.350933";"5.0246308"
"9a23e281cecc4682c01298c69d86ed0c8c033dbc";"Chemin des Pierrodins, Fontaine-lès-Dijon, Dijon, Côte-d'Or, Bourgogne-Franche-Comté, France métropolitaine, 21121, France";"";"Chemin des Pierrodins";"";"Dijon";"Côte-d'Or";"Bourgogne-Franche-Comté";"21121";"France";"47.3339806";"5.0275665"
"b803d2d88cc57691479b0d0d0a2f6e9e2ddf95c1";"13, Rue Guy de Rochefort, Fontaine-lès-Dijon, Dijon, Côte-d'Or, Bourgogne-Franche-Comté, France métropolitaine, 21121, France";"13";"Rue Guy de Rochefort";"";"Dijon";"Côte-d'Or";"Bourgogne-Franche-Comté";"21121";"France";"47.3498146";"5.0237232"
"959f7520390063984d7495a4a11da2114bd1b55f";"16, Rue de la Petite Fin, Zone Artisanale de Fontaine-lès-Dijon, Fontaine-lès-Dijon, Dijon, Côte-d'Or, Bourgogne-Franche-Comté, France métropolitaine, 21121, France";"16";"Rue de la Petite Fin";"";"Dijon";"Côte-d'Or";"Bourgogne-Franche-Comté";"21121";"France";"47.3484075";"5.0322861"
"2838fa3da1954dc5fe263620cd1f1601723b71d4";"Rue de la Barre, Izier, Dijon, Côte-d'Or, Bourgogne-Franche-Comté, France métropolitaine, 21110, France";"";"Rue de la Barre";"";"Dijon";"Côte-d'Or";"Bourgogne-Franche-Comté";"21110";"France";"47.2819273";"5.1915277"
"ebaa3d09552eae7e849270c8ff9f1add4547b301";"Rue de la Charme, Izier, Dijon, Côte-d'Or, Bourgogne-Franche-Comté, France métropolitaine, 21110, France";"";"Rue de la Charme";"";"Dijon";"Côte-d'Or";"Bourgogne-Franche-Comté";"21110";"France";"47.2824876";"5.1864808"
"39de9f45e837ec2b84e3b3dc8d6d4c079dc34afb";"14, Route de Lyon, Champagne, La Roche-en-Brenil, Montbard, Côte-d'Or, Bourgogne-Franche-Comté, France métropolitaine, 21530, France";"14";"Route de Lyon";"";"Montbard";"Côte-d'Or";"Bourgogne-Franche-Comté";"21530";"France";"47.3786891";"4.1783965"
"e5ddae233fd719dd4e2b97912352cea37f87c34d";"2, Place Victor Gat, Laignes, Montbard, Côte-d'Or, Bourgogne-Franche-Comté, France métropolitaine, 21330, France";"2";"Place Victor Gat";"";"Montbard";"Côte-d'Or";"Bourgogne-Franche-Comté";"21330";"France";"47.843014";"4.365025"
"a07c968a747f7ec69e71dcbc23d8fd7a8ca2f246";"Rue Joliot Curie, Lamarche-sur-Saône, Dijon, Côte-d'Or, Bourgogne-Franche-Comté, France métropolitaine, 21760, France";"";"Rue Joliot Curie";"";"Dijon";"Côte-d'Or";"Bourgogne-Franche-Comté";"21760";"France";"47.2637423";"5.388504"
"6451f168d6ca013213517a013db745ccf1c9aae7";"Route de Fontenelle, Licey-sur-Vingeanne, Dijon, Côte-d'Or, Bourgogne-Franche-Comté, France métropolitaine, 21610, France";"";"Route de Fontenelle";"";"Dijon";"Côte-d'Or";"Bourgogne-Franche-Comté";"21610";"France";"47.4835412";"5.3787512"
"880023fce1e3dc712f97ad158166b191de1acc06";"1, Rue Jules Ferry, Les Pommiers, Longvic, Dijon, Côte-d'Or, Bourgogne-Franche-Comté, France métropolitaine, 21600, France";"1";"Rue Jules Ferry";"";"Dijon";"Côte-d'Or";"Bourgogne-Franche-Comté";"21600";"France";"47.2953457";"5.0580327"
"5793b9e39102b11c41fe179c9a55f5e7e138d9df";"Rue du Closeau, Maison-Dieu, Losne, Beaune, Côte-d'Or, Bourgogne-Franche-Comté, France métropolitaine, 21170, France";"";"Rue du Closeau";"";"Beaune";"Côte-d'Or";"Bourgogne-Franche-Comté";"21170";"France";"47.0901913";"5.2664437"
"a8cb1b59d15783834eb5a58636b26eadcda731cd";"43, Rue de Mazy, Marsannay-la-Côte, Dijon, Côte-d'Or, Bourgogne-Franche-Comté, France métropolitaine, 21160, France";"43";"Rue de Mazy";"";"Dijon";"Côte-d'Or";"Bourgogne-Franche-Comté";"21160";"France";"47.270247";"4.9879544"
"a82e8aeae3088cbbc764b2f06afb77a5424edc07";"41, Avenue Marguerite de Salin, Marsannay-la-Côte, Dijon, Côte-d'Or, Bourgogne-Franche-Comté, France métropolitaine, 21160, France";"41";"Avenue Marguerite de Salin";"";"Dijon";"Côte-d'Or";"Bourgogne-Franche-Comté";"21160";"France";"47.2796616";"5.002561"
"d86b8503c4ca2acd5def4e260490a53dca9e0622";"1, Place de la Gare, Thenissey, Montbard, Côte-d'Or, Bourgogne-Franche-Comté, France métropolitaine, 21150, France";"1";"Place de la Gare";"";"Montbard";"Côte-d'Or";"Bourgogne-Franche-Comté";"21150";"France";"47.494625";"4.623256"
"17574008143f26fc4933bcd878478f9997939cd8";"Rue Auguste Carré, Montbard, Côte-d'Or, Bourgogne-Franche-Comté, France métropolitaine, 21500, France";"";"Rue Auguste Carré";"Montbard";"Montbard";"Côte-d'Or";"Bourgogne-Franche-Comté";"21500";"France";"47.6248837";"4.3400506"
"f4485a09ff0c89490e6271e9c2b5615279709cd0";"Place de la Pépinière Royale, Montbard, Côte-d'Or, Bourgogne-Franche-Comté, France métropolitaine, 21500, France";"";"Place de la Pépinière Royale";"Montbard";"Montbard";"Côte-d'Or";"Bourgogne-Franche-Comté";"21500";"France";"47.6211716";"4.3351324"
"5ec16cc953959ce92ff10c6c8e5d7e41f54a0c94";"Rue Anatole Hugot, Montbard, Côte-d'Or, Bourgogne-Franche-Comté, France métropolitaine, 21500, France";"";"Rue Anatole Hugot";"Montbard";"Montbard";"Côte-d'Or";"Bourgogne-Franche-Comté";"21500";"France";"47.6255779";"4.3384755"
"e2bb0bba21f1aeb6fd2b6bc4256223bda662bc24";"Rue du Beugnon, Montbard, Côte-d'Or, Bourgogne-Franche-Comté, France métropolitaine, 21500, France";"";"Rue du Beugnon";"Montbard";"Montbard";"Côte-d'Or";"Bourgogne-Franche-Comté";"21500";"France";"47.6307681";"4.3362203"
"53b1e8713c11f34ca7360f1d5a78012698ebfb70";"Place du Tilleul, Montigny-sur-Armançon, Montbard, Côte-d'Or, Bourgogne-Franche-Comté, France métropolitaine, 21140, France";"";"Place du Tilleul";"";"Montbard";"Côte-d'Or";"Bourgogne-Franche-Comté";"21140";"France";"47.432672";"4.3744559"
"db7f1a91e73f14ad6cfd80781c4e6fca1c6aa99f";"Route Nationale 74, Orville, Dijon, Côte-d'Or, Bourgogne-Franche-Comté, France métropolitaine, 21260, France";"";"Route Nationale 74";"";"Dijon";"Côte-d'Or";"Bourgogne-Franche-Comté";"21260";"France";"47.5616904";"5.2110584"
"a8a08ebed98c41e20aeeac6c6036c324f745cc79";"Rue Soeur Ravaux, Painblanc, Beaune, Côte-d'Or, Bourgogne-Franche-Comté, France métropolitaine, 21360, France";"";"Rue Soeur Ravaux";"";"Beaune";"Côte-d'Or";"Bourgogne-Franche-Comté";"21360";"France";"47.1475084";"4.6135556"
"dc15b71a3da49fdc230515eed2bcf8982fa0c8a2";"Rue du Rican, Painblanc, Beaune, Côte-d'Or, Bourgogne-Franche-Comté, France métropolitaine, 21360, France";"";"Rue du Rican";"";"Beaune";"Côte-d'Or";"Bourgogne-Franche-Comté";"21360";"France";"47.1483422";"4.6268004"
"d9dddc46b4927d30a9b3788c98b9abb66466de46";"Au four et au moulin, 45, Grande Rue, Perrigny-lès-Dijon, Dijon, Côte-d'Or, Bourgogne-Franche-Comté, France métropolitaine, 21160, France";"45";"Grande Rue";"";"Dijon";"Côte-d'Or";"Bourgogne-Franche-Comté";"21160";"France";"47.2663351";"5.006248"
"82379fe8482749f99250d6d12e33248e3132f37a";"Rue des Aubépines, Perrigny-lès-Dijon, Dijon, Côte-d'Or, Bourgogne-Franche-Comté, France métropolitaine, 21160, France";"";"Rue des Aubépines";"";"Dijon";"Côte-d'Or";"Bourgogne-Franche-Comté";"21160";"France";"47.2577641";"5.0075983"
"2f64792d61323a8650e0ebacde9cdbfed9ebd9ed";"8, Rue Bernard Courtois, Plombières-lès-Dijon, Dijon, Côte-d'Or, Bourgogne-Franche-Comté, France métropolitaine, 21370, France";"8";"Rue Bernard Courtois";"";"Dijon";"Côte-d'Or";"Bourgogne-Franche-Comté";"21370";"France";"47.3429733";"4.9663648"
"fe546744d592d639b3f10bf72a7d43c402e3f748";"Rue du Pont, Pouilly-sur-Vingeanne, Dijon, Côte-d'Or, Bourgogne-Franche-Comté, France métropolitaine, 21610, France";"";"Rue du Pont";"";"Dijon";"Côte-d'Or";"Bourgogne-Franche-Comté";"21610";"France";"47.5397941";"5.4364367"
"8fc059cfa27fcda40e7b2cafdcd6ace5757b83d5";"Voie Romaine, Saint-Bernard, Beaune, Côte-d'Or, Bourgogne-Franche-Comté, France métropolitaine, 21700, France";"";"Voie Romaine";"";"Beaune";"Côte-d'Or";"Bourgogne-Franche-Comté";"21700";"France";"47.160875";"5.0173279"
"4eaeae1d836b1f83ed2aaa3011e35cda8e789ec5";"Route de Montigny, Saint-Maurice-sur-Vingeanne, Dijon, Côte-d'Or, Bourgogne-Franche-Comté, France métropolitaine, 21610, France";"";"Route de Montigny";"";"Dijon";"Côte-d'Or";"Bourgogne-Franche-Comté";"21610";"France";"47.574694";"5.4172654"
"cb367b00e2884aec11bf4b48cd6a8278c901ed48";"Rue des Plantes, Saint-Seine-la-Tour, Saint-Seine-sur-Vingeanne, Dijon, Côte-d'Or, Bourgogne-Franche-Comté, France métropolitaine, 21610, France";"";"Rue des Plantes";"";"Dijon";"Côte-d'Or";"Bourgogne-Franche-Comté";"21610";"France";"47.5212424";"5.4304546"
"848c787925c1e11fbda6c04097ef0285aa8bd07a";"2, Place Monge, Faubourg de Boignard, Villeneuve, Saulieu, Montbard, Côte-d'Or, Bourgogne-Franche-Comté, France métropolitaine, 21210, France";"2";"Place Monge";"";"Montbard";"Côte-d'Or";"Bourgogne-Franche-Comté";"21210";"France";"47.2803682";"4.2302591"
"74c94b425eb15e83819a2b89f08c1f1e504022e4";"Rue de l'École, Saussy, Dijon, Côte-d'Or, Bourgogne-Franche-Comté, France métropolitaine, 21380, France";"";"Rue de l'École";"";"Dijon";"Côte-d'Or";"Bourgogne-Franche-Comté";"21380";"France";"47.4676363";"4.9622143"
"967bd1cae3f4e4b28f193fbae0b54d08319281a6";"2, Avenue Jean Moulin, Semur-en-Auxois, Montbard, Côte-d'Or, Bourgogne-Franche-Comté, France métropolitaine, 21140, France";"2";"Avenue Jean Moulin";"";"Montbard";"Côte-d'Or";"Bourgogne-Franche-Comté";"21140";"France";"47.492494";"4.350517"
"078b97b2aec481095e0b71560813143f7fcd4bb7";"36, Rue Ferdinand Mercusot, Sombernon, Dijon, Côte-d'Or, Bourgogne-Franche-Comté, France métropolitaine, 21540, France";"36";"Rue Ferdinand Mercusot";"";"Dijon";"Côte-d'Or";"Bourgogne-Franche-Comté";"21540";"France";"47.308857";"4.709685"
"e6a176f53d4da8986a50bc10454c22d11b14732b";"33, Rue de la Libération, Le Belvédère, Talant, Dijon, Côte-d'Or, Bourgogne-Franche-Comté, France métropolitaine, 21240, France";"33";"Rue de la Libération";"Talant";"Dijon";"Côte-d'Or";"Bourgogne-Franche-Comté";"21240";"France";"47.3326292";"5.0116997"
"a70e7915d4c2bee8b15b2accc05b0afc412503f4";"25, Rue des Montoillots, Le Belvédère, Talant, Dijon, Côte-d'Or, Bourgogne-Franche-Comté, France métropolitaine, 21240, France";"25";"Rue des Montoillots";"Talant";"Dijon";"Côte-d'Or";"Bourgogne-Franche-Comté";"21240";"France";"47.341983";"5.008188567588842"
"e331e7f00eaf7d094ef5acff9bbea52d31166a76";"33, Rue Notre-Dame, Le Belvédère, Talant, Dijon, Côte-d'Or, Bourgogne-Franche-Comté, France métropolitaine, 21240, France";"33";"Rue Notre-Dame";"Talant";"Dijon";"Côte-d'Or";"Bourgogne-Franche-Comté";"21240";"France";"47.335471";"5.003793"
"bc228ea4d2ec4beb0ad4159914d7b7b1f93b659a";"10, Rue Paul Langevin, Le Belvédère, Talant, Dijon, Côte-d'Or, Bourgogne-Franche-Comté, France métropolitaine, 21240, France";"10";"Rue Paul Langevin";"Talant";"Dijon";"Côte-d'Or";"Bourgogne-Franche-Comté";"21240";"France";"47.337451";"5.013448938596493"
"25dfbfbbd3e5adb4156ea436767fbfc9e88b155b";"1, Place de la Fontaine, Ternant, Beaune, Côte-d'Or, Bourgogne-Franche-Comté, France métropolitaine, 21220, France";"1";"Place de la Fontaine";"";"Beaune";"Côte-d'Or";"Bourgogne-Franche-Comté";"21220";"France";"47.201404";"4.855328"
"657c3ff30cbf67169098957f97115181da9497d2";"28, Route de Dijon, Thorey-en-Plaine, Dijon, Côte-d'Or, Bourgogne-Franche-Comté, France métropolitaine, 21110, France";"28";"Route de Dijon";"";"Dijon";"Côte-d'Or";"Bourgogne-Franche-Comté";"21110";"France";"47.21957";"5.131509"
"1a9fa488f0e90df4487b4306b5597ab8526d203a";"Rue du Monument, En Favière, Thorey-sur-Ouche, Beaune, Côte-d'Or, Bourgogne-Franche-Comté, France métropolitaine, 21360, France";"";"Rue du Monument";"";"Beaune";"Côte-d'Or";"Bourgogne-Franche-Comté";"21360";"France";"47.1470153";"4.6955884"
"0e35bf0f167b548816a6dcdcdcab5f5aa5e859f9";"10, Rue Davault, Tréclun, Dijon, Côte-d'Or, Bourgogne-Franche-Comté, France métropolitaine, 21130, France";"10";"Rue Davault";"";"Dijon";"Côte-d'Or";"Bourgogne-Franche-Comté";"21130";"France";"47.191043500000006";"5.292541102194361"
"7c362c1a8ef3efba7a370079caedea8769a563e8";"1, Rue de Belleneuve, Trochères, Dijon, Côte-d'Or, Bourgogne-Franche-Comté, France métropolitaine, 21310, France";"1";"Rue de Belleneuve";"";"Dijon";"Côte-d'Or";"Bourgogne-Franche-Comté";"21310";"France";"47.344445";"5.304517"
"275a1fd9a1f355b0f13d5a81a09c265f65b1cbd9";"Rue du Fourneau, Val-Suzon, Dijon, Côte-d'Or, Bourgogne-Franche-Comté, France métropolitaine, 21121, France";"";"Rue du Fourneau";"";"Dijon";"Côte-d'Or";"Bourgogne-Franche-Comté";"21121";"France";"47.4071674";"4.8917267"
"83cab345ed99134b56e46cea527297e9b6a871b0";"Allée de la Cude, La Cude, Velars-sur-Ouche, Dijon, Côte-d'Or, Bourgogne-Franche-Comté, France métropolitaine, 21370, France";"";"Allée de la Cude";"";"Dijon";"Côte-d'Or";"Bourgogne-Franche-Comté";"21370";"France";"47.3174597";"4.9139303"
"cfe087af60cd35555d7873c848512a3c69d85a53";"Place du Château, Verrey-sous-Salmaise, Montbard, Côte-d'Or, Bourgogne-Franche-Comté, France métropolitaine, 21690, France";"";"Place du Château";"";"Montbard";"Côte-d'Or";"Bourgogne-Franche-Comté";"21690";"France";"47.438537";"4.6670381"
"73ce06c2af82a99a9b0024d00c3f7bfc09e1a1e4";"Place Saint-Vincent, Villars-Fontaine, Beaune, Côte-d'Or, Bourgogne-Franche-Comté, France métropolitaine, 21700, France";"";"";"";"Beaune";"Côte-d'Or";"Bourgogne-Franche-Comté";"21700";"France";"47.1485888";"4.8908593"
