"17e693e3178f2b784e7deae13c70f477ca081214";"Rue Alexandre Bérard, Ambérieu-en-Bugey, Belley, Ain, Auvergne-Rhône-Alpes, France métropolitaine, 01500, France";"";"Rue Alexandre Bérard";"Ambérieu-en-Bugey";"Belley";"Ain";"Auvergne-Rhône-Alpes";"01500";"France";"45.9607848";"5.3575769"
"236d766c27c69eacef8244336211a7ea49f36c46";"1 bis, Rue des Échelles, Vareilles, Chanves, Ambérieu-en-Bugey, Belley, Ain, Auvergne-Rhône-Alpes, France métropolitaine, 01500, France";"1 bis";"Rue des Échelles";"Ambérieu-en-Bugey";"Belley";"Ain";"Auvergne-Rhône-Alpes";"01500";"France";"45.955534";"5.362445"
"57d4a8be0791e377515d7df79950700a032e1aa5";"Route de Saint-Jean de Thurigneux, Bonne Vente, La Croix, Ambérieux-en-Dombes, Bourg-en-Bresse, Ain, Auvergne-Rhône-Alpes, France métropolitaine, 01330, France";"";"Route de Saint-Jean de Thurigneux";"";"Bourg-en-Bresse";"Ain";"Auvergne-Rhône-Alpes";"01330";"France";"45.9917477";"4.9027488"
"c04224b427c77250dd335dceccbd7fc5b1f0ad43";"Étang du Cerisier, Bonne Vente, Le Buisson, Ambérieux-en-Dombes, Bourg-en-Bresse, Ain, Auvergne-Rhône-Alpes, France métropolitaine, 01330, France";"";"";"";"Bourg-en-Bresse";"Ain";"Auvergne-Rhône-Alpes";"01330";"France";"45.98881605";"4.904644294994888"
"3cdde014dc33bec28233f7c85d54d25ccb3df299";"18, Rue des Yvrollets, Les Ravinelles, Le Moulin, Ambronay, Belley, Ain, Auvergne-Rhône-Alpes, France métropolitaine, 01500, France";"18";"Rue des Yvrollets";"";"Belley";"Ain";"Auvergne-Rhône-Alpes";"01500";"France";"46.0065621";"5.3607283"
"030ef130b28053f1df50964b41e3bc93b79bc971";"Place du Lavoir, Aranc, Belley, Ain, Auvergne-Rhône-Alpes, France métropolitaine, 01110, France";"";"Place du Lavoir";"";"Belley";"Ain";"Auvergne-Rhône-Alpes";"01110";"France";"46.003609";"5.5084"
"84bffdf04686ff8e3d6070d7ae0f2af670f7aea6";"1, Place de la Mairie, Arbent, Nantua, Ain, Auvergne-Rhône-Alpes, France métropolitaine, 01100, France";"1";"Place de la Mairie";"";"Nantua";"Ain";"Auvergne-Rhône-Alpes";"01100";"France";"46.295337";"5.68183"
"6c0291da57342f11946fef4fc790a4f4c743a726";"Rue Jean-Marie Vianney, Le Tonneau, Ars-sur-Formans, Bourg-en-Bresse, Ain, Auvergne-Rhône-Alpes, France métropolitaine, 01480, France";"";"Rue Jean-Marie Vianney";"";"Bourg-en-Bresse";"Ain";"Auvergne-Rhône-Alpes";"01480";"France";"45.9947578";"4.8182651"
"0d47e2217852f70d6df29278876666c922866fbe";"30, Route des Terreaux, Assin, Virieu-le-Petit, Arvière-en-Valromey, Belley, Ain, Auvergne-Rhône-Alpes, France métropolitaine, 01260, France";"30";"Route des Terreaux";"";"Belley";"Ain";"Auvergne-Rhône-Alpes";"01260";"France";"45.908053";"5.724817"
"70c1fa883bfa5cc7452a474b09d2270cb0f456aa";"Grande Rue, Charmeil, Cunée, Attignat, Bourg-en-Bresse, Ain, Auvergne-Rhône-Alpes, France métropolitaine, 01340, France";"";"Grande Rue";"";"Bourg-en-Bresse";"Ain";"Auvergne-Rhône-Alpes";"01340";"France";"46.2884207";"5.1588526"
"d92865a67b5c6c462463872951518b0e95a8ff21";"5, Place de la Mairie, Lotissement Afu de Barbarel, Balan, Bourg-en-Bresse, Ain, Auvergne-Rhône-Alpes, France métropolitaine, 01360, France";"5";"Place de la Mairie";"";"Bourg-en-Bresse";"Ain";"Auvergne-Rhône-Alpes";"01360";"France";"45.833372";"5.096707"
"6e6cb73ba0181016cffcbb0db6de1992ed0f9b5c";"Route de Genève, Béligneux, Bourg-en-Bresse, Ain, Auvergne-Rhône-Alpes, France métropolitaine, 01360, France";"";"Route de Genève";"";"Bourg-en-Bresse";"Ain";"Auvergne-Rhône-Alpes";"01360";"France";"45.861867";"5.1421208"
"be66a0eba65a5b2ece4eef1624316ed1dbf2b787";"233, Place de la Grande Hermière, Le Cruisseau, Béligneux, Bourg-en-Bresse, Ain, Auvergne-Rhône-Alpes, France métropolitaine, 01360, France";"233";"Place de la Grande Hermière";"";"Bourg-en-Bresse";"Ain";"Auvergne-Rhône-Alpes";"01360";"France";"45.8672879";"5.1282706"
"3cedda25eb29739b861fd1fb878210554f643d46";"Place des Fours, La Poisate, Croix de Tournod, Belley, Ain, Auvergne-Rhône-Alpes, France métropolitaine, 01300, France";"";"Place des Fours";"Belley";"Belley";"Ain";"Auvergne-Rhône-Alpes";"01300";"France";"45.7589031";"5.6864435"
"62b49e5e6c027e349e6bf8dd519b5d3c0249ee0a";"Rue des Écoles, Beynost, Bourg-en-Bresse, Ain, Auvergne-Rhône-Alpes, France métropolitaine, 01700, France";"";"Rue des Écoles";"";"Bourg-en-Bresse";"Ain";"Auvergne-Rhône-Alpes";"01700";"France";"45.8357456";"4.9972092"
"2ea152a944c9a8444f2fbd5b25b059aad83219c8";"2, Place du Cadran Solaire, Bolozon, Nantua, Ain, Auvergne-Rhône-Alpes, France métropolitaine, 01450, France";"2";"Place du Cadran Solaire";"";"Nantua";"Ain";"Auvergne-Rhône-Alpes";"01450";"France";"46.1920586";"5.4731001"
"95ab62292c36215aae042b05286f82cbba2a40b8";"9, Place de la Grenette, Bourg-en-Bresse, Ain, Auvergne-Rhône-Alpes, France métropolitaine, 01000, France";"9";"Place de la Grenette";"Bourg-en-Bresse";"Bourg-en-Bresse";"Ain";"Auvergne-Rhône-Alpes";"01000";"France";"46.206467";"5.22491"
"67acfa4bf2c621b692e003e2dc6236dcc8dc9050";"Avenue Alphonse Muscat, Le Peloux, Bourg-en-Bresse, Ain, Auvergne-Rhône-Alpes, France métropolitaine, 01000, France";"";"Avenue Alphonse Muscat";"Bourg-en-Bresse";"Bourg-en-Bresse";"Ain";"Auvergne-Rhône-Alpes";"01000";"France";"46.2029482";"5.2200467"
"f981b68ba23f94a0a63d9cb38dcdfa6038b8b6a9";"Rue du Moulin de Brou, Les Quatre Poteaux, Les Vennes, Bourg-en-Bresse, Ain, Auvergne-Rhône-Alpes, France métropolitaine, 01000, France";"";"Rue du Moulin de Brou";"Bourg-en-Bresse";"Bourg-en-Bresse";"Ain";"Auvergne-Rhône-Alpes";"01000";"France";"46.1991757";"5.2446125"
"55524fbd2dfc7be9faa5c04e062198f9aedd4859";"7, Rue Comte de la Teyssonnière, Le Peloux, Bourg-en-Bresse, Ain, Auvergne-Rhône-Alpes, France métropolitaine, 01000, France";"7";"Rue Comte de la Teyssonnière";"Bourg-en-Bresse";"Bourg-en-Bresse";"Ain";"Auvergne-Rhône-Alpes";"01000";"France";"46.196854";"5.213405"
"dd476fa45ddac5d5b79b3bc567f4b229b4e56812";"26, Rue Montesquieu, Les Vennes, Bourg-en-Bresse, Ain, Auvergne-Rhône-Alpes, France métropolitaine, 01000, France";"26";"Rue Montesquieu";"Bourg-en-Bresse";"Bourg-en-Bresse";"Ain";"Auvergne-Rhône-Alpes";"01000";"France";"46.188487";"5.228244"
"3717f2801fc2f6cd0bd70f5d18468d657adb5288";"9, Rue Ampère, Le Peloux, Les Vennes, Bourg-en-Bresse, Ain, Auvergne-Rhône-Alpes, France métropolitaine, 01000, France";"9";"Rue Ampère";"Bourg-en-Bresse";"Bourg-en-Bresse";"Ain";"Auvergne-Rhône-Alpes";"01000";"France";"46.2009123";"5.2216911"
"59bd052a3fd6e4a5b4fc98a90f6159ecb3556178";"21, Rue de Bourgogne, L'Alagnier, Bourg-en-Bresse, Ain, Auvergne-Rhône-Alpes, France métropolitaine, 01000, France";"21";"Rue de Bourgogne";"Bourg-en-Bresse";"Bourg-en-Bresse";"Ain";"Auvergne-Rhône-Alpes";"01000";"France";"46.19787";"5.270573"
"50288407acce225133a809ff40a6677cb90effff";"Route de Ceyzériat, Les Teppes, Saint-Just, Bourg-en-Bresse, Ain, Auvergne-Rhône-Alpes, France métropolitaine, 01250, France";"";"Route de Ceyzériat";"";"Bourg-en-Bresse";"Ain";"Auvergne-Rhône-Alpes";"01250";"France";"46.191084";"5.2828422"
"eaf82a056c6343742f80616ef729ddf197e159e2";"1, Rue de Champagne, L'Alagnier, Bourg-en-Bresse, Ain, Auvergne-Rhône-Alpes, France métropolitaine, 01000, France";"1";"Rue de Champagne";"Bourg-en-Bresse";"Bourg-en-Bresse";"Ain";"Auvergne-Rhône-Alpes";"01000";"France";"46.196726";"5.276141"
"454c0170c56e4fad3659975a099bd6ae16495b39";"98, Rue de la Saône, Les Nièvres, Boz, Bourg-en-Bresse, Ain, Auvergne-Rhône-Alpes, France métropolitaine, 01190, France";"98";"Rue de la Saône";"";"Bourg-en-Bresse";"Ain";"Auvergne-Rhône-Alpes";"01190";"France";"46.407155";"4.90933"
"f399054b49dd7451c73cb0c66031f55d76ef2f19";"115, Rue de l'Église, Les Nièvres, Boz, Bourg-en-Bresse, Ain, Auvergne-Rhône-Alpes, France métropolitaine, 01190, France";"115";"Rue de l'Église";"";"Bourg-en-Bresse";"Ain";"Auvergne-Rhône-Alpes";"01190";"France";"46.406596";"4.912165"
"a596bcf16912af50be420b9162c0260cea866f6f";"Place de l’École, La Cornatière, Bret, Étrez, Bresse Vallons, Bourg-en-Bresse, Ain, Auvergne-Rhône-Alpes, France métropolitaine, 01340, France";"";"Place de l’École";"";"Bourg-en-Bresse";"Ain";"Auvergne-Rhône-Alpes";"01340";"France";"46.3346498";"5.1849125"
"366411dcd608ba1f4bddfb5bbc3ed1c50ed3e1b6";"Route de la Mairie, La Baronne, Certines, Bourg-en-Bresse, Ain, Auvergne-Rhône-Alpes, France métropolitaine, 01240, France";"";"Route de la Mairie";"";"Bourg-en-Bresse";"Ain";"Auvergne-Rhône-Alpes";"01240";"France";"46.13593";"5.2625313"
"16c307ea70f95533db46b1a37794b89b26be9f4a";"18 S, Chemin du Rippy, La Morandière, Le Cotillon, Certines, Bourg-en-Bresse, Ain, Auvergne-Rhône-Alpes, France métropolitaine, 01240, France";"18 S";"Chemin du Rippy";"";"Bourg-en-Bresse";"Ain";"Auvergne-Rhône-Alpes";"01240";"France";"46.1446034";"5.2637826"
"4afd237586f0d9aae0f8605b6349f12cdaf579ce";"2, Rue Pierre de Coubertin, Tréconnas, La Plantée, Ceyzériat, Bourg-en-Bresse, Ain, Auvergne-Rhône-Alpes, France métropolitaine, 01250, France";"2";"Rue Pierre de Coubertin";"";"Bourg-en-Bresse";"Ain";"Auvergne-Rhône-Alpes";"01250";"France";"46.182478";"5.313478"
"b384c3b36c7a6569317d7cd1469dea98c686ea31";"Allée des Résidences, Ceyzériat, Bourg-en-Bresse, Ain, Auvergne-Rhône-Alpes, France métropolitaine, 01250, France";"";"Allée des Résidences";"";"Bourg-en-Bresse";"Ain";"Auvergne-Rhône-Alpes";"01250";"France";"46.1762241";"5.3263908"
"5e2e57336bdf79fcc42b31a78836e75ee0fd8719";"Rue de Bourbouillon, Croulet, Ceyzérieu, Belley, Ain, Auvergne-Rhône-Alpes, France métropolitaine, 01350, France";"";"Rue de Bourbouillon";"";"Belley";"Ain";"Auvergne-Rhône-Alpes";"01350";"France";"45.8357944";"5.7263312"
"2490e74e7ed068ecd305e756120cc7bea5537351";"6, Rue du Centre, La Pierraille, Chaley, Belley, Ain, Auvergne-Rhône-Alpes, France métropolitaine, 01230, France";"6";"Rue du Centre";"";"Belley";"Ain";"Auvergne-Rhône-Alpes";"01230";"France";"45.955235";"5.530383"
"de147f1f2011a5d8a96298cca062a4b0086018c6";"Allée Saint-Exupéry, Charnoz-sur-Ain, Belley, Ain, Auvergne-Rhône-Alpes, France métropolitaine, 01800, France";"";"Allée Saint-Exupéry";"";"Belley";"Ain";"Auvergne-Rhône-Alpes";"01800";"France";"45.8642116";"5.221125"
"2177a76f411513d12c30816012b1327a2e02fd32";"58, Place des Halles, Le Maillet, Montplaisir, Châtillon-sur-Chalaronne, Bourg-en-Bresse, Ain, Auvergne-Rhône-Alpes, France métropolitaine, 01400, France";"58";"Place des Halles";"Châtillon-sur-Chalaronne";"Bourg-en-Bresse";"Ain";"Auvergne-Rhône-Alpes";"01400";"France";"46.118765";"4.956767"
"acb9c35f951802c6c31fa257a966c994a00a494a";"16, Route de Lyon, Le Bry, La Gasse, Civrieux, Bourg-en-Bresse, Ain, Auvergne-Rhône-Alpes, France métropolitaine, 01390, France";"16";"Route de Lyon";"";"Bourg-en-Bresse";"Ain";"Auvergne-Rhône-Alpes";"01390";"France";"45.921235";"4.881866"
"fb249468b3f23d44d70e6594feed8d1132467d52";"Grande Rue, Le Château, Coligny, Bourg-en-Bresse, Ain, Auvergne-Rhône-Alpes, France métropolitaine, 01270, France";"";"Grande Rue";"";"Bourg-en-Bresse";"Ain";"Auvergne-Rhône-Alpes";"01270";"France";"46.3824759";"5.3452822"
"aad4fef30fa334c9d04fc56087181b6b620035b7";"Place Soeur Rosalie Rendu, Champ Jacob, Confort, Nantua, Ain, Auvergne-Rhône-Alpes, France métropolitaine, 01200, France";"";"Place Soeur Rosalie Rendu";"";"Nantua";"Ain";"Auvergne-Rhône-Alpes";"01200";"France";"46.14993645";"5.822366553507936"
"8cd322d6e7be24e798085a34e260a0223bbc27bb";"120, Rue du Plan d'Eau, Chevignat, Courmangoux, Bourg-en-Bresse, Ain, Auvergne-Rhône-Alpes, France métropolitaine, 01370, France";"120";"Rue du Plan d'Eau";"";"Bourg-en-Bresse";"Ain";"Auvergne-Rhône-Alpes";"01370";"France";"46.3316402";"5.3829498"
"6dcf517cd6e73ce0bf68ab21b010d4f69ed9099f";"Place du Candi, La Teppe, Roissiat, Courmangoux, Bourg-en-Bresse, Ain, Auvergne-Rhône-Alpes, France métropolitaine, 01370, France";"";"Place du Candi";"";"Bourg-en-Bresse";"Ain";"Auvergne-Rhône-Alpes";"01370";"France";"46.3394402";"5.3682146"
"36945df30f7858af2509736a4e275a1137587483";"Le Bourg, Le Foset, Cruzilles-lès-Mépillat, Bourg-en-Bresse, Ain, Auvergne-Rhône-Alpes, France métropolitaine, 01290, France";"";"Le Bourg";"";"Bourg-en-Bresse";"Ain";"Auvergne-Rhône-Alpes";"01290";"France";"46.223867";"4.8793559"
"99bf29e977ec4f73b24200667c0669281edbbb88";"360, Route du Village, La Bidière, Curtafond, Bourg-en-Bresse, Ain, Auvergne-Rhône-Alpes, France métropolitaine, 01310, France";"360";"Route du Village";"";"Bourg-en-Bresse";"Ain";"Auvergne-Rhône-Alpes";"01310";"France";"46.270157";"5.090607"
"74247d4d98774bfcd5b0611b50d736e62df92f0a";"131, Rue Jean-Claude Raccurt, Dagneux, Bourg-en-Bresse, Ain, Auvergne-Rhône-Alpes, France métropolitaine, 01120, France";"131";"Rue Jean-Claude Raccurt";"";"Bourg-en-Bresse";"Ain";"Auvergne-Rhône-Alpes";"01120";"France";"45.85209";"5.076539"
"7090a9fe711f7596426d6c4b3302d969f8e1c39a";"Place des Tilleuls, Dagneux, Bourg-en-Bresse, Ain, Auvergne-Rhône-Alpes, France métropolitaine, 01120, France";"";"Place des Tilleuls";"";"Bourg-en-Bresse";"Ain";"Auvergne-Rhône-Alpes";"01120";"France";"45.8511938";"5.0759671"
"35fb1f57f8da0d169efc2fa805ca4a532ffe994f";"Chemin des Chapotières, Dagneux, Bourg-en-Bresse, Ain, Auvergne-Rhône-Alpes, France métropolitaine, 01120, France";"";"Chemin des Chapotières";"";"Bourg-en-Bresse";"Ain";"Auvergne-Rhône-Alpes";"01120";"France";"45.8577052";"5.0598788"
"de72a0f98c2c1f81445a9dc1ffd5fe0fbec733fe";"1, Place de l'Hôtel-de-Ville, La Cité, Dortan, Nantua, Ain, Auvergne-Rhône-Alpes, France métropolitaine, 01590, France";"1";"Place de l'Hôtel-de-Ville";"";"Nantua";"Ain";"Auvergne-Rhône-Alpes";"01590";"France";"46.3188445";"5.6596142"
"58f744065c0b1b133cc93a9b1de3ad5d08d0690d";"33, Rue de la Paix, Drom, Bourg-en-Bresse, Ain, Auvergne-Rhône-Alpes, France métropolitaine, 01250, France";"33";"Rue de la Paix";"";"Bourg-en-Bresse";"Ain";"Auvergne-Rhône-Alpes";"01250";"France";"46.218236";"5.36753"
"9a992dfe25d53525e48f1cf094485287e7f7a66a";"Route du Haut-Jura, Côte Druet, Échallon, Nantua, Ain, Auvergne-Rhône-Alpes, France métropolitaine, 01130, France";"";"Route du Haut-Jura";"";"Nantua";"Ain";"Auvergne-Rhône-Alpes";"01130";"France";"46.2174317";"5.7381756"
"b55c6210970e5cb68e72855535f691ac92c67e72";"Rue du 6 et 7 Février 1944, Évosges, Belley, Ain, Auvergne-Rhône-Alpes, France métropolitaine, 01230, France";"";"Rue du 6 et 7 Février 1944";"";"Belley";"Ain";"Auvergne-Rhône-Alpes";"01230";"France";"45.9606889";"5.5007224"
"36ea3dde1876d233b8eef17373a67532c9e3aadc";"Route de Pérouges, Les Bruyères, Le Vessu, Faramans, Belley, Ain, Auvergne-Rhône-Alpes, France métropolitaine, 01800, France";"";"Route de Pérouges";"";"Belley";"Ain";"Auvergne-Rhône-Alpes";"01800";"France";"45.9068706";"5.1360483"
"456423a0ddcfe494d676f84195ca95f92385c856";"Route de Fléchères, Rougeat, Fareins, Bourg-en-Bresse, Ain, Auvergne-Rhône-Alpes, France métropolitaine, 01480, France";"";"Route de Fléchères";"";"Bourg-en-Bresse";"Ain";"Auvergne-Rhône-Alpes";"01480";"France";"46.0258645";"4.7574169"
"1772b9a3e338e4846c7617b274502c747c3bc2e1";"Place Lacharme, Le Poux, Feillens, Bourg-en-Bresse, Ain, Auvergne-Rhône-Alpes, France métropolitaine, 01570, France";"";"Place Lacharme";"";"Bourg-en-Bresse";"Ain";"Auvergne-Rhône-Alpes";"01570";"France";"46.3340106";"4.8890384"
"959ed66fe5edd7840046ee87095f2e83fdf51085";"1, Rue de l'Église, Le Parc, Géovreisset, Nantua, Ain, Auvergne-Rhône-Alpes, France métropolitaine, 01100, France";"1";"Rue de l'Église";"";"Nantua";"Ain";"Auvergne-Rhône-Alpes";"01100";"France";"46.2555923";"5.6177353"
"3195b8f9e15dca563ba12d61e7dc576444db0218";"62, Rue de l'Horloge, Gex, Ain, Auvergne-Rhône-Alpes, France métropolitaine, 01170, France";"62";"Rue de l'Horloge";"Gex";"Gex";"Ain";"Auvergne-Rhône-Alpes";"01170";"France";"46.3338864";"6.0581728"
"1dcd935c5e20d188c7b4f281e04cb7d5ff3e34f1";"Route de Racouze, Grand-Corent, Bourg-en-Bresse, Ain, Auvergne-Rhône-Alpes, France métropolitaine, 01250, France";"";"Route de Racouze";"";"Bourg-en-Bresse";"Ain";"Auvergne-Rhône-Alpes";"01250";"France";"46.2009747";"5.4316477"
"a3c9b07dbae256ad13462a254f79d89b38c48610";"Rue du Centre, La Guillotière, Guéreins, Bourg-en-Bresse, Ain, Auvergne-Rhône-Alpes, France métropolitaine, 01090, France";"";"Rue du Centre";"";"Bourg-en-Bresse";"Ain";"Auvergne-Rhône-Alpes";"01090";"France";"46.1041328";"4.776214"
"8105f9bb803b26a33e50413297ea1128c9f8d94b";"Route de la Raie, Les Perrières, Hotonnes, Haut Valromey, Belley, Ain, Auvergne-Rhône-Alpes, France métropolitaine, 01260, France";"";"Route de la Raie";"";"Belley";"Ain";"Auvergne-Rhône-Alpes";"01260";"France";"46.0225649";"5.685049"
"67db5b021593accdf673e070d8ea67181e7b6830";"Rue des Lauzes, Lelinaz, Izieu, Belley, Ain, Auvergne-Rhône-Alpes, France métropolitaine, 01300, France";"";"Rue des Lauzes";"";"Belley";"Ain";"Auvergne-Rhône-Alpes";"01300";"France";"45.6520227";"5.6414962"
"22bfb441293ef8203e103ab9af080dceb1c7dd27";"Rue Thomas Riboud, L'Hermitage, Petit Corvey, Jasseron, Bourg-en-Bresse, Ain, Auvergne-Rhône-Alpes, France métropolitaine, 01250, France";"";"Rue Thomas Riboud";"";"Bourg-en-Bresse";"Ain";"Auvergne-Rhône-Alpes";"01250";"France";"46.2147625";"5.3271219"
"9bc08532036e6ec948cae3c91a8d4873589363ea";"Place Marcel Viénot, La Boisse, Bourg-en-Bresse, Ain, Auvergne-Rhône-Alpes, France métropolitaine, 01120, France";"";"Place Marcel Viénot";"";"Bourg-en-Bresse";"Ain";"Auvergne-Rhône-Alpes";"01120";"France";"45.8417836";"5.032692558833849"
"9ce51a639ef9eafa43ed997fdf2193f7ed5a0a30";"52, Rue Gambetta, Lagnieu, Belley, Ain, Auvergne-Rhône-Alpes, France métropolitaine, 01150, France";"52";"Rue Gambetta";"";"Belley";"Ain";"Auvergne-Rhône-Alpes";"01150";"France";"45.9024952";"5.3468864"
"61d17a51eec0f6805f7257bb7b4277cbb14c0278";"Rue de la Mairie, Loyettes, Belley, Ain, Auvergne-Rhône-Alpes, France métropolitaine, 01360, France";"";"Rue de la Mairie";"";"Belley";"Ain";"Auvergne-Rhône-Alpes";"01360";"France";"45.7741539";"5.2037435"
"b715a163e43c251cb3656bde93f5f28dac756a7f";"Le Bourg, Les Chaumes, Lurcy-le-Bourg, Cosne-Cours-sur-Loire, Nièvre, Bourgogne-Franche-Comté, France métropolitaine, 58700, France";"";"";"";"Cosne-Cours-sur-Loire";"Nièvre";"Bourgogne-Franche-Comté";"58700";"France";"47.1611349";"3.3860903"
"9876ec6954b92edac4a9049c8eef18f58ee1c4f5";"55, Chemin du Pré Blanc, Les Varennes, Le Chanayron, Massieux, Bourg-en-Bresse, Ain, Auvergne-Rhône-Alpes, France métropolitaine, 01600, France";"55";"Chemin du Pré Blanc";"";"Bourg-en-Bresse";"Ain";"Auvergne-Rhône-Alpes";"01600";"France";"45.90893735";"4.816369158526501"
"942419c68c97a055d38b291f7ebe346d04e34844";"Rue de l'Église, L'Egratay, Moulin d'en-Bas, Meillonnas, Bourg-en-Bresse, Ain, Auvergne-Rhône-Alpes, France métropolitaine, 01370, France";"";"Rue de l'Église";"";"Bourg-en-Bresse";"Ain";"Auvergne-Rhône-Alpes";"01370";"France";"46.2455938";"5.3521594"
"45b3d92136be1287d6fbd7649f07538be7fc82b5";"La Raza, 292, Chemin du Bois d'Amont, La Raza, Meillonnas, Bourg-en-Bresse, Ain, Auvergne-Rhône-Alpes, France métropolitaine, 01370, France";"292";"Chemin du Bois d'Amont";"";"Bourg-en-Bresse";"Ain";"Auvergne-Rhône-Alpes";"01370";"France";"46.2574677";"5.321668367646787"
"52882d8be06b254567f22ecd27747c694219a451";"2, Rue de Laye, La Côte, Meximieux, Belley, Ain, Auvergne-Rhône-Alpes, France métropolitaine, 01800, France";"2";"Rue de Laye";"";"Belley";"Ain";"Auvergne-Rhône-Alpes";"01800";"France";"45.9117486";"5.2019375"
"57318f9c56e60eebfe5270955b8abcd887fd9a79";"Piste Cyclable Avenue du Docteur Berthier, Mas Grobon, Meximieux, Belley, Ain, Auvergne-Rhône-Alpes, France métropolitaine, 01800, France";"";"Piste Cyclable Avenue du Docteur Berthier";"";"Belley";"Ain";"Auvergne-Rhône-Alpes";"01800";"France";"45.9032532";"5.1898206"
"c4edd6405576fb9ac2210ee4ea76e5986faf7fb9";"55, Place de la Gare, Les Badelles, Mézériat, Bourg-en-Bresse, Ain, Auvergne-Rhône-Alpes, France métropolitaine, 01660, France";"55";"Place de la Gare";"";"Bourg-en-Bresse";"Ain";"Auvergne-Rhône-Alpes";"01660";"France";"46.234561";"5.046819"
"bfd28ae4d09bbdbf0d34b145af9fd3f37c096784";"Chemin des Platières, Gaillebeau, Mionnay, Bourg-en-Bresse, Ain, Auvergne-Rhône-Alpes, France métropolitaine, 01390, France";"";"Chemin des Platières";"";"Bourg-en-Bresse";"Ain";"Auvergne-Rhône-Alpes";"01390";"France";"45.9049239";"4.9545195"
"4fb3bdb6e33dc8fae3684021da0e4bdb670eafc1";"Rue de la Dombes, Domaine de Miribel, Miribel, Bourg-en-Bresse, Ain, Auvergne-Rhône-Alpes, France métropolitaine, 01700, France";"";"Rue de la Dombes";"Miribel";"Bourg-en-Bresse";"Ain";"Auvergne-Rhône-Alpes";"01700";"France";"45.8710291";"4.9230371"
"10a1f824dfc56cf089e01d8e7c1b01dc80b8ead9";"Rue de Saint-Martin, Miribel, Bourg-en-Bresse, Ain, Auvergne-Rhône-Alpes, France métropolitaine, 01700, France";"";"Rue de Saint-Martin";"Miribel";"Bourg-en-Bresse";"Ain";"Auvergne-Rhône-Alpes";"01700";"France";"45.8295688";"4.9632586"
"6b2f46f21f6cc3a59ec0354c2c35f3648d64ce43";"Rue des Écoles, Le Mas Rillier, Miribel, Bourg-en-Bresse, Ain, Auvergne-Rhône-Alpes, France métropolitaine, 01700, France";"";"Rue des Écoles";"Miribel";"Bourg-en-Bresse";"Ain";"Auvergne-Rhône-Alpes";"01700";"France";"45.825281";"4.9524432"
"58c9271304b6b06a69b7db2a845d113528d9eb2b";"Grande Rue, Misérieux, Bourg-en-Bresse, Ain, Auvergne-Rhône-Alpes, France métropolitaine, 01600, France";"";"Grande Rue";"";"Bourg-en-Bresse";"Ain";"Auvergne-Rhône-Alpes";"01600";"France";"45.983294";"4.8022146"
"94e1717d0118844cf6127b917359723c9a87631b";"Montée Saint-Vincent, Avaneins-d'en-Bas, Flurieux, Mogneneins, Bourg-en-Bresse, Ain, Auvergne-Rhône-Alpes, France métropolitaine, 01140, France";"";"Montée Saint-Vincent";"";"Bourg-en-Bresse";"Ain";"Auvergne-Rhône-Alpes";"01140";"France";"46.1425621";"4.8078335"
"a7860ed48c79a9a9d911a6936e48dacd8df7a81b";"1605, Route du Village, Le Haut Montagnat, La Culatte, Montagnat, Bourg-en-Bresse, Ain, Auvergne-Rhône-Alpes, France métropolitaine, 01250, France";"1605";"Route du Village";"";"Bourg-en-Bresse";"Ain";"Auvergne-Rhône-Alpes";"01250";"France";"46.1698655";"5.2835168"
"6aba157e7b20558603b5cb3394a1bd6680c46391";"Chemin de Betheneins, Betheneins, Montceaux, Bourg-en-Bresse, Ain, Auvergne-Rhône-Alpes, France métropolitaine, 01090, France";"";"Chemin de Betheneins";"";"Bourg-en-Bresse";"Ain";"Auvergne-Rhône-Alpes";"01090";"France";"46.0927022";"4.7901961"
"b32159f4d574ade0a5c7863959d0fe7dee11d6ad";"360, Quai des Remparts, Les Écorchats, Montluel, Bourg-en-Bresse, Ain, Auvergne-Rhône-Alpes, France métropolitaine, 01120, France";"360";"Quai des Remparts";"";"Bourg-en-Bresse";"Ain";"Auvergne-Rhône-Alpes";"01120";"France";"45.850438";"5.05699"
"383bc3a1ce5ab3f6f2c37b8bfa86424647d563ed";"Rue du Collège, Les Écorchats, Montluel, Bourg-en-Bresse, Ain, Auvergne-Rhône-Alpes, France métropolitaine, 01120, France";"";"Rue du Collège";"";"Bourg-en-Bresse";"Ain";"Auvergne-Rhône-Alpes";"01120";"France";"45.852691";"5.0562657"
"3930cfc9b79270ec404e2ffce586105b5929e6de";"59, Avenue de la Gare, Les Écorchats, Montluel, Bourg-en-Bresse, Ain, Auvergne-Rhône-Alpes, France métropolitaine, 01120, France";"59";"Avenue de la Gare";"";"Bourg-en-Bresse";"Ain";"Auvergne-Rhône-Alpes";"01120";"France";"45.8513262";"5.0571103"
"69fe20b52863ba9ca814d1669d7b46917c6bbff2";"Cours Condé, Les Écorchats, Montluel, Bourg-en-Bresse, Ain, Auvergne-Rhône-Alpes, France métropolitaine, 01120, France";"";"Cours Condé";"";"Bourg-en-Bresse";"Ain";"Auvergne-Rhône-Alpes";"01120";"France";"45.8508308";"5.0579577"
"4fd3f931b97785d0bdae44df1a6fa1463dd7ce03";"24, Chemin du Casard, Le Roset, Le Casard, Cordieux, Montluel, Bourg-en-Bresse, Ain, Auvergne-Rhône-Alpes, France métropolitaine, 01120, France";"24";"Chemin du Casard";"";"Bourg-en-Bresse";"Ain";"Auvergne-Rhône-Alpes";"01120";"France";"45.920147";"5.012452"
"ebef864c0b2ab6133b4183f3bbb3a845dcfb2a09";"Boulevard de la République, Montmerle-sur-Saône, Bourg-en-Bresse, Ain, Auvergne-Rhône-Alpes, France métropolitaine, 01090, France";"";"Boulevard de la République";"";"Bourg-en-Bresse";"Ain";"Auvergne-Rhône-Alpes";"01090";"France";"46.0780147";"4.7626721"
"795a6f89859ffa4039ebdf46a28bb1027ba880f9";"Place du Sorbier, Bel-Air, Treize Vents, Montrevel-en-Bresse, Bourg-en-Bresse, Ain, Auvergne-Rhône-Alpes, France métropolitaine, 01340, France";"";"Place du Sorbier";"";"Bourg-en-Bresse";"Ain";"Auvergne-Rhône-Alpes";"01340";"France";"46.3354084";"5.1185845"
"711e49b95dabed3135e833ee9a9cc8cfb614bdf8";"10 bis, Place d'Armes, Le Chateau, Nantua, Ain, Auvergne-Rhône-Alpes, France métropolitaine, 01130, France";"10 bis";"Place d'Armes";"";"Nantua";"Ain";"Auvergne-Rhône-Alpes";"01130";"France";"46.151772";"5.6075737"
"a5b35928aeab77e4ad9080485af440239860bfca";"Place Joseph Rynois, Le Port, Neuville-sur-Ain, Nantua, Ain, Auvergne-Rhône-Alpes, France métropolitaine, 01160, France";"";"Place Joseph Rynois";"";"Nantua";"Ain";"Auvergne-Rhône-Alpes";"01160";"France";"46.079018500000004";"5.37625492893047"
"94e1af697a0a93eff6c6aab0bd2393ee7ec2b721";"30, Chemin des Grandes Terres, Neyron, Bourg-en-Bresse, Ain, Auvergne-Rhône-Alpes, France métropolitaine, 01700, France";"30";"Chemin des Grandes Terres";"";"Bourg-en-Bresse";"Ain";"Auvergne-Rhône-Alpes";"01700";"France";"45.812043";"4.922849"
"56895d90866a6f59b6dba2a67f1067b82109a0c6";"Route de Genève, Neyron, Bourg-en-Bresse, Ain, Auvergne-Rhône-Alpes, France métropolitaine, 01700, France";"";"Route de Genève";"";"Bourg-en-Bresse";"Ain";"Auvergne-Rhône-Alpes";"01700";"France";"45.8140083";"4.9310635"
"a96564b6bf41a5f2344f4ad5c10bf4e4f3cfe5f7";"2, Rue du Revermont, Bois Clapay, Chavannes-sur-Suran, Nivigne et Suran, Bourg-en-Bresse, Ain, Auvergne-Rhône-Alpes, France métropolitaine, 01250, France";"2";"Rue du Revermont";"";"Bourg-en-Bresse";"Ain";"Auvergne-Rhône-Alpes";"01250";"France";"46.26347705";"5.425644874226153"
"6a7e95bfcc35752d6a9594381197cec390ef209f";"114, Rue du Père Adam, Ornex, Gex, Ain, Auvergne-Rhône-Alpes, France métropolitaine, 01210, France";"114";"Rue du Père Adam";"";"Gex";"Ain";"Auvergne-Rhône-Alpes";"01210";"France";"46.2639601";"6.111813"
"e103977b897b10148d6621737ad6677f4b495343";"Rue de Villard, Maconnex, Ornex, Gex, Ain, Auvergne-Rhône-Alpes, France métropolitaine, 01210, France";"";"Rue de Villard";"";"Gex";"Ain";"Auvergne-Rhône-Alpes";"01210";"France";"46.2838474";"6.0858372"
"94ac75e26749bfb908c62e1744022a9ea55739a2";"213, Rue du Salève, Ornex, Gex, Ain, Auvergne-Rhône-Alpes, France métropolitaine, 01210, France";"213";"Rue du Salève";"";"Gex";"Ain";"Auvergne-Rhône-Alpes";"01210";"France";"46.266963";"6.097865"
"9f52674cc63452ee9fd4d204139af1035c346146";"Rue de Béjoud, Maconnex, Ornex, Gex, Ain, Auvergne-Rhône-Alpes, France métropolitaine, 01210, France";"";"Rue de Béjoud";"";"Gex";"Ain";"Auvergne-Rhône-Alpes";"01210";"France";"46.2764726";"6.0943786"
"5d685e23c557827e9749d4cacf7e117b0cdf1654";"Rue du Clos de Diane, Ornex, Gex, Ain, Auvergne-Rhône-Alpes, France métropolitaine, 01210, France";"";"Rue du Clos de Diane";"";"Gex";"Ain";"Auvergne-Rhône-Alpes";"01210";"France";"46.2706077";"6.100693"
"18ed9c8b3db94c3934958ab7401b9d31b234ee6f";"87, Rue de la Culaz, Ornex, Gex, Ain, Auvergne-Rhône-Alpes, France métropolitaine, 01210, France";"87";"Rue de la Culaz";"";"Gex";"Ain";"Auvergne-Rhône-Alpes";"01210";"France";"46.27169189999999";"6.095952650374953"
"671e80fbac577b2cc5bd22e8fd6c5d4b11ed7571";"Place Philomène Piquet, Veyziat, Oyonnax, Nantua, Ain, Auvergne-Rhône-Alpes, France métropolitaine, 01100, France";"";"Place Philomène Piquet";"Oyonnax";"Nantua";"Ain";"Auvergne-Rhône-Alpes";"01100";"France";"46.2714414";"5.6292503"
"5aca8611fff67e6c69f27acac1ca8e31febfa619";"Place Vaillant Couturier, Oyonnax, La Forge, Oyonnax, Nantua, Ain, Auvergne-Rhône-Alpes, France métropolitaine, 01100, France";"";"Place Vaillant Couturier";"Oyonnax";"Nantua";"Ain";"Auvergne-Rhône-Alpes";"01100";"France";"46.2595223";"5.6534939"
"9a10acb195dab44ce9b0c5d191f48c57374785fc";"60, Rue Anatole France, Oyonnax, Nantua, Ain, Auvergne-Rhône-Alpes, France métropolitaine, 01100, France";"60";"Rue Anatole France";"Oyonnax";"Nantua";"Ain";"Auvergne-Rhône-Alpes";"01100";"France";"46.26052";"5.658218"
"498c0dcc217b74ca5374811b9f7b94bc61d4412a";"Rue des Rondes, Cité Médiévale de Pérouges, Le Péage, Pérouges, Belley, Ain, Auvergne-Rhône-Alpes, France métropolitaine, 01800, France";"";"Rue des Rondes";"";"Belley";"Ain";"Auvergne-Rhône-Alpes";"01800";"France";"45.9037039";"5.1797833"
"c05e19b775064e933cbd7ff876575ca480f487b7";"99, Route de la Cité, Liaudon, Le Péage, Pérouges, Belley, Ain, Auvergne-Rhône-Alpes, France métropolitaine, 01800, France";"99";"Route de la Cité";"";"Belley";"Ain";"Auvergne-Rhône-Alpes";"01800";"France";"45.9046846";"5.1767827"
"281597f0e277fefb6b2a6f88a99c9bb638dbef24";"176, Route du Rhône, Nanthuy, Peyrieu, Belley, Ain, Auvergne-Rhône-Alpes, France métropolitaine, 01300, France";"176";"Route du Rhône";"";"Belley";"Ain";"Auvergne-Rhône-Alpes";"01300";"France";"45.676787";"5.676667"
"ae02b59e9c06b9fd60781005a986058fea3b5e41";"Rue du Col de la Lèbe, Cormaranche-en-Bugey, Plateau d'Hauteville, Belley, Ain, Auvergne-Rhône-Alpes, France métropolitaine, 01110, France";"";"Rue du Col de la Lèbe";"";"Belley";"Ain";"Auvergne-Rhône-Alpes";"01110";"France";"45.9503322";"5.6112617"
"1765336cd89dc9dcb83af58336fec5596afc5b99";"Route de Mézériat, La Croix-Rouge, Les Jomins, Polliat, Bourg-en-Bresse, Ain, Auvergne-Rhône-Alpes, France métropolitaine, 01310, France";"";"Route de Mézériat";"";"Bourg-en-Bresse";"Ain";"Auvergne-Rhône-Alpes";"01310";"France";"46.2472341";"5.1189837"
"3cef96073a1708f4e28766adf86fec71975d2c2e";"Passage du Lavoir, Leyzieu, Pollieu, Belley, Ain, Auvergne-Rhône-Alpes, France métropolitaine, 01350, France";"";"Passage du Lavoir";"";"Belley";"Ain";"Auvergne-Rhône-Alpes";"01350";"France";"45.7923107";"5.7484933"
"a8dac859c5972c6075807046509cefdcb74fd8e1";"Route du Lac, Leyzieu, Pollieu, Belley, Ain, Auvergne-Rhône-Alpes, France métropolitaine, 01350, France";"";"Route du Lac";"";"Belley";"Ain";"Auvergne-Rhône-Alpes";"01350";"France";"45.7943987";"5.744845"
"5b82a4f19352dd3009fe700b70dcf3c7be6072c9";"44, Rue Maréchal de Lattre de Tassigny, Le Grand-Faubourg, La Teppe, Pont-de-Vaux, Bourg-en-Bresse, Ain, Auvergne-Rhône-Alpes, France métropolitaine, 01190, France";"44";"Rue Maréchal de Lattre de Tassigny";"";"Bourg-en-Bresse";"Ain";"Auvergne-Rhône-Alpes";"01190";"France";"46.431237";"4.937515"
"75cce060db91cc13e01d4b00cfacecdc5c54142f";"Route de Mategnin, Prévessin-Moëns, Prévessin, Gex, Ain, Auvergne-Rhône-Alpes, France métropolitaine, 01280, France";"";"Route de Mategnin";"";"Gex";"Ain";"Auvergne-Rhône-Alpes";"01280";"France";"46.2546855";"6.06756"
"6407131e5d652951b71f2fd0b76c3b5e1b9c3cfa";"166, Chemin des Perrières, Prévessin-Moëns, Moëns, Gex, Ain, Auvergne-Rhône-Alpes, France métropolitaine, 01280, France";"166";"Chemin des Perrières";"";"Gex";"Ain";"Auvergne-Rhône-Alpes";"01280";"France";"46.2647609";"6.095296532772116"
"c502367757666a341c63ce0d209a025665106387";"Rue Atlas, Prévessin-Moëns, Prévessin, Gex, Ain, Auvergne-Rhône-Alpes, France métropolitaine, 01280, France";"";"Rue Atlas";"";"Gex";"Ain";"Auvergne-Rhône-Alpes";"01280";"France";"46.2565946";"6.0714417"
"69dc8821a925f5d10dd4dff031f8758530b87038";"Route de la Dombes, Château de la Tour, Priay, Nantua, Ain, Auvergne-Rhône-Alpes, France métropolitaine, 01160, France";"";"Route de la Dombes";"";"Nantua";"Ain";"Auvergne-Rhône-Alpes";"01160";"France";"46.0034485";"5.28957"
"06ee6d8cf32d17bf1b9dfc68031e4bbd20481407";"26, Rue Louis Antoine Duriat, Veissieux, Reyrieux, Bourg-en-Bresse, Ain, Auvergne-Rhône-Alpes, France métropolitaine, 01600, France";"26";"Rue Louis Antoine Duriat";"";"Bourg-en-Bresse";"Ain";"Auvergne-Rhône-Alpes";"01600";"France";"45.934012";"4.823607"
"b7248773f2fe62dcd83cd1fd0be974506e6ad3bc";"Grande Rue, Ruffieu, Belley, Ain, Auvergne-Rhône-Alpes, France métropolitaine, 01260, France";"";"Grande Rue";"";"Belley";"Ain";"Auvergne-Rhône-Alpes";"01260";"France";"45.9958746";"5.6641424"
"3a17b3006f4d73f6674d9aecbfa869871f9d4428";"41, Rue des Fours, Chamagnat, Saint-Alban, Nantua, Ain, Auvergne-Rhône-Alpes, France métropolitaine, 01450, France";"41";"Rue des Fours";"";"Nantua";"Ain";"Auvergne-Rhône-Alpes";"01450";"France";"46.094693";"5.453407"
"64562f77c6ef0a3d826f54f29dfc735326542862";"Route de Montrin, Montrin, Saint-Bénigne, Bourg-en-Bresse, Ain, Auvergne-Rhône-Alpes, France métropolitaine, 01190, France";"";"Route de Montrin";"";"Bourg-en-Bresse";"Ain";"Auvergne-Rhône-Alpes";"01190";"France";"46.4349806";"4.9738948"
"b1c2d57c09d7fa31779a34db009f7138e3cf3bb6";"Rue du Menthon, La Poype, Saint-Cyr-sur-Menthon, Bourg-en-Bresse, Ain, Auvergne-Rhône-Alpes, France métropolitaine, 01380, France";"";"Rue du Menthon";"";"Bourg-en-Bresse";"Ain";"Auvergne-Rhône-Alpes";"01380";"France";"46.2761557";"4.9722515"
"33cc23efded1440fd129fc046ea585f1cffa76a4";"Route de Trévoux, Les Bruyères, Saint-Didier-de-Formans, Bourg-en-Bresse, Ain, Auvergne-Rhône-Alpes, France métropolitaine, 01600, France";"";"Route de Trévoux";"";"Bourg-en-Bresse";"Ain";"Auvergne-Rhône-Alpes";"01600";"France";"45.9503649";"4.7853112"
"a1bf6f5ba0b030027dbf8471d2075f6b440da767";"Rue de Crénans, Crénans, Bel-Air, Saint-Didier-sur-Chalaronne, Bourg-en-Bresse, Ain, Auvergne-Rhône-Alpes, France métropolitaine, 01140, France";"";"Rue de Crénans";"";"Bourg-en-Bresse";"Ain";"Auvergne-Rhône-Alpes";"01140";"France";"46.1767954";"4.8116298"
"adcb2993c56751df68e5850ffa1f81babe66cb10";"Intermarché Super, 148, Rue des Chalets, Saint-Genis-Pouilly, Gex, Ain, Auvergne-Rhône-Alpes, France métropolitaine, 01630, France";"148";"Rue des Chalets";"Saint-Genis-Pouilly";"Gex";"Ain";"Auvergne-Rhône-Alpes";"01630";"France";"46.263996";"6.029845731313132"
"06b18146e0025536153cea3fb075804491fcbc5d";"Place de la Mairie, La Ruine, Saint-Genis-sur-Menthon, Bourg-en-Bresse, Ain, Auvergne-Rhône-Alpes, France métropolitaine, 01380, France";"";"Place de la Mairie";"";"Bourg-en-Bresse";"Ain";"Auvergne-Rhône-Alpes";"01380";"France";"46.2822146";"5.0089518"
"83d0dbe8e9b3a07dc433d7d3aeeca7571fd524b1";"Route de la Perrière, Appregnin, Saint-Germain-les-Paroisses, Belley, Ain, Auvergne-Rhône-Alpes, France métropolitaine, 01300, France";"";"Route de la Perrière";"";"Belley";"Ain";"Auvergne-Rhône-Alpes";"01300";"France";"45.7653084";"5.6097206"
"b1bd137a97151cc473218e73fbbfcf59b3978c59";"Place de la Cure, Meyrieu, Saint-Germain-les-Paroisses, Belley, Ain, Auvergne-Rhône-Alpes, France métropolitaine, 01300, France";"";"Place de la Cure";"";"Belley";"Ain";"Auvergne-Rhône-Alpes";"01300";"France";"45.7738024";"5.6191438"
"84dce60d1253276799733991d765f7ea748c777f";"Rue Claude Antoine Guillin, Le Plâtre, Saint-Germain-sur-Renon, Bourg-en-Bresse, Ain, Auvergne-Rhône-Alpes, France métropolitaine, 01240, France";"";"Rue Claude Antoine Guillin";"";"Bourg-en-Bresse";"Ain";"Auvergne-Rhône-Alpes";"01240";"France";"46.0810881";"5.0572085"
"76861ed8c7543b98343c15de3f40a10dd0a7e684";"11, Route Napoléon, La Velle, Saint-Martin-de-Bavel, Belley, Ain, Auvergne-Rhône-Alpes, France métropolitaine, 01510, France";"11";"Route Napoléon";"";"Belley";"Ain";"Auvergne-Rhône-Alpes";"01510";"France";"45.849035";"5.68006824390244"
"e29ec540215b1a9b8d40513dd6f09dba7a6e762e";"125, Descente de Fanget, Soblay, Saint-Martin-du-Mont, Bourg-en-Bresse, Ain, Auvergne-Rhône-Alpes, France métropolitaine, 01160, France";"125";"Descente de Fanget";"";"Bourg-en-Bresse";"Ain";"Auvergne-Rhône-Alpes";"01160";"France";"46.0994262";"5.3487361"
"fceeade016adab7704db5c8dab81667d8b8ab254";"Place de la Poste, Saint-Maurice-de-Rémens, Belley, Ain, Auvergne-Rhône-Alpes, France métropolitaine, 01500, France";"";"Place de la Poste";"";"Belley";"Ain";"Auvergne-Rhône-Alpes";"01500";"France";"45.9590467";"5.2762128"
"ee9b1f71e4c5cd31d90b910cb1d77c272b69a05c";"70, Chemin de la Grange Maigre, Petit Mépillat, Saint-Nizier-le-Bouchoux, Bourg-en-Bresse, Ain, Auvergne-Rhône-Alpes, France métropolitaine, 01560, France";"70";"Chemin de la Grange Maigre";"";"Bourg-en-Bresse";"Ain";"Auvergne-Rhône-Alpes";"01560";"France";"46.451086";"5.189878"
"e6b99bcb7ecfb6ebeb4fd5587c071c4ed9668fba";"Rue de la République, La Cure, La Glacière, Saint-Trivier-sur-Moignans, Bourg-en-Bresse, Ain, Auvergne-Rhône-Alpes, France métropolitaine, 01990, France";"";"Rue de la République";"";"Bourg-en-Bresse";"Ain";"Auvergne-Rhône-Alpes";"01990";"France";"46.0720715";"4.8969117"
"9f2ec81a1694f0fa47f4940a1104a14cac979443";"1461, Rue de Claires-Fontaines, Saint-Vulbas, Belley, Ain, Auvergne-Rhône-Alpes, France métropolitaine, 01150, France";"1461";"Rue de Claires-Fontaines";"";"Belley";"Ain";"Auvergne-Rhône-Alpes";"01150";"France";"45.8278563";"5.2876036"
"54603aa478fac257fe306a8f70f4b87939ec8097";"6, Lotissement les Roches, Marcilleux, Saint-Vulbas, Belley, Ain, Auvergne-Rhône-Alpes, France métropolitaine, 01150, France";"6";"Lotissement les Roches";"";"Belley";"Ain";"Auvergne-Rhône-Alpes";"01150";"France";"45.8116741";"5.2757017"
"0c80fc13c3b5983ffae38b62cc759fbbc693804b";"Centre international de rencontres, 1558, Rue de Claires-Fontaines, Saint-Vulbas, Belley, Ain, Auvergne-Rhône-Alpes, France métropolitaine, 01150, France";"1558";"Rue de Claires-Fontaines";"";"Belley";"Ain";"Auvergne-Rhône-Alpes";"01150";"France";"45.8266383";"5.285458949231049"
"3c6c02b81ca3ce29d3c77d87dd6d0d1916f8084a";"129, Chemin de la Rivière, Saint-Vulbas, Belley, Ain, Auvergne-Rhône-Alpes, France métropolitaine, 01150, France";"129";"Chemin de la Rivière";"";"Belley";"Ain";"Auvergne-Rhône-Alpes";"01150";"France";"45.8120434";"5.2391594"
"1da760aa0402450153af7fd42702e1fdaa2b61fa";"11, Chemin du Grand Pré, Sainte-Croix, Bourg-en-Bresse, Ain, Auvergne-Rhône-Alpes, France métropolitaine, 01120, France";"11";"Chemin du Grand Pré";"";"Bourg-en-Bresse";"Ain";"Auvergne-Rhône-Alpes";"01120";"France";"45.893823";"5.0523744"
"73bfd7b56d04ad731519b00f002d1d02e8baff62";"Rue de la Salle des Fêtes, Sainte-Julie, Belley, Ain, Auvergne-Rhône-Alpes, France métropolitaine, 01150, France";"";"Rue de la Salle des Fêtes";"";"Belley";"Ain";"Auvergne-Rhône-Alpes";"01150";"France";"45.8915876";"5.277611"
"994eedbe72a22814285c38a370a37ea8ef55ead5";"Lotissement Le Pré Chapon, La Croix, Sandrans, Bourg-en-Bresse, Ain, Auvergne-Rhône-Alpes, France métropolitaine, 01400, France";"";"Lotissement Le Pré Chapon";"";"Bourg-en-Bresse";"Ain";"Auvergne-Rhône-Alpes";"01400";"France";"46.0642509";"4.9788858"
"2b5af990a89620d15a459853e5dd980b18531ce1";"465, Route de la Douane, Sauverny, Gex, Ain, Auvergne-Rhône-Alpes, France métropolitaine, 01220, France";"465";"Route de la Douane";"";"Gex";"Ain";"Auvergne-Rhône-Alpes";"01220";"France";"46.312628";"6.118894"
"074dd4a11859ddc58bccccaedd6e693a4b5f3a9d";"11, Chemin du Moulin, Grilly, Gex, Ain, Auvergne-Rhône-Alpes, France métropolitaine, 01220, France";"11";"Chemin du Moulin";"";"Gex";"Ain";"Auvergne-Rhône-Alpes";"01220";"France";"46.31579";"6.11557"
"4ea945064f93e13898704367c6098172ff40dc14";"162, Rue du Vieux Bourg, Ségny, Gex, Ain, Auvergne-Rhône-Alpes, France métropolitaine, 01170, France";"162";"Rue du Vieux Bourg";"";"Gex";"Ain";"Auvergne-Rhône-Alpes";"01170";"France";"46.296085";"6.072697"
"39c2df460adabe19515247503898cfbddea20081";"39, Place du Marché, Les Chapuis, Sermoyer, Bourg-en-Bresse, Ain, Auvergne-Rhône-Alpes, France métropolitaine, 01190, France";"39";"Place du Marché";"";"Bourg-en-Bresse";"Ain";"Auvergne-Rhône-Alpes";"01190";"France";"46.496898";"4.979732"
"540d3869da71dfb72e3aeca51ef33c915cedfe68";"Grande Rue, Le Petit Serrières, Serrières-de-Briord, Belley, Ain, Auvergne-Rhône-Alpes, France métropolitaine, 01470, France";"";"Grande Rue";"";"Belley";"Ain";"Auvergne-Rhône-Alpes";"01470";"France";"45.8061218";"5.4539058"
"06564101827f46f0a15464f73b8d8aee89a4cdd9";"Rue des Écoles, Romans, Servas, Bourg-en-Bresse, Ain, Auvergne-Rhône-Alpes, France métropolitaine, 01960, France";"";"Rue des Écoles";"";"Bourg-en-Bresse";"Ain";"Auvergne-Rhône-Alpes";"01960";"France";"46.1327252";"5.1665259"
"83a91bf5cc73c25601859b4dcf7ea8b66becead9";"132, Rue Louis François Jambon, Les Teppes, Les Landenettes, Tossiat, Bourg-en-Bresse, Ain, Auvergne-Rhône-Alpes, France métropolitaine, 01250, France";"132";"Rue Louis François Jambon";"";"Bourg-en-Bresse";"Ain";"Auvergne-Rhône-Alpes";"01250";"France";"46.1397389";"5.3165116"
"c4cf56ee8c5fa23ad85c4f5cf3f6202f5e09705a";"Route des Echets, Tramoyes, Bourg-en-Bresse, Ain, Auvergne-Rhône-Alpes, France métropolitaine, 01390, France";"";"Route des Echets";"";"Bourg-en-Bresse";"Ain";"Auvergne-Rhône-Alpes";"01390";"France";"45.8738563";"4.9504132"
"212e1b78b9e45f4714e61e7377d17a4d647d17d5";"Rue du Marquis de Sallmard, Tramoyes, Bourg-en-Bresse, Ain, Auvergne-Rhône-Alpes, France métropolitaine, 01390, France";"";"Rue du Marquis de Sallmard";"";"Bourg-en-Bresse";"Ain";"Auvergne-Rhône-Alpes";"01390";"France";"45.8798313";"4.9698564"
"060f911fe45114597d82c4f510ebcbdbe240605f";"11, Rue des Tours, Trévoux, Bourg-en-Bresse, Ain, Auvergne-Rhône-Alpes, France métropolitaine, 01600, France";"11";"Rue des Tours";"Trévoux";"Bourg-en-Bresse";"Ain";"Auvergne-Rhône-Alpes";"01600";"France";"45.941229";"4.774636"
"e447db73913ca30ed6f898d79492b160668f11af";"194, Avenue du Docteur Bollet, Trévoux, Bourg-en-Bresse, Ain, Auvergne-Rhône-Alpes, France métropolitaine, 01600, France";"194";"Avenue du Docteur Bollet";"Trévoux";"Bourg-en-Bresse";"Ain";"Auvergne-Rhône-Alpes";"01600";"France";"45.940537";"4.770137"
"cde1315d92a2891409a3e6ec0b4b0c44f61f37c4";"Place du Champ de Foire, Lorme, Treffort, Val-Revermont, Bourg-en-Bresse, Ain, Auvergne-Rhône-Alpes, France métropolitaine, 01370, France";"";"Place du Champ de Foire";"";"Bourg-en-Bresse";"Ain";"Auvergne-Rhône-Alpes";"01370";"France";"46.270289";"5.3678274"
"fd4c772faec373c085216b04de3b904308edba25";"4, Place Victor Bérard, Beauséjour, Bellegarde-sur-Valserine, Valserhône, Nantua, Ain, Auvergne-Rhône-Alpes, France métropolitaine, 01200, France";"4";"Place Victor Bérard";"Valserhône";"Nantua";"Ain";"Auvergne-Rhône-Alpes";"01200";"France";"46.1084621";"5.8297817"
"bc2a001bdc15623ac226faff0deacd592db11936";"Route de Vonnas, Lotissement l'Orée du Village, Les Brosses, Vandeins, Bourg-en-Bresse, Ain, Auvergne-Rhône-Alpes, France métropolitaine, 01660, France";"";"Route de Vonnas";"";"Bourg-en-Bresse";"Ain";"Auvergne-Rhône-Alpes";"01660";"France";"46.2147205";"5.0788823"
"851b9c3697e75d0684289b15bc4a9c55889242ae";"Quai du Buizin, Boisset, Vaux-en-Bugey, Belley, Ain, Auvergne-Rhône-Alpes, France métropolitaine, 01150, France";"";"Quai du Buizin";"";"Belley";"Ain";"Auvergne-Rhône-Alpes";"01150";"France";"45.9287711";"5.3566146"
"0a79f45a56ed5b46d1a3eba7bd39935414eae4ac";"Rue des Acacias, Croix Blanche, Saint-Michel, Villars-les-Dombes, Bourg-en-Bresse, Ain, Auvergne-Rhône-Alpes, France métropolitaine, 01330, France";"";"Rue des Acacias";"Villars-les-Dombes";"Bourg-en-Bresse";"Ain";"Auvergne-Rhône-Alpes";"01330";"France";"46.0032713";"5.0272731"
"ff95ff6a1f163163084ebebef77c15fcb6bce323";"132, Rue Gilbert Boullier, Bel-Air, Les Oures, Villars-les-Dombes, Bourg-en-Bresse, Ain, Auvergne-Rhône-Alpes, France métropolitaine, 01330, France";"132";"Rue Gilbert Boullier";"Villars-les-Dombes";"Bourg-en-Bresse";"Ain";"Auvergne-Rhône-Alpes";"01330";"France";"46.0010839";"5.0295358"
"97af8767fb0758f3a4d62fb322d184a2d11d3c36";"21, Passage Jean Ferrat, Quéquet, Villars-les-Dombes, Bourg-en-Bresse, Ain, Auvergne-Rhône-Alpes, France métropolitaine, 01330, France";"21";"Passage Jean Ferrat";"Villars-les-Dombes";"Bourg-en-Bresse";"Ain";"Auvergne-Rhône-Alpes";"01330";"France";"46.002717";"5.0311486"
"8718390be1f8150238a6fd3f9d449c6514108642";"68, Route de Bourg, Lotissement du Château, Cormorand, Villereversure, Bourg-en-Bresse, Ain, Auvergne-Rhône-Alpes, France métropolitaine, 01250, France";"68";"Route de Bourg";"";"Bourg-en-Bresse";"Ain";"Auvergne-Rhône-Alpes";"01250";"France";"46.1924448";"5.3964246"
"f9e3c686387e49535d6beb46324fc682b20f5ca7";"28, Rue Claude Morel, Les Petits Varays, Les Jacques, Vonnas, Bourg-en-Bresse, Ain, Auvergne-Rhône-Alpes, France métropolitaine, 01540, France";"28";"Rue Claude Morel";"";"Bourg-en-Bresse";"Ain";"Auvergne-Rhône-Alpes";"01540";"France";"46.219314";"4.991805"
