"5d2d3519b3a82c450cc3abaf93229fe8fc94d8bd";"Rue de la Dranse, Le Fayet d'en Bas, Abondance, Thonon-les-Bains, Haute-Savoie, Auvergne-Rhône-Alpes, France métropolitaine, 74360, France";"";"Rue de la Dranse";"";"Thonon-les-Bains";"Haute-Savoie";"Auvergne-Rhône-Alpes";"74360";"France";"46.2804533";"6.7149395"
"e8ddbb0a1d2b675fde0ad90c6f77a1b0e05d5716";"154, Rue du Pont Neuf, Alby-sur-Chéran, Annecy, Haute-Savoie, Auvergne-Rhône-Alpes, France métropolitaine, 74540, France";"154";"Rue du Pont Neuf";"";"Annecy";"Haute-Savoie";"Auvergne-Rhône-Alpes";"74540";"France";"45.818757";"6.023889"
"755c07304c9972ca13074b95019144d30e89ddce";"10, Rue des Négociants, La Martinière, Ambilly, Saint-Julien-en-Genevois, Haute-Savoie, Auvergne-Rhône-Alpes, France métropolitaine, 74100, France";"10";"Rue des Négociants";"";"Saint-Julien-en-Genevois";"Haute-Savoie";"Auvergne-Rhône-Alpes";"74100";"France";"46.1942662";"6.2279261"
"0f71f7e3018ab2b98aff55ae05a1b7c98114127d";"La Charoupière, 11, Rue de l'Helvétie, La Martinière, Ambilly, Saint-Julien-en-Genevois, Haute-Savoie, Auvergne-Rhône-Alpes, France métropolitaine, 74100, France";"11";"Rue de l'Helvétie";"";"Saint-Julien-en-Genevois";"Haute-Savoie";"Auvergne-Rhône-Alpes";"74100";"France";"46.1935279";"6.225459832780546"
"e3e5e64171b4b38c74f76bb87d37c8e13f859424";"Rue de l'Hermitage, Le Charlou, Ambilly, Saint-Julien-en-Genevois, Haute-Savoie, Auvergne-Rhône-Alpes, France métropolitaine, 74100, France";"";"Rue de l'Hermitage";"";"Saint-Julien-en-Genevois";"Haute-Savoie";"Auvergne-Rhône-Alpes";"74100";"France";"46.1931752";"6.2160733"
"27127c9d5178379a9f8919899421a6259f5c91ce";"Clos Babuty, 27, Rue Jean Jaurès, Le Charlou, Ambilly, Saint-Julien-en-Genevois, Haute-Savoie, Auvergne-Rhône-Alpes, France métropolitaine, 74100, France";"27";"Rue Jean Jaurès";"";"Saint-Julien-en-Genevois";"Haute-Savoie";"Auvergne-Rhône-Alpes";"74100";"France";"46.196926950000005";"6.223659344484172"
"2b0b53b96654af88f7f6abf506f783175df89e4a";"8 RDJ, 8, Rue du Jura, La Martinière, Ambilly, Saint-Julien-en-Genevois, Haute-Savoie, Auvergne-Rhône-Alpes, France métropolitaine, 74100, France";"8";"Rue du Jura";"";"Saint-Julien-en-Genevois";"Haute-Savoie";"Auvergne-Rhône-Alpes";"74100";"France";"46.19895875";"6.225992652484578"
"3f942bfc0665cf6a631b610b4cd794087294393b";"7, Rue de la Paix, Le Charlou, Ambilly, Saint-Julien-en-Genevois, Haute-Savoie, Auvergne-Rhône-Alpes, France métropolitaine, 74100, France";"7";"Rue de la Paix";"";"Saint-Julien-en-Genevois";"Haute-Savoie";"Auvergne-Rhône-Alpes";"74100";"France";"46.1954595";"6.222975715346536"
"2ff221d20e61814e58b970ca2d764f36d216085b";"Rue des Maraîchers, Ambilly, Saint-Julien-en-Genevois, Haute-Savoie, Auvergne-Rhône-Alpes, France métropolitaine, 74100, France";"";"Rue des Maraîchers";"";"Saint-Julien-en-Genevois";"Haute-Savoie";"Auvergne-Rhône-Alpes";"74100";"France";"46.1908084";"6.2222326"
"8b44ef92243ade22e58ce6fc03f44c88d0dbb06c";"Rue de la Frasse, Les Éculées, Annecy-le-Vieux, Annecy, Haute-Savoie, Auvergne-Rhône-Alpes, France métropolitaine, 74940, France";"";"Rue de la Frasse";"";"Annecy";"Haute-Savoie";"Auvergne-Rhône-Alpes";"74940";"France";"45.9274733";"6.1534691"
"738b077f6f866357fe9e9bcf406d45ce452231db";"Rue des Champs, Les Pommaries, Annecy-le-Vieux, Annecy, Haute-Savoie, Auvergne-Rhône-Alpes, France métropolitaine, 74940, France";"";"Rue des Champs";"";"Annecy";"Haute-Savoie";"Auvergne-Rhône-Alpes";"74940";"France";"45.9124873";"6.14818"
"43aca227983b87dca004abcc93b6179d4666597c";"6, Rue des Aravis, Annecy, Haute-Savoie, Auvergne-Rhône-Alpes, France métropolitaine, 74000, France";"6";"Rue des Aravis";"";"Annecy";"Haute-Savoie";"Auvergne-Rhône-Alpes";"74000";"France";"45.9136272";"6.132441732593728"
"2e5dd0705c0d85a8fd153c4ceb04b8512c79da69";"Le Jardin de Marie, 11, Rue des Pommaries, Les Pommaries, Annecy-le-Vieux, Annecy, Haute-Savoie, Auvergne-Rhône-Alpes, France métropolitaine, 74940, France";"11";"Rue des Pommaries";"";"Annecy";"Haute-Savoie";"Auvergne-Rhône-Alpes";"74940";"France";"45.9102754";"6.1441766"
"b16fcea2941958a66eb5937f3b5c5b29bc0556e1";"Place du Cirque, Annecy, Haute-Savoie, Auvergne-Rhône-Alpes, France métropolitaine, 74000, France";"";"";"";"Annecy";"Haute-Savoie";"Auvergne-Rhône-Alpes";"74000";"France";"45.9086281";"6.137418977211286"
"412b11e64847ce6452a604b5d48ace4f31389c7c";"Rue Arthur Rimbaud, Seynod, Annecy, Haute-Savoie, Auvergne-Rhône-Alpes, France métropolitaine, 74600, France";"";"Rue Arthur Rimbaud";"";"Annecy";"Haute-Savoie";"Auvergne-Rhône-Alpes";"74600";"France";"45.8850182";"6.1036897"
"6de0407ea6bde17f417cbff3a22cfff400285322";"Chemin de Hautevue, Annecy-le-Vieux, Annecy, Haute-Savoie, Auvergne-Rhône-Alpes, France métropolitaine, 74940, France";"";"Chemin de Hautevue";"";"Annecy";"Haute-Savoie";"Auvergne-Rhône-Alpes";"74940";"France";"45.9245879";"6.1529598"
"5b340205ecbda1cd921dbea38e3fba0f796df02c";"Route d'Annecy, Pringy, Le Plateau, Pringy, Annecy, Haute-Savoie, Auvergne-Rhône-Alpes, France métropolitaine, 74370, France";"";"Route d'Annecy";"";"Annecy";"Haute-Savoie";"Auvergne-Rhône-Alpes";"74370";"France";"45.9383314";"6.1220326"
"d14f6850f90e22b3b8871b0fe7f5d9a38c6284b0";"13, Route de Frangy, Meythet, Annecy, Haute-Savoie, Auvergne-Rhône-Alpes, France métropolitaine, 74960, France";"13";"Route de Frangy";"";"Annecy";"Haute-Savoie";"Auvergne-Rhône-Alpes";"74960";"France";"45.9142982";"6.0913436"
"0adc91c21e1de0f0184edf9f930b7a3cfe9156ae";"Rue Louis Armand, Annecy, Haute-Savoie, Auvergne-Rhône-Alpes, France métropolitaine, 74000, France";"";"Rue Louis Armand";"";"Annecy";"Haute-Savoie";"Auvergne-Rhône-Alpes";"74000";"France";"45.9186879";"6.1297058"
"0d84aede5f123814017c0df190acb25859e935a5";"ECREVIS, 36, Rue de l'Aérodrome, Meythet, Annecy, Haute-Savoie, Auvergne-Rhône-Alpes, France métropolitaine, 74960, France";"36";"Rue de l'Aérodrome";"";"Annecy";"Haute-Savoie";"Auvergne-Rhône-Alpes";"74960";"France";"45.9187471";"6.0981759"
"4b585b01c9b1d0d9695573882c6d71b774946182";"9, Allée des Aubépines, Seynod, Annecy, Haute-Savoie, Auvergne-Rhône-Alpes, France métropolitaine, 74600, France";"9";"Allée des Aubépines";"";"Annecy";"Haute-Savoie";"Auvergne-Rhône-Alpes";"74600";"France";"45.8885026";"6.0973501"
"60821ea3eb52418c0470e55e222edcf9d85acdcf";"47, Avenue de la Mavéria, Annecy-le-Vieux, Annecy, Haute-Savoie, Auvergne-Rhône-Alpes, France métropolitaine, 74000, France";"47";"Avenue de la Mavéria";"";"Annecy";"Haute-Savoie";"Auvergne-Rhône-Alpes";"74000";"France";"45.91012745";"6.140433449790255"
"d55fa44e20dd59c9d5473290fc34e04bb38f66d5";"10, Allée des Mélèzes, Seynod, Annecy, Haute-Savoie, Auvergne-Rhône-Alpes, France métropolitaine, 74600, France";"10";"Allée des Mélèzes";"";"Annecy";"Haute-Savoie";"Auvergne-Rhône-Alpes";"74600";"France";"45.8882612";"6.0954782"
"c5b2ff845e7d8be2a65bfdee69050574fa239988";"Route de Ferrières, Zone Commerciale Grand Epagny, Bromines, Sillingy, Annecy, Haute-Savoie, Auvergne-Rhône-Alpes, France métropolitaine, 74330, France";"";"Route de Ferrières";"";"Annecy";"Haute-Savoie";"Auvergne-Rhône-Alpes";"74330";"France";"45.9474417";"6.0733379"
"f0e09f144bca9a823fd37db97b9c27845bbbb480";"9, Rue des Conflents, Annecy, Haute-Savoie, Auvergne-Rhône-Alpes, France métropolitaine, 74000, France";"9";"Rue des Conflents";"";"Annecy";"Haute-Savoie";"Auvergne-Rhône-Alpes";"74000";"France";"45.9150244";"6.1266775"
"bfe075b6c4294feb445cc224ee20b004425fce54";"7, Rue des Pervenches, Pont de Tasset, Cran-Gevrier, Annecy, Haute-Savoie, Auvergne-Rhône-Alpes, France métropolitaine, 74960, France";"7";"Rue des Pervenches";"";"Annecy";"Haute-Savoie";"Auvergne-Rhône-Alpes";"74960";"France";"45.9039241";"6.1008937"
"6dbc80f0b74ff500a51fd71b4d6bde5f74658893";"Route de l'Église, Balmont, Seynod, Annecy, Haute-Savoie, Auvergne-Rhône-Alpes, France métropolitaine, 74600, France";"";"Route de l'Église";"";"Annecy";"Haute-Savoie";"Auvergne-Rhône-Alpes";"74600";"France";"45.8329071";"6.0624234"
"ce3c7699c0ae39c50982cb322c0668b63a2a0974";"Rue du Vernay, Cran-Gevrier, Annecy, Haute-Savoie, Auvergne-Rhône-Alpes, France métropolitaine, 74960, France";"";"Rue du Vernay";"";"Annecy";"Haute-Savoie";"Auvergne-Rhône-Alpes";"74960";"France";"45.9080572";"6.1108104"
"d765325c51964d41b34bca87896068043d2c224f";"15, Chemin Falquet, Zone de Vovray, La Tambourne, Annecy, Haute-Savoie, Auvergne-Rhône-Alpes, France métropolitaine, 74000, France";"15";"Chemin Falquet";"";"Annecy";"Haute-Savoie";"Auvergne-Rhône-Alpes";"74000";"France";"45.8875615";"6.1222178"
"255a8130916d42a20bf22d638758378c2f40ae8f";"5, Rue François Vernex, Meythet, Annecy, Haute-Savoie, Auvergne-Rhône-Alpes, France métropolitaine, 74960, France";"5";"Rue François Vernex";"";"Annecy";"Haute-Savoie";"Auvergne-Rhône-Alpes";"74960";"France";"45.9136916";"6.0909057"
"1f125ff27eb9f4206c846d2c4fc47c6a9af4713e";"Villa du Parc, 12, Rue de Genève, Le Brouaz, Centre-Ville, Annemasse, Saint-Julien-en-Genevois, Haute-Savoie, Auvergne-Rhône-Alpes, France métropolitaine, 74100, France";"12";"Rue de Genève";"Annemasse";"Saint-Julien-en-Genevois";"Haute-Savoie";"Auvergne-Rhône-Alpes";"74100";"France";"46.19316965";"6.231160436603734"
"2d89f023f094f0558fe98448c248bbce1d92d0a5";"Normal, 1, Rue du Commerce, Centre-Ville, Annemasse, Saint-Julien-en-Genevois, Haute-Savoie, Auvergne-Rhône-Alpes, France métropolitaine, 74100, France";"1";"Rue du Commerce";"Annemasse";"Saint-Julien-en-Genevois";"Haute-Savoie";"Auvergne-Rhône-Alpes";"74100";"France";"46.1934245";"6.2346866"
"d4bbb3f6e5023bcfb6cf157bbe17a4dd20fe5a7c";"21, Chemin des Allobroges, Le Brouaz, Annemasse, Saint-Julien-en-Genevois, Haute-Savoie, Auvergne-Rhône-Alpes, France métropolitaine, 74100, France";"21";"Chemin des Allobroges";"Annemasse";"Saint-Julien-en-Genevois";"Haute-Savoie";"Auvergne-Rhône-Alpes";"74100";"France";"46.1908275";"6.2288905"
"1ca226697dee783dd0ca07343787107d9ffc2531";"Les affamé.es, 6, Passage Jean Moulin, Centre-Ville, Annemasse, Saint-Julien-en-Genevois, Haute-Savoie, Auvergne-Rhône-Alpes, France métropolitaine, 74100, France";"6";"Passage Jean Moulin";"Annemasse";"Saint-Julien-en-Genevois";"Haute-Savoie";"Auvergne-Rhône-Alpes";"74100";"France";"46.1924135";"6.2332885"
"e1623ae58573ea235d7cffe47cbdf9cd48298c0e";"7, Place du Jumelage, Le Perrier, Perrier, Annemasse, Saint-Julien-en-Genevois, Haute-Savoie, Auvergne-Rhône-Alpes, France métropolitaine, 74100, France";"7";"Place du Jumelage";"Annemasse";"Saint-Julien-en-Genevois";"Haute-Savoie";"Auvergne-Rhône-Alpes";"74100";"France";"46.1854634";"6.2443349"
"17e29da6cf671f18b859030df0621556644a3b18";"1, Rue du Levant, Centre-Ville, Annemasse, Saint-Julien-en-Genevois, Haute-Savoie, Auvergne-Rhône-Alpes, France métropolitaine, 74100, France";"1";"Rue du Levant";"Annemasse";"Saint-Julien-en-Genevois";"Haute-Savoie";"Auvergne-Rhône-Alpes";"74100";"France";"46.1962627";"6.2394226"
"cf3e3a552f8d1d28fba48d4a4f4d6d9fa1ac6a1f";"Villa Tiberghein, 5, Rue du Faucigny, Centre-Ville, Annemasse, Saint-Julien-en-Genevois, Haute-Savoie, Auvergne-Rhône-Alpes, France métropolitaine, 74100, France";"5";"Rue du Faucigny";"Annemasse";"Saint-Julien-en-Genevois";"Haute-Savoie";"Auvergne-Rhône-Alpes";"74100";"France";"46.1946565";"6.237211599206351"
"3433da5b7e707bf22c99b2aec6e0b76c510274a1";"Place du Clos Fleury, Centre-Ville, Annemasse, Saint-Julien-en-Genevois, Haute-Savoie, Auvergne-Rhône-Alpes, France métropolitaine, 74100, France";"";"Place du Clos Fleury";"Annemasse";"Saint-Julien-en-Genevois";"Haute-Savoie";"Auvergne-Rhône-Alpes";"74100";"France";"46.1919925";"6.2323048"
"9d8dd68dc711152d0358146553cfe36ef5068fb2";"Rue des Fontaines, Les Balises, Anthy-sur-Léman, Thonon-les-Bains, Haute-Savoie, Auvergne-Rhône-Alpes, France métropolitaine, 74200, France";"";"Rue des Fontaines";"";"Thonon-les-Bains";"Haute-Savoie";"Auvergne-Rhône-Alpes";"74200";"France";"46.3557539";"6.4226569"
"a92e0f3da89aa590303c5b70268dca215fca9e63";"2, Rue Centrale, Séchex, Anthy-sur-Léman, Thonon-les-Bains, Haute-Savoie, Auvergne-Rhône-Alpes, France métropolitaine, 74200, France";"2";"Rue Centrale";"";"Thonon-les-Bains";"Haute-Savoie";"Auvergne-Rhône-Alpes";"74200";"France";"46.3481561";"6.410811695271787"
"aeacf933ce7807b5d48bf7283ad97726e0d7c128";"Spar, 2249, Route de la Barliette, Le Lays, Les Carroz, Arâches-la-Frasse, Bonneville, Haute-Savoie, Auvergne-Rhône-Alpes, France métropolitaine, 74300, France";"2249";"Route de la Barliette";"";"Bonneville";"Haute-Savoie";"Auvergne-Rhône-Alpes";"74300";"France";"46.0332115";"6.6368925"
"58505f8a9fdcc585ded7153ee60ff01403eff0e8";"Route de la Barliette, Le Lays, Les Carroz, Arâches-la-Frasse, Bonneville, Haute-Savoie, Auvergne-Rhône-Alpes, France métropolitaine, 74300, France";"";"Route de la Barliette";"";"Bonneville";"Haute-Savoie";"Auvergne-Rhône-Alpes";"74300";"France";"46.0388162";"6.6353108"
"e36f8ef6758dde64e3e56b8f56ec9c668051034d";"Mairie d'Arenthon, 22, Route de Reignier, Chevilly, Arenthon, Bonneville, Haute-Savoie, Auvergne-Rhône-Alpes, France métropolitaine, 74800, France";"22";"Route de Reignier";"";"Bonneville";"Haute-Savoie";"Auvergne-Rhône-Alpes";"74800";"France";"46.1061029";"6.3330797"
"c275853b4e4a36a2f5e57b919a24dbc0fbe83168";"55, Route du Président Lavy, Les Rigoles, Argonay, Annecy, Haute-Savoie, Auvergne-Rhône-Alpes, France métropolitaine, 74370, France";"55";"Route du Président Lavy";"";"Annecy";"Haute-Savoie";"Auvergne-Rhône-Alpes";"74370";"France";"45.94510875";"6.139653053749474"
"f816e49f7a8ad884ec6a7eb0114d54f9cd5e4316";"Chemin de sur le Crêt, Les Rigoles, Argonay, Annecy, Haute-Savoie, Auvergne-Rhône-Alpes, France métropolitaine, 74370, France";"";"Chemin de sur le Crêt";"";"Annecy";"Haute-Savoie";"Auvergne-Rhône-Alpes";"74370";"France";"45.9386875";"6.141521"
"3d59e9c7cb0f8a4482795dc32818ff7b9d8cf05d";"Rue d'Andey, Pontchy, Bonneville, Haute-Savoie, Auvergne-Rhône-Alpes, France métropolitaine, 74130, France";"";"Rue d'Andey";"Bonneville";"Bonneville";"Haute-Savoie";"Auvergne-Rhône-Alpes";"74130";"France";"46.0774968";"6.4035919"
"3aebc3afce5dc2d3eb225031e81bf1bf236e2b62";"Route de Dugny, Dugny, Brenthonne, Thonon-les-Bains, Haute-Savoie, Auvergne-Rhône-Alpes, France métropolitaine, 74890, France";"";"Route de Dugny";"";"Thonon-les-Bains";"Haute-Savoie";"Auvergne-Rhône-Alpes";"74890";"France";"46.2659793";"6.4018267"
"7e48bc4503b449a0a8558d60c7ef856a5da4e4a0";"Rue Charlet Straton, Residence Grand Roc, Le Planet, Argentière, Chamonix-Mont-Blanc, Bonneville, Haute-Savoie, Auvergne-Rhône-Alpes, France métropolitaine, 74400, France";"";"Rue Charlet Straton";"Chamonix-Mont-Blanc";"Bonneville";"Haute-Savoie";"Auvergne-Rhône-Alpes";"74400";"France";"45.9846106";"6.9270748"
"2c642567f947593dbcf8dddb42a02b81cdd7dd82";"Route des Daines, Les Bachals, Chessenaz, Saint-Julien-en-Genevois, Haute-Savoie, Auvergne-Rhône-Alpes, France métropolitaine, 74270, France";"";"Route des Daines";"";"Saint-Julien-en-Genevois";"Haute-Savoie";"Auvergne-Rhône-Alpes";"74270";"France";"46.0374655";"5.9088247"
"0c0d16f92e4879ce48f7ebee1f4abd8b6872dddf";"Rue Joseph Nicollet, Cluses, Bonneville, Haute-Savoie, Auvergne-Rhône-Alpes, France métropolitaine, 74300, France";"";"Rue Joseph Nicollet";"Cluses";"Bonneville";"Haute-Savoie";"Auvergne-Rhône-Alpes";"74300";"France";"46.0593705";"6.5799241"
"43adee50414e99501a75a4aea8067a599ce50876";"Rue Pierre Trappier, Cluses, Bonneville, Haute-Savoie, Auvergne-Rhône-Alpes, France métropolitaine, 74300, France";"";"Rue Pierre Trappier";"Cluses";"Bonneville";"Haute-Savoie";"Auvergne-Rhône-Alpes";"74300";"France";"46.0691779";"6.5619656"
"b5de122fd9179d9c70985a5e2b800596fd73e186";"Rue du Docteur Gallet, Cluses, Bonneville, Haute-Savoie, Auvergne-Rhône-Alpes, France métropolitaine, 74300, France";"";"Rue du Docteur Gallet";"Cluses";"Bonneville";"Haute-Savoie";"Auvergne-Rhône-Alpes";"74300";"France";"46.0774999";"6.5708364"
"7bbf6305ca413e1a6cc415d71278e732e62b5458";"16, Rue Joseph Depoisier, Cluses, Bonneville, Haute-Savoie, Auvergne-Rhône-Alpes, France métropolitaine, 74300, France";"16";"Rue Joseph Depoisier";"Cluses";"Bonneville";"Haute-Savoie";"Auvergne-Rhône-Alpes";"74300";"France";"46.0702565";"6.557922894491531"
"d883b9db87e5755b417c3c775a1b1828b9c66988";"Rue de la Pointe de Cupoire, Cluses, Bonneville, Haute-Savoie, Auvergne-Rhône-Alpes, France métropolitaine, 74300, France";"";"Rue de la Pointe de Cupoire";"Cluses";"Bonneville";"Haute-Savoie";"Auvergne-Rhône-Alpes";"74300";"France";"46.0724174";"6.5721605"
"359dcbd45f2fa5cbe0ed1a0826fd804d19d8c982";"Clos Lachenal, Basseville, Combloux, Bonneville, Haute-Savoie, Auvergne-Rhône-Alpes, France métropolitaine, 74920, France";"";"Clos Lachenal";"";"Bonneville";"Haute-Savoie";"Auvergne-Rhône-Alpes";"74920";"France";"45.8967837";"6.6428209"
"d9712420fc917ab0031d50e529b967652aa63166";"Route des Bauges, La Grande Raie, Cusy, Annecy, Haute-Savoie, Auvergne-Rhône-Alpes, France métropolitaine, 74540, France";"";"Route des Bauges";"";"Annecy";"Haute-Savoie";"Auvergne-Rhône-Alpes";"74540";"France";"45.749167";"6.0691267"
"053a2203a3acec96fb1dfa43aec22d76ffa4d6e6";"Route de Letraz, Letraz, Létraz, Domancy, Bonneville, Haute-Savoie, Auvergne-Rhône-Alpes, France métropolitaine, 74700, France";"";"Route de Letraz";"";"Bonneville";"Haute-Savoie";"Auvergne-Rhône-Alpes";"74700";"France";"45.9117308";"6.65287"
"98a7b7eaaf4efad1aecd477fb12f377b04bf315e";"Route d'Arnand, Arnand, Doussard, Annecy, Haute-Savoie, Auvergne-Rhône-Alpes, France métropolitaine, 74210, France";"";"Route d'Arnand";"";"Annecy";"Haute-Savoie";"Auvergne-Rhône-Alpes";"74210";"France";"45.7725816";"6.2248486"
"a52842665c644d1d630668c67114a7c2b5eab7a0";"Route Simon de Verthier, Verthier, Doussard, Annecy, Haute-Savoie, Auvergne-Rhône-Alpes, France métropolitaine, 74210, France";"";"Route Simon de Verthier";"";"Annecy";"Haute-Savoie";"Auvergne-Rhône-Alpes";"74210";"France";"45.7869334";"6.2323456"
"6bf51769c9f2ee239274cbec31dcd45196eebf55";"Rue du Vieux Village, Mont Gerbet, Duingt, Annecy, Haute-Savoie, Auvergne-Rhône-Alpes, France métropolitaine, 74410, France";"";"Rue du Vieux Village";"";"Annecy";"Haute-Savoie";"Auvergne-Rhône-Alpes";"74410";"France";"45.8270013";"6.2033641"
"660eb8ea54d5c5f5986172c29462e740b49362c1";"Route des Droblesses, Le Bourgeal, La Planche, Entrevernes, Annecy, Haute-Savoie, Auvergne-Rhône-Alpes, France métropolitaine, 74410, France";"";"Route des Droblesses";"";"Annecy";"Haute-Savoie";"Auvergne-Rhône-Alpes";"74410";"France";"45.7910995";"6.1900073"
"fb7ce946caa3ca4242de6fc2be1d9e126bc3ab39";"Impasse de Gillon, Épagny, Épagny Metz-Tessy, Annecy, Haute-Savoie, Auvergne-Rhône-Alpes, France métropolitaine, 74330, France";"";"Impasse de Gillon";"";"Annecy";"Haute-Savoie";"Auvergne-Rhône-Alpes";"74330";"France";"45.9292769";"6.0882011"
"26af5993b5251760016416b7b7124d0e6bfd5aec";"Chemin des Vergers, Le Blanc Chat, Metz-Tessy, Épagny Metz-Tessy, Annecy, Haute-Savoie, Auvergne-Rhône-Alpes, France métropolitaine, 74370, France";"";"Chemin des Vergers";"";"Annecy";"Haute-Savoie";"Auvergne-Rhône-Alpes";"74370";"France";"45.9327831";"6.1100929"
"54cd15a241f51cef55bb489c525c9beebc534578";"Rue de la Grenette, Clos de Tessy, La Villa Trévi, Metz-Tessy, Épagny Metz-Tessy, Annecy, Haute-Savoie, Auvergne-Rhône-Alpes, France métropolitaine, 74370, France";"";"Rue de la Grenette";"";"Annecy";"Haute-Savoie";"Auvergne-Rhône-Alpes";"74370";"France";"45.9373084";"6.1037589"
"73883512750e87e3600e30bf3c05167fbb5af54c";"Rue du Nante, Les Crêts, Épagny, Épagny Metz-Tessy, Annecy, Haute-Savoie, Auvergne-Rhône-Alpes, France métropolitaine, 74330, France";"";"Rue du Nante";"";"Annecy";"Haute-Savoie";"Auvergne-Rhône-Alpes";"74330";"France";"45.9369005";"6.0900837"
"da77fb5c23b70fd3437184f493bb256fbd029c91";"Route d'Annecy, Étercy, Annecy, Haute-Savoie, Auvergne-Rhône-Alpes, France métropolitaine, 74150, France";"";"Route d'Annecy";"";"Annecy";"Haute-Savoie";"Auvergne-Rhône-Alpes";"74150";"France";"45.886192";"6.0150629"
"d10229d435185af6c02ec35bee92be5309e66e21";"Route de la Fruitière, Chevilly, Excenevex, Thonon-les-Bains, Haute-Savoie, Auvergne-Rhône-Alpes, France métropolitaine, 74140, France";"";"Route de la Fruitière";"";"Thonon-les-Bains";"Haute-Savoie";"Auvergne-Rhône-Alpes";"74140";"France";"46.347387";"6.3279208"
"cfdff2e2819e9188d6518833fea069a21195176b";"1947, Route des Grottes, Neuvillard, Seythenex, Faverges-Seythenex, Annecy, Haute-Savoie, Auvergne-Rhône-Alpes, France métropolitaine, 74210, France";"1947";"Route des Grottes";"";"Annecy";"Haute-Savoie";"Auvergne-Rhône-Alpes";"74210";"France";"45.726327";"6.299154"
"78328a934f720d5fd86d9565660c1132187df4a0";"Place Marcel Piquand, Faverges, Faverges-Seythenex, Annecy, Haute-Savoie, Auvergne-Rhône-Alpes, France métropolitaine, 74210, France";"";"";"";"Annecy";"Haute-Savoie";"Auvergne-Rhône-Alpes";"74210";"France";"45.74642945";"6.294359427269665"
"1d5c235bb3d2f17baf01ff9c3d052b9b9e548dde";"Route de Présilly, L'Agnellu, Feigères, Saint-Julien-en-Genevois, Haute-Savoie, Auvergne-Rhône-Alpes, France métropolitaine, 74160, France";"";"Route de Présilly";"";"Saint-Julien-en-Genevois";"Haute-Savoie";"Auvergne-Rhône-Alpes";"74160";"France";"46.1050663";"6.0788432"
"9b425d9868a692dcd2e340ac0a7faa9b35dcd22c";"Chemin des Mimosas, Fessy, Thonon-les-Bains, Haute-Savoie, Auvergne-Rhône-Alpes, France métropolitaine, 74890, France";"";"Chemin des Mimosas";"";"Thonon-les-Bains";"Haute-Savoie";"Auvergne-Rhône-Alpes";"74890";"France";"46.2764412";"6.4144402"
"45fb4cbd07148e7feca7bef5f261e51eb0e53d10";"Route du Stade, Curninges, Féternes, Thonon-les-Bains, Haute-Savoie, Auvergne-Rhône-Alpes, France métropolitaine, 74500, France";"";"Route du Stade";"";"Thonon-les-Bains";"Haute-Savoie";"Auvergne-Rhône-Alpes";"74500";"France";"46.3522629";"6.5643086"
"9a887b4f933384fe9fca3e406a11990ee53311cf";"Route du Chef-Lieu, Arpigny, Fillinges, Saint-Julien-en-Genevois, Haute-Savoie, Auvergne-Rhône-Alpes, France métropolitaine, 74250, France";"";"Route du Chef-Lieu";"";"Saint-Julien-en-Genevois";"Haute-Savoie";"Auvergne-Rhône-Alpes";"74250";"France";"46.154251";"6.3397846"
"dff0031f6ec1dc7ecc48e837fabb1a3b75f32e77";"Route de la Savoie, Chez les Gay, Le Sorbier, Juvigny, Saint-Julien-en-Genevois, Haute-Savoie, Auvergne-Rhône-Alpes, France métropolitaine, 74100, France";"";"Route de la Savoie";"";"Saint-Julien-en-Genevois";"Haute-Savoie";"Auvergne-Rhône-Alpes";"74100";"France";"46.2137759";"6.2818596"
"93a0e147e9585df3493ce28da17e37917f7a917e";"Centre Village, Champ Bénit, La Muraz, Saint-Julien-en-Genevois, Haute-Savoie, Auvergne-Rhône-Alpes, France métropolitaine, 74560, France";"";"Centre Village";"";"Saint-Julien-en-Genevois";"Haute-Savoie";"Auvergne-Rhône-Alpes";"74560";"France";"46.1229135";"6.2060038"
"68e5d676567eb27423a7248b138a48b19d5bfdda";"Place de la Mairie, La Rivière-Enverse, Bonneville, Haute-Savoie, Auvergne-Rhône-Alpes, France métropolitaine, 74440, France";"";"Place de la Mairie";"";"Bonneville";"Haute-Savoie";"Auvergne-Rhône-Alpes";"74440";"France";"46.0926476";"6.6372126"
"c7997cda5b84c0d2dd5b1e6dead9d76c1d9ffcc8";"Place de la Grenette, La Roche-sur-Foron, Bonneville, Haute-Savoie, Auvergne-Rhône-Alpes, France métropolitaine, 74800, France";"";"Place de la Grenette";"La Roche-sur-Foron";"Bonneville";"Haute-Savoie";"Auvergne-Rhône-Alpes";"74800";"France";"46.0670494";"6.3130684"
"167e274a6d0023406e52dbf53e821768da153649";"Pharmacie Lansard, 10, Place de l'Hôtel de Ville, La Roche-sur-Foron, Bonneville, Haute-Savoie, Auvergne-Rhône-Alpes, France métropolitaine, 74800, France";"10";"Place de l'Hôtel de Ville";"La Roche-sur-Foron";"Bonneville";"Haute-Savoie";"Auvergne-Rhône-Alpes";"74800";"France";"46.0665335";"6.3118238"
"59655e08ddb296d34c2c07be7553ae8366313e0b";"47, Rue du Collège, La Roche-sur-Foron, Bonneville, Haute-Savoie, Auvergne-Rhône-Alpes, France métropolitaine, 74800, France";"47";"Rue du Collège";"La Roche-sur-Foron";"Bonneville";"Haute-Savoie";"Auvergne-Rhône-Alpes";"74800";"France";"46.066700999999995";"6.314880336434107"
"a5f2ddfa4317f212bec726342b077f4491bea63e";"Art Epices & Chocolat, 32, Rue Perrine, La Roche-sur-Foron, Bonneville, Haute-Savoie, Auvergne-Rhône-Alpes, France métropolitaine, 74800, France";"32";"Rue Perrine";"La Roche-sur-Foron";"Bonneville";"Haute-Savoie";"Auvergne-Rhône-Alpes";"74800";"France";"46.0658036";"6.311454"
"7819c309440b256c2d1600a807a8c6103c9752a1";"6910, Route du Chinaillon, Le Chinaillon, Le Grand-Bornand, Annecy, Haute-Savoie, Auvergne-Rhône-Alpes, France métropolitaine, 74450, France";"6910";"Route du Chinaillon";"";"Annecy";"Haute-Savoie";"Auvergne-Rhône-Alpes";"74450";"France";"45.9734962";"6.4540272"
"700e58c0bdb9cddf7ba51be10e25aff9fa559f0d";"492, Route de Notre-Dame-de-la-Gorge, Le Raccart, Les Contamines-Montjoie, Bonneville, Haute-Savoie, Auvergne-Rhône-Alpes, France métropolitaine, 74170, France";"492";"Route de Notre-Dame-de-la-Gorge";"";"Bonneville";"Haute-Savoie";"Auvergne-Rhône-Alpes";"74170";"France";"45.8183171";"6.7282376"
"15e643b86ea9271331387e95f9dac32d2e2680c1";"65, Chemin du P'Tou, Le Raccart, Les Contamines-Montjoie, Bonneville, Haute-Savoie, Auvergne-Rhône-Alpes, France métropolitaine, 74170, France";"65";"Chemin du P'Tou";"";"Bonneville";"Haute-Savoie";"Auvergne-Rhône-Alpes";"74170";"France";"45.8213152";"6.728073"
"44f9ebc611b15fa59a696f832c6f0b978bac2aee";"18, Route de Notre-Dame-de-la-Gorge, La Berfière, Les Contamines-Montjoie, Bonneville, Haute-Savoie, Auvergne-Rhône-Alpes, France métropolitaine, 74170, France";"18";"Route de Notre-Dame-de-la-Gorge";"";"Bonneville";"Haute-Savoie";"Auvergne-Rhône-Alpes";"74170";"France";"45.8225575";"6.7268436"
"4b10c7d204a7870e144bba6e58f9d0f056613106";"524, Chemin du Praz, La Duchère, Les Contamines-Montjoie, Bonneville, Haute-Savoie, Auvergne-Rhône-Alpes, France métropolitaine, 74170, France";"524";"Chemin du Praz";"";"Bonneville";"Haute-Savoie";"Auvergne-Rhône-Alpes";"74170";"France";"45.8021066";"6.7242697"
"e38df608a89247bf008f359efd6e309f5e84faf5";"1867, Route de Notre-Dame-de-la-Gorge, Le Cugnon, Les Contamines-Montjoie, Bonneville, Haute-Savoie, Auvergne-Rhône-Alpes, France métropolitaine, 74170, France";"1867";"Route de Notre-Dame-de-la-Gorge";"";"Bonneville";"Haute-Savoie";"Auvergne-Rhône-Alpes";"74170";"France";"45.8069384";"6.7260363"
"8a98a2224b5c92443e9d49c09f85257b47cac0c8";"90, Chemin des Écoles, Le Raccart, Les Contamines-Montjoie, Bonneville, Haute-Savoie, Auvergne-Rhône-Alpes, France métropolitaine, 74170, France";"90";"Chemin des Écoles";"";"Bonneville";"Haute-Savoie";"Auvergne-Rhône-Alpes";"74170";"France";"45.823852";"6.7286487"
"fc046ab961b80f49be8cc2a7fa69c38b74631151";"La Rocade, 130, Route des Perrières, Les Perrières, Les Gets, Thonon-les-Bains, Haute-Savoie, Auvergne-Rhône-Alpes, France métropolitaine, 74260, France";"130";"Route des Perrières";"";"Thonon-les-Bains";"Haute-Savoie";"Auvergne-Rhône-Alpes";"74260";"France";"46.1483955";"6.6547363346774215"
"80539441104923bcd55e205f8688d926263d00ad";"Poterie artisanale des Gets, 1373, Route de Lassarre, Le Cry, Les Gets, Thonon-les-Bains, Haute-Savoie, Auvergne-Rhône-Alpes, France métropolitaine, 74260, France";"1373";"Route de Lassarre";"";"Thonon-les-Bains";"Haute-Savoie";"Auvergne-Rhône-Alpes";"74260";"France";"46.1772965";"6.672491452380953"
"a6d34be368d88040ac0ca3cbf5c214ef0c98ead5";"Allée des Diligences, Les Chavants, Le Fouilly, Les Houches, Bonneville, Haute-Savoie, Auvergne-Rhône-Alpes, France métropolitaine, 74310, France";"";"Allée des Diligences";"";"Bonneville";"Haute-Savoie";"Auvergne-Rhône-Alpes";"74310";"France";"45.8951343";"6.7815047"
"59b86bbbbaea2ea2ea5d72ea8617f093eaaf221c";"La Maison de Louise, 73, Chemin du Château, Saint-Gras, Chez Blondet, Lucinges, Saint-Julien-en-Genevois, Haute-Savoie, Auvergne-Rhône-Alpes, France métropolitaine, 74380, France";"73";"Chemin du Château";"";"Saint-Julien-en-Genevois";"Haute-Savoie";"Auvergne-Rhône-Alpes";"74380";"France";"46.19058825";"6.318718900138353"
"8624cc04e901fbea9e0303c4eb0f7419587b2cda";"Le Bistrot de Madeleine, 67, Place de l'Église, Saint-Gras, Chez Blondet, Lucinges, Saint-Julien-en-Genevois, Haute-Savoie, Auvergne-Rhône-Alpes, France métropolitaine, 74380, France";"67";"Place de l'Église";"";"Saint-Julien-en-Genevois";"Haute-Savoie";"Auvergne-Rhône-Alpes";"74380";"France";"46.1904472";"6.318358"
"46cfda63eb027d412957ee57692a9a5f14f59872";"Pharmacie Travaillot, 1210, Rue Nationale, Magland, Bonneville, Haute-Savoie, Auvergne-Rhône-Alpes, France métropolitaine, 74300, France";"1210";"Rue Nationale";"";"Bonneville";"Haute-Savoie";"Auvergne-Rhône-Alpes";"74300";"France";"46.0193934";"6.6216737"
"acfcedd3ec8baefc8b0d82ed239065d04e4a6668";"Route de Gravin, Mournoux, Magland, Bonneville, Haute-Savoie, Auvergne-Rhône-Alpes, France métropolitaine, 74300, France";"";"Route de Gravin";"";"Bonneville";"Haute-Savoie";"Auvergne-Rhône-Alpes";"74300";"France";"45.9992336";"6.6187658"
"7361bd9f3caba46d30ee8f01bbef586bfb28745c";"Rue des Écoles, Marcellaz-Albanais, Annecy, Haute-Savoie, Auvergne-Rhône-Alpes, France métropolitaine, 74150, France";"";"Rue des Écoles";"";"Annecy";"Haute-Savoie";"Auvergne-Rhône-Alpes";"74150";"France";"45.8748649";"6.0011921"
"72760507f8a1fd5fbab439e0ca63dc40a858101c";"Avenue du Vieux Pont, Marignier, Bonneville, Haute-Savoie, Auvergne-Rhône-Alpes, France métropolitaine, 74970, France";"";"Avenue du Vieux Pont";"";"Bonneville";"Haute-Savoie";"Auvergne-Rhône-Alpes";"74970";"France";"46.0937979";"6.5073583"
"7b351c80c25bdf9f1c5a21afaf12bd41a425ed9c";"Rue d'Ossat, Marignier, Bonneville, Haute-Savoie, Auvergne-Rhône-Alpes, France métropolitaine, 74970, France";"";"Rue d'Ossat";"";"Bonneville";"Haute-Savoie";"Auvergne-Rhône-Alpes";"74970";"France";"46.0975673";"6.503969"
"ec929848f147581faac3a0e322bc1925d9643d0b";"La belle époque, 62A, Avenue du Mont Blanc, Blanzy, Marnaz, Bonneville, Haute-Savoie, Auvergne-Rhône-Alpes, France métropolitaine, 74460, France";"62A";"Avenue du Mont Blanc";"";"Bonneville";"Haute-Savoie";"Auvergne-Rhône-Alpes";"74460";"France";"46.0606629";"6.5295118"
"ca8534de79ab915df6bb37dd6c575386af741423";"Route de Marcille, Essert, Messery, Thonon-les-Bains, Haute-Savoie, Auvergne-Rhône-Alpes, France métropolitaine, 74140, France";"";"Route de Marcille";"";"Thonon-les-Bains";"Haute-Savoie";"Auvergne-Rhône-Alpes";"74140";"France";"46.3582049";"6.3150195"
"8bfd7ff47078328afc13d61c97193e2e3c1c341d";"Salon Hair Mess, 1, Rue du Bourg, Messery, Thonon-les-Bains, Haute-Savoie, Auvergne-Rhône-Alpes, France métropolitaine, 74140, France";"1";"Rue du Bourg";"";"Thonon-les-Bains";"Haute-Savoie";"Auvergne-Rhône-Alpes";"74140";"France";"46.3508823";"6.2933247"
"d82f7df0ca678198fefa9ea4be6cac416d26b433";"Route de l'Église, Le Bourgeal, Mont-Saxonnex, Bonneville, Haute-Savoie, Auvergne-Rhône-Alpes, France métropolitaine, 74130, France";"";"Route de l'Église";"";"Bonneville";"Haute-Savoie";"Auvergne-Rhône-Alpes";"74130";"France";"46.0541599";"6.4842631"
"26f4da0bc8e73d95c14b2462ebbf40439b73f123";"21,23, Route des Follys, Visigny, La Cuttaz, Morillon, Bonneville, Haute-Savoie, Auvergne-Rhône-Alpes, France métropolitaine, 74440, France";"21,23";"Route des Follys";"";"Bonneville";"Haute-Savoie";"Auvergne-Rhône-Alpes";"74440";"France";"46.0827205";"6.677678548076921"
"b3f31f1d94794791af6ead63b5c8d2389909f4a8";"Route du Lac Bleu, Visigny, La Cuttaz, Morillon, Bonneville, Haute-Savoie, Auvergne-Rhône-Alpes, France métropolitaine, 74440, France";"";"Route du Lac Bleu";"";"Bonneville";"Haute-Savoie";"Auvergne-Rhône-Alpes";"74440";"France";"46.0840777";"6.678974"
"6e6ba4e5f56c509f94eb3e9aa430d0d776e97e6d";"Impasse du Forum, Les Esserts, Morillon, Bonneville, Haute-Savoie, Auvergne-Rhône-Alpes, France métropolitaine, 74440, France";"";"Impasse du Forum";"";"Bonneville";"Haute-Savoie";"Auvergne-Rhône-Alpes";"74440";"France";"46.0661165";"6.6707665"
"fb284d00edaa8592d6cb31854e864a4f71e02d4a";"Route du Clergeon, Chantemerle, Moye, Annecy, Haute-Savoie, Auvergne-Rhône-Alpes, France métropolitaine, 74150, France";"";"Route du Clergeon";"";"Annecy";"Haute-Savoie";"Auvergne-Rhône-Alpes";"74150";"France";"45.8761899";"5.9124026"
"d29065ea9ccfffff76eaa8c36d717a78612bc28f";"Avenue de la Verniaz, Grande Rive, Neuvecelle, Thonon-les-Bains, Haute-Savoie, Auvergne-Rhône-Alpes, France métropolitaine, 74500, France";"";"Avenue de la Verniaz";"";"Thonon-les-Bains";"Haute-Savoie";"Auvergne-Rhône-Alpes";"74500";"France";"46.3932554";"6.5962123"
"524e7e841191cd89c76d8a28fcdcf5b6c8673b14";"Chemin Neuf, La Forge, Neydens, Saint-Julien-en-Genevois, Haute-Savoie, Auvergne-Rhône-Alpes, France métropolitaine, 74160, France";"";"Chemin Neuf";"";"Saint-Julien-en-Genevois";"Haute-Savoie";"Auvergne-Rhône-Alpes";"74160";"France";"46.1195867";"6.1072401"
"ccb3bd3460025d0d7db2561b6e678815265c96a3";"Mairie de Novel, 288, Route de l'Église, Novel, Thonon-les-Bains, Haute-Savoie, Auvergne-Rhône-Alpes, France métropolitaine, 74500, France";"288";"Route de l'Église";"";"Thonon-les-Bains";"Haute-Savoie";"Auvergne-Rhône-Alpes";"74500";"France";"46.3688612";"6.789206957932732"
"7f4783e497267272f43fd78f4b81186626662f0f";"Route de Bay au Coudray, Bay, Hauteville, Passy, Bonneville, Haute-Savoie, Auvergne-Rhône-Alpes, France métropolitaine, 74190, France";"";"Route de Bay au Coudray";"Passy";"Bonneville";"Haute-Savoie";"Auvergne-Rhône-Alpes";"74190";"France";"45.9357816";"6.6779305"
"a6d05933a11ad5617b8fb2916aeca958d44b1116";"Allée de l'Église, Le Chenaz, Praz-sur-Arly, Bonneville, Haute-Savoie, Auvergne-Rhône-Alpes, France métropolitaine, 74120, France";"";"Allée de l'Église";"";"Bonneville";"Haute-Savoie";"Auvergne-Rhône-Alpes";"74120";"France";"45.8381098";"6.5713504"
"c40c13fa597a9c16a6acc4a65eb6bb3cb67076c4";"Route du Vieux Mottay, Amphion-les-Bains, Publier, Thonon-les-Bains, Haute-Savoie, Auvergne-Rhône-Alpes, France métropolitaine, 74500, France";"";"Route du Vieux Mottay";"";"Thonon-les-Bains";"Haute-Savoie";"Auvergne-Rhône-Alpes";"74500";"France";"46.3952645";"6.5339417"
"83e4b7f11a6d16bfe59be16a4aa27dc3ee5d3c16";"Publier, 5, Place du 8 Mai 1945, Amphion-les-Bains, Publier, Thonon-les-Bains, Haute-Savoie, Auvergne-Rhône-Alpes, France métropolitaine, 74500, France";"5";"Place du 8 Mai 1945";"";"Thonon-les-Bains";"Haute-Savoie";"Auvergne-Rhône-Alpes";"74500";"France";"46.3878856";"6.5433484"
"4b0ffdf36e361fb9e517228e87ed22dadd294948";"Chemin de la Fruitière, Le Chêne, Quintal, Annecy, Haute-Savoie, Auvergne-Rhône-Alpes, France métropolitaine, 74600, France";"";"Chemin de la Fruitière";"";"Annecy";"Haute-Savoie";"Auvergne-Rhône-Alpes";"74600";"France";"45.8406329";"6.0846018"
"41515f813a05b6ef5e73f93d2555b06676340f7a";"Chemin du Moulin, Rumilly, Annecy, Haute-Savoie, Auvergne-Rhône-Alpes, France métropolitaine, 74150, France";"";"Chemin du Moulin";"Rumilly";"Annecy";"Haute-Savoie";"Auvergne-Rhône-Alpes";"74150";"France";"45.8468953";"5.967571"
"027a6b8017a55744d37180f3a1081855b2a7ce03";"9, Rue Frédéric Girod, Rumilly, Annecy, Haute-Savoie, Auvergne-Rhône-Alpes, France métropolitaine, 74150, France";"9";"Rue Frédéric Girod";"Rumilly";"Annecy";"Haute-Savoie";"Auvergne-Rhône-Alpes";"74150";"France";"45.86717";"5.94307"
"66b8b0e0b4222dfc78b07c9ef79bf368e10485aa";"81, Allée des Alouettes, Mont Sion, Saint-Blaise, Saint-Julien-en-Genevois, Haute-Savoie, Auvergne-Rhône-Alpes, France métropolitaine, 74350, France";"81";"Allée des Alouettes";"";"Saint-Julien-en-Genevois";"Haute-Savoie";"Auvergne-Rhône-Alpes";"74350";"France";"46.0736187";"6.086175710916962"
"a83cbb4badaaf6ef6aa5ef9db21d412b79e7131b";"Impasse des Lupins, Le Fayet, Saint-Gervais-les-Bains, Bonneville, Haute-Savoie, Auvergne-Rhône-Alpes, France métropolitaine, 74170, France";"";"Impasse des Lupins";"";"Bonneville";"Haute-Savoie";"Auvergne-Rhône-Alpes";"74170";"France";"45.8932214";"6.7104501"
"339d925c49aba588658e1af2068e5fe7dc7618b2";"Avenue de Genève, Le Fayet, Saint-Gervais-les-Bains, Bonneville, Haute-Savoie, Auvergne-Rhône-Alpes, France métropolitaine, 74170, France";"";"Avenue de Genève";"";"Bonneville";"Haute-Savoie";"Auvergne-Rhône-Alpes";"74170";"France";"45.9044283";"6.6975297"
"b37034975a3471a4b16ed076ac344c1ce9de0d71";"Avenue de Miage, Saint-Gervais-les-Bains, Bonneville, Haute-Savoie, Auvergne-Rhône-Alpes, France métropolitaine, 74170, France";"";"Avenue de Miage";"";"Bonneville";"Haute-Savoie";"Auvergne-Rhône-Alpes";"74170";"France";"45.8909372";"6.7133211"
"6bec88b82ff0246a8f04d0f207976b1c87300bab";"3953, Route de Saint-Nicolas de Véroce, Saint-Nicolas-de-Véroce, Saint-Gervais-les-Bains, Bonneville, Haute-Savoie, Auvergne-Rhône-Alpes, France métropolitaine, 74170, France";"3953";"Route de Saint-Nicolas de Véroce";"";"Bonneville";"Haute-Savoie";"Auvergne-Rhône-Alpes";"74170";"France";"45.8536651";"6.7237999"
"f7e6c7f60c5d8121b079b0bf23e46d725793ebf8";"Allée Gontard, Le Fayet, Saint-Gervais-les-Bains, Bonneville, Haute-Savoie, Auvergne-Rhône-Alpes, France métropolitaine, 74170, France";"";"Allée Gontard";"";"Bonneville";"Haute-Savoie";"Auvergne-Rhône-Alpes";"74170";"France";"45.9035021";"6.7040394"
"80093d0e7fe43b347c38350bdbde8b460b76592f";"Route de l'Ancienne Gare, Machevaz, Saint-Jorioz, Annecy, Haute-Savoie, Auvergne-Rhône-Alpes, France métropolitaine, 74410, France";"";"Route de l'Ancienne Gare";"";"Annecy";"Haute-Savoie";"Auvergne-Rhône-Alpes";"74410";"France";"45.8348852";"6.1657293"
"de64a8d2b414d95ace1cdd20752ffb06e7f2599d";"1333, Route du Port, La Vielle Eglise, Saint-Jorioz, Annecy, Haute-Savoie, Auvergne-Rhône-Alpes, France métropolitaine, 74410, France";"1333";"Route du Port";"";"Annecy";"Haute-Savoie";"Auvergne-Rhône-Alpes";"74410";"France";"45.8429054";"6.174427"
"e87b02e8865c9fdf76e5c6ed5e67d6d7b3aad023";"Route des Gorges du Borne, Saint-Pierre-en-Faucigny, Bonneville, Haute-Savoie, Auvergne-Rhône-Alpes, France métropolitaine, 74800, France";"";"Route des Gorges du Borne";"";"Bonneville";"Haute-Savoie";"Auvergne-Rhône-Alpes";"74800";"France";"46.0600889";"6.3824662"
"95f27b653ddb5ea58556fd1fdf827c802c9c0c2c";"Route d'Agy, Saint-Sigismond, Bonneville, Haute-Savoie, Auvergne-Rhône-Alpes, France métropolitaine, 74300, France";"";"Route d'Agy";"";"Bonneville";"Haute-Savoie";"Auvergne-Rhône-Alpes";"74300";"France";"46.0792891";"6.6206951"
"95f27b653ddb5ea58556fd1fdf827c802c9c0c2c";"Route d'Agy, Saint-Sigismond, Bonneville, Haute-Savoie, Auvergne-Rhône-Alpes, France métropolitaine, 74300, France";"";"Route d'Agy";"";"Bonneville";"Haute-Savoie";"Auvergne-Rhône-Alpes";"74300";"France";"46.0792891";"6.6206951"
"be92a2c885effc4c29a907b9e7350f58d29c85da";"Route de Saint-Sylvestre, Le Pissieux, Saint-Sylvestre, Annecy, Haute-Savoie, Auvergne-Rhône-Alpes, France métropolitaine, 74540, France";"";"Route de Saint-Sylvestre";"";"Annecy";"Haute-Savoie";"Auvergne-Rhône-Alpes";"74540";"France";"45.830701";"6.0198801"
"ade65f9e255295da3f062518a51bfbf94d4b0cc3";"Rue Joseph Marie Pechet, Fessy, Sallanches, Bonneville, Haute-Savoie, Auvergne-Rhône-Alpes, France métropolitaine, 74700, France";"";"Rue Joseph Marie Pechet";"Sallanches";"Bonneville";"Haute-Savoie";"Auvergne-Rhône-Alpes";"74700";"France";"45.9357556";"6.6331657"
"31ca1c7f2bf3657b39bf90887bf86b8824cf2328";"25, Quai de Warens, Sallanches, Bonneville, Haute-Savoie, Auvergne-Rhône-Alpes, France métropolitaine, 74700, France";"25";"Quai de Warens";"Sallanches";"Bonneville";"Haute-Savoie";"Auvergne-Rhône-Alpes";"74700";"France";"45.9367382";"6.6314843"
"d1f8b0e52bc09e5c43055f81042238dd3b63453e";"Place du Commissaire Chesney, La Tour de Chissé, Sallanches, Bonneville, Haute-Savoie, Auvergne-Rhône-Alpes, France métropolitaine, 74700, France";"";"Place du Commissaire Chesney";"Sallanches";"Bonneville";"Haute-Savoie";"Auvergne-Rhône-Alpes";"74700";"France";"45.936648";"6.6261403"
"609ea056c5536667402bbba7fadc52ee38826e09";"Place du Midi, Fessy, Sallanches, Bonneville, Haute-Savoie, Auvergne-Rhône-Alpes, France métropolitaine, 74700, France";"";"Place du Midi";"Sallanches";"Bonneville";"Haute-Savoie";"Auvergne-Rhône-Alpes";"74700";"France";"45.9329784";"6.6326188"
"91cb06b14253f52d469e089c25b0638a02539ad6";"Route de Reninge, Saint-Martin, Sallanches, Bonneville, Haute-Savoie, Auvergne-Rhône-Alpes, France métropolitaine, 74700, France";"";"Route de Reninge";"Sallanches";"Bonneville";"Haute-Savoie";"Auvergne-Rhône-Alpes";"74700";"France";"45.9394096";"6.6442468"
"66f4b5f5b03f023ab585a77a2a4f99b3ebba7a36";"Avenue Albert Gruffat, Les Golettes, Sallanches, Bonneville, Haute-Savoie, Auvergne-Rhône-Alpes, France métropolitaine, 74700, France";"";"Avenue Albert Gruffat";"Sallanches";"Bonneville";"Haute-Savoie";"Auvergne-Rhône-Alpes";"74700";"France";"45.9322506";"6.6385218"
"f54ef8ebd7313397ff2ba372bf1c1dbf132537ca";"Avenue André Lasquin, Saint-Martin, Sallanches, Bonneville, Haute-Savoie, Auvergne-Rhône-Alpes, France métropolitaine, 74700, France";"";"Avenue André Lasquin";"Sallanches";"Bonneville";"Haute-Savoie";"Auvergne-Rhône-Alpes";"74700";"France";"45.9398423";"6.6403301"
"82f6fa7f0bd1f7cb1a093d08193ce9140b05f38d";"Chemin de Balaison, Bonlieu, Sallenôves, Annecy, Haute-Savoie, Auvergne-Rhône-Alpes, France métropolitaine, 74270, France";"";"Chemin de Balaison";"";"Annecy";"Haute-Savoie";"Auvergne-Rhône-Alpes";"74270";"France";"46.0056087";"6.0015087"
"5bb31b49ca1c73050ad1c03ac3c120d0c4a512f9";"134, Place du Gros Tilleul, Les Moulins, Les Plaignes, Samoëns, Bonneville, Haute-Savoie, Auvergne-Rhône-Alpes, France métropolitaine, 74340, France";"134";"Place du Gros Tilleul";"";"Bonneville";"Haute-Savoie";"Auvergne-Rhône-Alpes";"74340";"France";"46.0833353";"6.7274107"
"ca4db7ebe32981fc5c3a85556dee3fa77cc5f121";"Immo 74, 188, Grande Rue, Les Plaignes, Samoëns, Bonneville, Haute-Savoie, Auvergne-Rhône-Alpes, France métropolitaine, 74340, France";"188";"Grande Rue";"";"Bonneville";"Haute-Savoie";"Auvergne-Rhône-Alpes";"74340";"France";"46.0842985";"6.7242398"
"068ab16df5d1596307aafde3f475d6a11a1a17cc";"Route du Chef Lieu, Murcier, Savigny, Saint-Julien-en-Genevois, Haute-Savoie, Auvergne-Rhône-Alpes, France métropolitaine, 74520, France";"";"Route du Chef Lieu";"";"Saint-Julien-en-Genevois";"Haute-Savoie";"Auvergne-Rhône-Alpes";"74520";"France";"46.0765138";"5.9572687"
"13e6695f45c1f9aede8d74489e217812bea6a630";"90, Route de l'Église, Les Avollions, Sevrier, Annecy, Haute-Savoie, Auvergne-Rhône-Alpes, France métropolitaine, 74320, France";"90";"Route de l'Église";"";"Annecy";"Haute-Savoie";"Auvergne-Rhône-Alpes";"74320";"France";"45.8635485";"6.1417121"
"856ccbe0b0e3af77c2ca40079c4ca04ec3bc4603";"1824, Route d'Albertville, Létraz, Sevrier, Annecy, Haute-Savoie, Auvergne-Rhône-Alpes, France métropolitaine, 74320, France";"1824";"Route d'Albertville";"";"Annecy";"Haute-Savoie";"Auvergne-Rhône-Alpes";"74320";"France";"45.8671649";"6.139629373149911"
"3771c0fc7bf65ecfa713043eb9378e6d27c1b2e0";"59 bis, Route des Quarts, La Planche, Cessenaz, Sevrier, Annecy, Haute-Savoie, Auvergne-Rhône-Alpes, France métropolitaine, 74320, France";"59 bis";"Route des Quarts";"";"Annecy";"Haute-Savoie";"Auvergne-Rhône-Alpes";"74320";"France";"45.855255";"6.1419863"
"3c3f2a116bc5320bdd03d2006d97757d1cfd3a8e";"Rue du Bassin, Cologny-Dessus, Seyssel, Saint-Julien-en-Genevois, Haute-Savoie, Auvergne-Rhône-Alpes, France métropolitaine, 74910, France";"";"Rue du Bassin";"";"Saint-Julien-en-Genevois";"Haute-Savoie";"Auvergne-Rhône-Alpes";"74910";"France";"45.9820506";"5.8579241"
"27cb551a360f9e5c243caf46d2db0440f7995a9b";"Rue François Doche, Seyssel, Saint-Julien-en-Genevois, Haute-Savoie, Auvergne-Rhône-Alpes, France métropolitaine, 74910, France";"";"Rue François Doche";"";"Saint-Julien-en-Genevois";"Haute-Savoie";"Auvergne-Rhône-Alpes";"74910";"France";"45.9586529";"5.8386879"
"834f66bfe5e55a0bbe02ef23c2a4f84732eedab2";"Route de Faverges, La Perrière, Montmin, Talloires-Montmin, Annecy, Haute-Savoie, Auvergne-Rhône-Alpes, France métropolitaine, 74210, France";"";"Route de Faverges";"";"Annecy";"Haute-Savoie";"Auvergne-Rhône-Alpes";"74210";"France";"45.7947786";"6.2603724"
"39ca8e2bff6fdd114d3f4f0a098a10622592737a";"Office du Tourisme de Taninges, 62, Rue de la Poste, La Glière, Champ Fleury, Taninges, Bonneville, Haute-Savoie, Auvergne-Rhône-Alpes, France métropolitaine, 74440, France";"62";"Rue de la Poste";"";"Bonneville";"Haute-Savoie";"Auvergne-Rhône-Alpes";"74440";"France";"46.107248999999996";"6.59209524691358"
"0788f89cafd5a5e6d6e45fd05e3a5e66f7de2188";"Place Avet, Le Plot, Thônes, Annecy, Haute-Savoie, Auvergne-Rhône-Alpes, France métropolitaine, 74230, France";"";"Place Avet";"";"Annecy";"Haute-Savoie";"Auvergne-Rhône-Alpes";"74230";"France";"45.8817401";"6.3231837"
"0788f89cafd5a5e6d6e45fd05e3a5e66f7de2188";"Place Avet, Le Plot, Thônes, Annecy, Haute-Savoie, Auvergne-Rhône-Alpes, France métropolitaine, 74230, France";"";"Place Avet";"";"Annecy";"Haute-Savoie";"Auvergne-Rhône-Alpes";"74230";"France";"45.8817401";"6.3231837"
"e0c3b7a90f9bbcc8612eae3e3c49ad695d08cace";"Place Jules Mercier, Rives, Thonon-les-Bains, Haute-Savoie, Auvergne-Rhône-Alpes, France métropolitaine, 74200, France";"";"Place Jules Mercier";"Thonon-les-Bains";"Thonon-les-Bains";"Haute-Savoie";"Auvergne-Rhône-Alpes";"74200";"France";"46.3699758";"6.4782389"
"c2080ec012237e440146a4d329e9fc81a2df9312";"Thonon-les-Bains, 1, Place de la Gare, Sur Crête, Thonon-les-Bains, Haute-Savoie, Auvergne-Rhône-Alpes, France métropolitaine, 74200, France";"1";"Place de la Gare";"Thonon-les-Bains";"Thonon-les-Bains";"Haute-Savoie";"Auvergne-Rhône-Alpes";"74200";"France";"46.3689635";"6.4815697"
"8df0aa9190c923bd5e50da0f35e2d68322c7d05e";"Rue des Écoles, Guichard, Thorens-Glières, Fillière, Annecy, Haute-Savoie, Auvergne-Rhône-Alpes, France métropolitaine, 74570, France";"";"Rue des Écoles";"";"Annecy";"Haute-Savoie";"Auvergne-Rhône-Alpes";"74570";"France";"45.9982203";"6.2491554"
"8ac921585ff4a25e4650e6e7137173413e8c7c0a";"Route de Cruseilles, Évires, Fillière, Annecy, Haute-Savoie, Auvergne-Rhône-Alpes, France métropolitaine, 74570, France";"";"Route de Cruseilles";"";"Annecy";"Haute-Savoie";"Auvergne-Rhône-Alpes";"74570";"France";"46.0523097";"6.2266344"
"4f9ad95d8469dffaee84734d0de3f191ff3f5658";"Route de la Flamme Olympique, Le Villard, Marlens, Val de Chaise, Annecy, Haute-Savoie, Auvergne-Rhône-Alpes, France métropolitaine, 74210, France";"";"Route de la Flamme Olympique";"";"Annecy";"Haute-Savoie";"Auvergne-Rhône-Alpes";"74210";"France";"45.7670402";"6.344894"
"7650919642dd275d5c9fa44f04e4d51096cc4cf4";"Place de la Gare, Le Plan de l'Envers, Vallorcine, Bonneville, Haute-Savoie, Auvergne-Rhône-Alpes, France métropolitaine, 74660, France";"";"Place de la Gare";"";"Bonneville";"Haute-Savoie";"Auvergne-Rhône-Alpes";"74660";"France";"46.032376";"6.9319927"
"7ee1f27277caf42c9911626f3e5883b648a6af32";"Place du Marché, Lhiottis, Le Bouchet, Verchaix, Bonneville, Haute-Savoie, Auvergne-Rhône-Alpes, France métropolitaine, 74440, France";"";"Place du Marché";"";"Bonneville";"Haute-Savoie";"Auvergne-Rhône-Alpes";"74440";"France";"46.0891905";"6.6790527"
"12d4cd7256a71ccb5dfbc1ba68bcf94606209c92";"Impasse des Pécheurs, Les Mottes, Morat, Veyrier-du-Lac, Annecy, Haute-Savoie, Auvergne-Rhône-Alpes, France métropolitaine, 74290, France";"";"Impasse des Pécheurs";"";"Annecy";"Haute-Savoie";"Auvergne-Rhône-Alpes";"74290";"France";"45.8780541";"6.1763651"
"e5b809a4849552a284eec6b58812f7c2a1710d68";"Rue de la Voute, La Combe, Veyrier-du-Lac, Annecy, Haute-Savoie, Auvergne-Rhône-Alpes, France métropolitaine, 74290, France";"";"Rue de la Voute";"";"Annecy";"Haute-Savoie";"Auvergne-Rhône-Alpes";"74290";"France";"45.885014";"6.1764351"
"489750ee6da9e35f07ced9c350ea07280b3bfc7e";"10, Avenue de Bonatray, Bernard, Villaz, Annecy, Haute-Savoie, Auvergne-Rhône-Alpes, France métropolitaine, 74370, France";"10";"Avenue de Bonatray";"";"Annecy";"Haute-Savoie";"Auvergne-Rhône-Alpes";"74370";"France";"45.9507168";"6.1899498"
"11e8c347a6cde0891982512fbf7c7d2893106fe0";"Rue Fernand David, Les Ponts, Les Vercheres, Ville-la-Grand, Saint-Julien-en-Genevois, Haute-Savoie, Auvergne-Rhône-Alpes, France métropolitaine, 74100, France";"";"Rue Fernand David";"";"Saint-Julien-en-Genevois";"Haute-Savoie";"Auvergne-Rhône-Alpes";"74100";"France";"46.205462";"6.2495746"
"69562711bb293e8ca8450ad8c9af62a37d499f6e";"Rue des Enfants du Monde, Les Ponts, Les Vercheres, Ville-la-Grand, Saint-Julien-en-Genevois, Haute-Savoie, Auvergne-Rhône-Alpes, France métropolitaine, 74100, France";"";"Rue des Enfants du Monde";"";"Saint-Julien-en-Genevois";"Haute-Savoie";"Auvergne-Rhône-Alpes";"74100";"France";"46.2023714";"6.2480812"
"109cea972db80b33dc20b7f24f397c65bc52cb1b";"89, Rue Albert Hénon, Cornières, Ville-la-Grand, Saint-Julien-en-Genevois, Haute-Savoie, Auvergne-Rhône-Alpes, France métropolitaine, 74100, France";"89";"Rue Albert Hénon";"";"Saint-Julien-en-Genevois";"Haute-Savoie";"Auvergne-Rhône-Alpes";"74100";"France";"46.20208905";"6.234197840694623"
"0abd727d0d1a26dacddf680381597e1525de165d";"Rue des Voirons, Les Ponts, Les Vercheres, Ville-la-Grand, Saint-Julien-en-Genevois, Haute-Savoie, Auvergne-Rhône-Alpes, France métropolitaine, 74100, France";"";"Rue des Voirons";"";"Saint-Julien-en-Genevois";"Haute-Savoie";"Auvergne-Rhône-Alpes";"74100";"France";"46.2028453";"6.2502007"
"c6d6a8d4701d3d02eef1807e45ca42a273254ec2";"A1R0Q1, 1171, Route de Sevraz, Sevraz, Viuz-en-Sallaz, Bonneville, Haute-Savoie, Auvergne-Rhône-Alpes, France métropolitaine, 74250, France";"1171";"Route de Sevraz";"";"Bonneville";"Haute-Savoie";"Auvergne-Rhône-Alpes";"74250";"France";"46.1580097";"6.390555"
