"748774cd584d7cb3c46fabc99d63c3efa0a7144f";"62, Rue de l'Erlenbach, Albé, Sélestat-Erstein, Bas-Rhin, Grand Est, France métropolitaine, 67220, France";"62";"Rue de l'Erlenbach";"";"Sélestat-Erstein";"Bas-Rhin";"Grand Est";"67220";"France";"48.3559064";"7.3178594"
"f3ae5c3c56340f1e862cc8bda4c8989e28828751";"13, Rue du Docteur Stoltz, Andlau, Sélestat-Erstein, Bas-Rhin, Grand Est, France métropolitaine, 67140, France";"13";"Rue du Docteur Stoltz";"";"Sélestat-Erstein";"Bas-Rhin";"Grand Est";"67140";"France";"48.3865949";"7.4167365"
"5f41c1f8e6b832d4dd008169af9bf9fad9f5fa22";"2, Rue Principale, Artolsheim, Sélestat-Erstein, Bas-Rhin, Grand Est, France métropolitaine, 67390, France";"2";"Rue Principale";"";"Sélestat-Erstein";"Bas-Rhin";"Grand Est";"67390";"France";"48.2098395";"7.5738788"
"da0b464f2fcf8768a8e161abd9ff22cbc9784dc2";"2, Rue de la Gare, Avolsheim, Molsheim, Bas-Rhin, Grand Est, France métropolitaine, 67120, France";"2";"Rue de la Gare";"";"Molsheim";"Bas-Rhin";"Grand Est";"67120";"France";"48.5618336";"7.5005041"
"2f3e8bdf14bb53c4bb02c0d79fa728bbd3420763";"Rue de la Gare, Barr, Sélestat-Erstein, Bas-Rhin, Grand Est, France métropolitaine, 67140, France";"";"Rue de la Gare";"";"Sélestat-Erstein";"Bas-Rhin";"Grand Est";"67140";"France";"48.4030264";"7.4563536"
"aef39f95bddb306da3aaeb45c90ce40a44934b67";"42, Rue Principale, Bassemberg, Sélestat-Erstein, Bas-Rhin, Grand Est, France métropolitaine, 67220, France";"42";"Rue Principale";"";"Sélestat-Erstein";"Bas-Rhin";"Grand Est";"67220";"France";"48.33505205";"7.2845076396088535"
"4f5b909bd442f457c27fb7031d4ff90b3ee170a2";"2, Quai des Chargeurs, Benfeld, Sélestat-Erstein, Bas-Rhin, Grand Est, France métropolitaine, 67230, France";"2";"Quai des Chargeurs";"";"Sélestat-Erstein";"Bas-Rhin";"Grand Est";"67230";"France";"48.3684928";"7.5977207"
"a3f780f5441323375906f666d8dd844aeda6d974";"8, Rue de l'Église, Benfeld, Sélestat-Erstein, Bas-Rhin, Grand Est, France métropolitaine, 67230, France";"8";"Rue de l'Église";"";"Sélestat-Erstein";"Bas-Rhin";"Grand Est";"67230";"France";"48.3683372";"7.5943969"
"dfaf41de6e9c5bbe446942ae25ac7298a3a545cf";"1, Rue des Johannites, Bergbieten, Molsheim, Bas-Rhin, Grand Est, France métropolitaine, 67310, France";"1";"Rue des Johannites";"";"Molsheim";"Bas-Rhin";"Grand Est";"67310";"France";"48.5756437";"7.4589051"
"802051046892c4759859dbe64e7df65872964076";"2, Rue des Colombes, Bergbieten, Molsheim, Bas-Rhin, Grand Est, France métropolitaine, 67310, France";"2";"Rue des Colombes";"";"Molsheim";"Bas-Rhin";"Grand Est";"67310";"France";"48.5781417";"7.4622109"
"f0daa2ec329f2d383e36379ee36027872d512c1e";"3, Place du Château, Bouxwiller, Saverne, Bas-Rhin, Grand Est, France métropolitaine, 67330, France";"3";"Place du Château";"";"Saverne";"Bas-Rhin";"Grand Est";"67330";"France";"48.8249749";"7.4833699"
"a38c3cf602a836020070e4ca6626352edc176d58";"59, Grand'Rue, Bouxwiller, Saverne, Bas-Rhin, Grand Est, France métropolitaine, 67330, France";"59";"Grand'Rue";"";"Saverne";"Bas-Rhin";"Grand Est";"67330";"France";"48.8251384";"7.480136"
"b47be99c808de26e0d20793ef6ad28c49a4c6f28";"112, Avenue de Strasbourg, Brumath, Haguenau-Wissembourg, Bas-Rhin, Grand Est, France métropolitaine, 67170, France";"112";"Avenue de Strasbourg";"Brumath";"Haguenau-Wissembourg";"Bas-Rhin";"Grand Est";"67170";"France";"48.7171976";"7.7057219"
"9da240955b21b752cbba3bcf2568bb2a407cd2c3";"16, Rue de la Gare, ZAC de la Scierie, Brumath, Haguenau-Wissembourg, Bas-Rhin, Grand Est, France métropolitaine, 67170, France";"16";"Rue de la Gare";"Brumath";"Haguenau-Wissembourg";"Bas-Rhin";"Grand Est";"67170";"France";"48.732863";"7.7004527"
"1122aa91d58839862e6bd0ab8de9cbfb6e50d0f6";"51, Rue des Jardins, Buswiller, Saverne, Bas-Rhin, Grand Est, France métropolitaine, 67350, France";"51";"Rue des Jardins";"";"Saverne";"Bas-Rhin";"Grand Est";"67350";"France";"48.8203379";"7.5598193"
"7701c36eeb44530f31cef1d95c34c06429c556ce";"56 a, Rue Principale, Dachstein, Molsheim, Bas-Rhin, Grand Est, France métropolitaine, 67120, France";"56 a";"Rue Principale";"";"Molsheim";"Bas-Rhin";"Grand Est";"67120";"France";"48.558089";"7.5326317"
"cfb43e005877c87ef0b869171f2487d50d9362c8";"2, Rue du Lavoir, Dahlenheim, Molsheim, Bas-Rhin, Grand Est, France métropolitaine, 67310, France";"2";"Rue du Lavoir";"";"Molsheim";"Bas-Rhin";"Grand Est";"67310";"France";"48.5868319";"7.5063242"
"b394a9812bbb7aa83a45749ff66eb8d01228c0f3";"2, Place du Marché, Dambach-la-Ville, Sélestat-Erstein, Bas-Rhin, Grand Est, France métropolitaine, 67650, France";"2";"Place du Marché";"";"Sélestat-Erstein";"Bas-Rhin";"Grand Est";"67650";"France";"48.3238611";"7.4254269"
"d01ea0d40e246988da90598a01034a5deb3b95e3";"Chez Cyril et Vaness, 46, Route du Vin, Dangolsheim, Molsheim, Bas-Rhin, Grand Est, France métropolitaine, 67310, France";"46";"Route du Vin";"";"Molsheim";"Bas-Rhin";"Grand Est";"67310";"France";"48.572571";"7.4688016"
"c85bbbf27759e66e1ff798518b79f312f519e9eb";"2, Rue de l'Église, Dauendorf, Haguenau-Wissembourg, Bas-Rhin, Grand Est, France métropolitaine, 67350, France";"2";"Rue de l'Église";"";"Haguenau-Wissembourg";"Bas-Rhin";"Grand Est";"67350";"France";"48.8297165";"7.6543969"
"49465b37307c74141d0a354b25e40e8f50c487bc";"2, Impasse des Jardins, Dieffenbach-au-Val, Sélestat-Erstein, Bas-Rhin, Grand Est, France métropolitaine, 67220, France";"2";"Impasse des Jardins";"";"Sélestat-Erstein";"Bas-Rhin";"Grand Est";"67220";"France";"48.3126919";"7.3265558"
"db1bee056d0e75b66e75e8f44485f26f4e3c5000";"12, Rue Principale, Dimbsthal, Saverne, Bas-Rhin, Grand Est, France métropolitaine, 67440, France";"12";"Rue Principale";"";"Saverne";"Bas-Rhin";"Grand Est";"67440";"France";"48.6723783";"7.3585643"
"02763e6cd2ca98a0f9c3188386219879343b563a";"177, Rue du Général de Gaulle, Dinsheim-sur-Bruche, Molsheim, Bas-Rhin, Grand Est, France métropolitaine, 67190, France";"177";"Rue du Général de Gaulle";"";"Molsheim";"Bas-Rhin";"Grand Est";"67190";"France";"48.5413401";"7.4178753"
"507f722bef2ca6ecf27813daf00957e2d2446fe8";"1, Rue Mercure, Dorlisheim, Molsheim, Bas-Rhin, Grand Est, France métropolitaine, 67120, France";"1";"Rue Mercure";"";"Molsheim";"Bas-Rhin";"Grand Est";"67120";"France";"48.5267937";"7.4964062"
"748446afafdd2d9b04c8aff6a204270a617bb0ec";"28, Rue des Remparts, Dorlisheim, Molsheim, Bas-Rhin, Grand Est, France métropolitaine, 67120, France";"28";"Rue des Remparts";"";"Molsheim";"Bas-Rhin";"Grand Est";"67120";"France";"48.5232122";"7.4887333"
"bbbfce6f285e4f18ac8405e6a828ba66dbed39f0";"École maternelle les cigogneaux, 18b, Rue de la Gare, Duppigheim, Molsheim, Bas-Rhin, Grand Est, France métropolitaine, 67120, France";"18b";"Rue de la Gare";"";"Molsheim";"Bas-Rhin";"Grand Est";"67120";"France";"48.53122585";"7.594403859306908"
"4c79d90c601fc0059d4c48df85642ae11490b063";"4, Place du Commerce, Eckbolsheim, Strasbourg, Bas-Rhin, Grand Est, France métropolitaine, 67201, France";"4";"Place du Commerce";"";"Strasbourg";"Bas-Rhin";"Grand Est";"67201";"France";"48.5791564";"7.6895091"
"1686fac9dd7106a49d6d11bc0b33134804901878";"2, Rue du Sureau, Eckbolsheim, Strasbourg, Bas-Rhin, Grand Est, France métropolitaine, 67201, France";"2";"Rue du Sureau";"";"Strasbourg";"Bas-Rhin";"Grand Est";"67201";"France";"48.5849733";"7.6824858"
"ac9290c01145453c45610ec0073a5d75778103b0";"57, Route de Strasbourg, Entzheim, Strasbourg, Bas-Rhin, Grand Est, France métropolitaine, 67960, France";"57";"Route de Strasbourg";"";"Strasbourg";"Bas-Rhin";"Grand Est";"67960";"France";"48.5346361";"7.6366419"
"16861c5f5f7e03d6e169dbf4d1ce365f44543515";"3 a, Rue du Moulin, Ernolsheim-Bruche, Molsheim, Bas-Rhin, Grand Est, France métropolitaine, 67120, France";"3 a";"Rue du Moulin";"";"Molsheim";"Bas-Rhin";"Grand Est";"67120";"France";"48.5591898";"7.5689046"
"76155b2a3604ca3183049036446ba1fda69aad72";"10, Rue des Primevères, Krafft, Erstein, Sélestat-Erstein, Bas-Rhin, Grand Est, France métropolitaine, 67150, France";"10";"Rue des Primevères";"Erstein";"Sélestat-Erstein";"Bas-Rhin";"Grand Est";"67150";"France";"48.4241466";"7.7014483"
"88f56214bb1c77b2f67a25decc3e422022a0de41";"21, Rue de la Chapelle, Zelsheim, Friesenheim, Sélestat-Erstein, Bas-Rhin, Grand Est, France métropolitaine, 67860, France";"21";"Rue de la Chapelle";"";"Sélestat-Erstein";"Bas-Rhin";"Grand Est";"67860";"France";"48.2982675";"7.6428125"
"9269e66d021096776fe8e7dc25fda13239d1644b";"29, Rue des Cigognes, Geispolsheim, Strasbourg, Bas-Rhin, Grand Est, France métropolitaine, 67118, France";"29";"Rue des Cigognes";"";"Strasbourg";"Bas-Rhin";"Grand Est";"67118";"France";"48.5114279";"7.6425029"
"db110e2a7827cb87aaa8ab0bfb661976c4f59955";"4, Rue Principale, Zœbersdorf, Geiswiller-Zœbersdorf, Saverne, Bas-Rhin, Grand Est, France métropolitaine, 67270, France";"4";"Rue Principale";"";"Saverne";"Bas-Rhin";"Grand Est";"67270";"France";"48.7938514";"7.5264935"
"50881c0a73d444b310f0a519f3a739acb7980421";"Rue de la Gare, Goxwiller, Sélestat-Erstein, Bas-Rhin, Grand Est, France métropolitaine, 67210, France";"";"Rue de la Gare";"";"Sélestat-Erstein";"Bas-Rhin";"Grand Est";"67210";"France";"48.432891";"7.4809468"
"9e5de444e06d42e25133506708eef1b32baa5ac0";"Rue des Bergers, Goxwiller, Sélestat-Erstein, Bas-Rhin, Grand Est, France métropolitaine, 67210, France";"";"Rue des Bergers";"";"Sélestat-Erstein";"Bas-Rhin";"Grand Est";"67210";"France";"48.4332311";"7.4866848"
"47770af68afc8c3279bce6a9a05bcb91bde2ff9a";"1, Rue de l'Église, Gresswiller, Molsheim, Bas-Rhin, Grand Est, France métropolitaine, 67190, France";"1";"Rue de l'Église";"";"Molsheim";"Bas-Rhin";"Grand Est";"67190";"France";"48.5357887";"7.4327769"
"b1f11382c3abbc46b3b467d3ed2b1f278af719fc";"123, Route de Strasbourg, Haguenau, Haguenau-Wissembourg, Bas-Rhin, Grand Est, France métropolitaine, 67500, France";"123";"Route de Strasbourg";"Haguenau";"Haguenau-Wissembourg";"Bas-Rhin";"Grand Est";"67500";"France";"48.8007606";"7.7667591"
"72d6d9af4415c43c59ab748eec4e2fb7fc45372e";"Grand'Rue, Haguenau, Haguenau-Wissembourg, Bas-Rhin, Grand Est, France métropolitaine, 67500, France";"";"Grand'Rue";"Haguenau";"Haguenau-Wissembourg";"Bas-Rhin";"Grand Est";"67500";"France";"48.8200982";"7.7913416"
"e970910b22a64802926fa7a348bbecbd806bc9c0";"16, Boulevard Nessel, Haguenau, Haguenau-Wissembourg, Bas-Rhin, Grand Est, France métropolitaine, 67500, France";"16";"Boulevard Nessel";"Haguenau";"Haguenau-Wissembourg";"Bas-Rhin";"Grand Est";"67500";"France";"48.8126109";"7.7845056"
"1090a73d3d38392bc032dd0c2be4fdb259717b18";"32 b, Rue d'Altwiller, Harskirchen, Saverne, Bas-Rhin, Grand Est, France métropolitaine, 67260, France";"32 b";"Rue d'Altwiller";"";"Saverne";"Bas-Rhin";"Grand Est";"67260";"France";"48.9339754";"7.0404854"
"172b9a44f75a55f14298d3a52c6dd4db9afaeb06";"4, Rue de Bissert, Harskirchen, Saverne, Bas-Rhin, Grand Est, France métropolitaine, 67260, France";"4";"Rue de Bissert";"";"Saverne";"Bas-Rhin";"Grand Est";"67260";"France";"48.9393951";"7.0268892"
"1712dbc9052f5186e572637dbd601b61a4e46ce1";"6, Rue de Steinbourg, Hattmatt, Saverne, Bas-Rhin, Grand Est, France métropolitaine, 67330, France";"6";"Rue de Steinbourg";"";"Saverne";"Bas-Rhin";"Grand Est";"67330";"France";"48.7907296";"7.4224124"
"855bd499dc544c725de56edf6d73378a90ce301a";"108, Rue Principale, Herbsheim, Sélestat-Erstein, Bas-Rhin, Grand Est, France métropolitaine, 67230, France";"108";"Rue Principale";"";"Sélestat-Erstein";"Bas-Rhin";"Grand Est";"67230";"France";"48.3491503";"7.6316488"
"d8796d4833ed47bb2d059a02c5780a968b571d28";"5, Rue des Tilleuls, Hindisheim, Sélestat-Erstein, Bas-Rhin, Grand Est, France métropolitaine, 67150, France";"5";"Rue des Tilleuls";"";"Sélestat-Erstein";"Bas-Rhin";"Grand Est";"67150";"France";"48.463878";"7.6318278"
"e66f694adf309782d4effa043e16036deb1793a7";"16, Rue du Lieutenant Lespagnol, Holtzheim, Strasbourg, Bas-Rhin, Grand Est, France métropolitaine, 67810, France";"16";"Rue du Lieutenant Lespagnol";"";"Strasbourg";"Bas-Rhin";"Grand Est";"67810";"France";"48.558561";"7.6433297"
"b481f5d19b818cb5e9c7b1539f14a19e85830f85";"Rue des Forgerons, Hurtigheim, Saverne, Bas-Rhin, Grand Est, France métropolitaine, 67117, France";"";"Rue des Forgerons";"";"Saverne";"Bas-Rhin";"Grand Est";"67117";"France";"48.6169633";"7.5907849"
"60502929a455aab5f8336e9ebf98f59c2e7c6645";"4, Rue de la Mairie, Huttenheim, Sélestat-Erstein, Bas-Rhin, Grand Est, France métropolitaine, 67230, France";"4";"Rue de la Mairie";"";"Sélestat-Erstein";"Bas-Rhin";"Grand Est";"67230";"France";"48.3578835";"7.5818455"
"eb480972b305a69452eabe60a21ad1f50f3fff02";"Rue du Raisin, Illkirch-Graffenstaden, Strasbourg, Bas-Rhin, Grand Est, France métropolitaine, 67400, France";"";"Rue du Raisin";"Illkirch-Graffenstaden";"Strasbourg";"Bas-Rhin";"Grand Est";"67400";"France";"48.5247785";"7.71407"
"02fbe1869ee90893521f1ac99d6e74cd087a6d7e";"1b, Rue du Girlenhirsch, Illkirch-Graffenstaden, Strasbourg, Bas-Rhin, Grand Est, France métropolitaine, 67400, France";"1b";"Rue du Girlenhirsch";"Illkirch-Graffenstaden";"Strasbourg";"Bas-Rhin";"Grand Est";"67400";"France";"48.5175432";"7.7070678"
"fccfe557cdb6550f9dddb06d21ce67540de7db07";"Place du Temple, Illkirch-Graffenstaden, Strasbourg, Bas-Rhin, Grand Est, France métropolitaine, 67400, France";"";"Place du Temple";"Illkirch-Graffenstaden";"Strasbourg";"Bas-Rhin";"Grand Est";"67400";"France";"48.5318828";"7.7201787"
"3bb526aa80de2bdd58c3aad15cde4b06241f8449";"Rue des Roseaux, Illkirch-Graffenstaden, Strasbourg, Bas-Rhin, Grand Est, France métropolitaine, 67400, France";"";"Rue des Roseaux";"Illkirch-Graffenstaden";"Strasbourg";"Bas-Rhin";"Grand Est";"67400";"France";"48.5211286";"7.720315"
"c752a90b74128f9ec684866b0fbab1e7bc9fcac7";"156, Route de Lyon, Illkirch-Graffenstaden, Strasbourg, Bas-Rhin, Grand Est, France métropolitaine, 67400, France";"156";"Route de Lyon";"Illkirch-Graffenstaden";"Strasbourg";"Bas-Rhin";"Grand Est";"67400";"France";"48.5251734";"7.7081074"
"ac699f698a5e0e352686551efe7b783d997e73b6";"29, Rue Principale, Ingenheim, Saverne, Bas-Rhin, Grand Est, France métropolitaine, 67270, France";"29";"Rue Principale";"";"Saverne";"Bas-Rhin";"Grand Est";"67270";"France";"48.7348861";"7.5210814"
"63bd4b5f22a28c9fa5ad3f7249c5982e3808b93e";"1, Rue du Hahnenberg, Ittenheim, Saverne, Bas-Rhin, Grand Est, France métropolitaine, 67117, France";"1";"Rue du Hahnenberg";"";"Saverne";"Bas-Rhin";"Grand Est";"67117";"France";"48.605196";"7.592053"
"1e82a1c6027f8ea7a23b25af7ac03ea2453314a6";"Rue de Batzendorf, Kriegsheim, Haguenau-Wissembourg, Bas-Rhin, Grand Est, France métropolitaine, 67170, France";"";"Rue de Batzendorf";"";"Haguenau-Wissembourg";"Bas-Rhin";"Grand Est";"67170";"France";"48.7587265";"7.725152"
"e9abecbec1904cc3f7670737951a618247503f1b";"Salm, La Broque, Molsheim, Bas-Rhin, Grand Est, France métropolitaine, France";"";"";"";"Molsheim";"Bas-Rhin";"Grand Est";"";"France";"48.4577018";"7.1485835"
"5816580190f8d844352c34dc5638d55360892201";"1, Rue Principale, Vieille Ville (Staedtel), La Petite-Pierre, Saverne, Bas-Rhin, Grand Est, France métropolitaine, 67290, France";"1";"Rue Principale";"";"Saverne";"Bas-Rhin";"Grand Est";"67290";"France";"48.8553462";"7.3199377"
"2620ed5d3379528a8d84baae258f70baf1e29316";"35, Rue de Copenhague, La Wantzenau, Strasbourg, Bas-Rhin, Grand Est, France métropolitaine, 67610, France";"35";"Rue de Copenhague";"";"Strasbourg";"Bas-Rhin";"Grand Est";"67610";"France";"48.6706584";"7.8142879"
"55fc4019552f996c1c41ecd39887bd39a98471d0";"Place de la République, Lauterbourg, Haguenau-Wissembourg, Bas-Rhin, Grand Est, France métropolitaine, 67630, France";"";"Place de la République";"";"Haguenau-Wissembourg";"Bas-Rhin";"Grand Est";"67630";"France";"48.9746233";"8.1785508"
"2f1a2be7daecedb6bcf30ae5c8bf12e87395ee5c";"1, Place de l'Église, Lichtenberg, Saverne, Bas-Rhin, Grand Est, France métropolitaine, 67340, France";"1";"Place de l'Église";"";"Saverne";"Bas-Rhin";"Grand Est";"67340";"France";"48.9212148";"7.4817224"
"77f31b60d550ee1e4304f5daf13a857a8caa06e8";"32, Rue Principale, Lupstein, Saverne, Bas-Rhin, Grand Est, France métropolitaine, 67490, France";"32";"Rue Principale";"";"Saverne";"Bas-Rhin";"Grand Est";"67490";"France";"48.7364048";"7.4849662"
"64c674fc796f086c957e7810c93ffb665ec2ca91";"5, Place du Kaufhaus, Marlenheim, Molsheim, Bas-Rhin, Grand Est, France métropolitaine, 67520, France";"5";"Place du Kaufhaus";"";"Molsheim";"Bas-Rhin";"Grand Est";"67520";"France";"48.6209847";"7.4878808"
"b0c1c34ef17375ba164135d4909e9572cb6a72d4";"12, Rue des Roses, Marlenheim, Molsheim, Bas-Rhin, Grand Est, France métropolitaine, 67520, France";"12";"Rue des Roses";"";"Molsheim";"Bas-Rhin";"Grand Est";"67520";"France";"48.6241066";"7.4890328"
"a67dc12eb90efd6cc858b2d033e03488ba9e4ba6";"30, Rue Principale, Mietesheim, Haguenau-Wissembourg, Bas-Rhin, Grand Est, France métropolitaine, 67580, France";"30";"Rue Principale";"";"Haguenau-Wissembourg";"Bas-Rhin";"Grand Est";"67580";"France";"48.878519";"7.641798"
"954594bde0f69d98d56c241ca84943633e4fc149";"59, Rue Principale, Mittelhausbergen, Strasbourg, Bas-Rhin, Grand Est, France métropolitaine, 67206, France";"59";"Rue Principale";"";"Strasbourg";"Bas-Rhin";"Grand Est";"67206";"France";"48.614442";"7.6926675"
"526ea1e6aaedb7aaeef11cf723f4f76c718d1d8d";"33, Rue des Remparts, Molsheim, Bas-Rhin, Grand Est, France métropolitaine, 67120, France";"33";"Rue des Remparts";"Molsheim";"Molsheim";"Bas-Rhin";"Grand Est";"67120";"France";"48.5432728";"7.498798716854633"
"a4d0e71aca1da937106b1a411b871de656dfeaa8";"11, Rue Saint-Georges, Molsheim, Bas-Rhin, Grand Est, France métropolitaine, 67120, France";"11";"Rue Saint-Georges";"Molsheim";"Molsheim";"Bas-Rhin";"Grand Est";"67120";"France";"48.5434932";"7.4946946"
"e5b7b09501364f75d5cbbe2222394d80810b41e3";"Rue du Général de Gaulle, Mommenheim, Haguenau-Wissembourg, Bas-Rhin, Grand Est, France métropolitaine, 67670, France";"";"Rue du Général de Gaulle";"";"Haguenau-Wissembourg";"Bas-Rhin";"Grand Est";"67670";"France";"48.7582368";"7.6408357"
"bc1f8a0c239b6e544cea2757417aff85d755926f";"24, Rue du Général Leclerc, Mundolsheim, Strasbourg, Bas-Rhin, Grand Est, France métropolitaine, 67450, France";"24";"Rue du Général Leclerc";"";"Strasbourg";"Bas-Rhin";"Grand Est";"67450";"France";"48.6416337";"7.7153398"
"9388325875acb70e59ca29cb6d0d45da7722b4fc";"2, Rue de la Poste, Mundolsheim, Strasbourg, Bas-Rhin, Grand Est, France métropolitaine, 67450, France";"2";"Rue de la Poste";"";"Strasbourg";"Bas-Rhin";"Grand Est";"67450";"France";"48.6450924";"7.7200718"
"601cdf0b0f07acce567e0aa4c692b130373316c0";"19, Passage des Lavoirs, Mutzig, Molsheim, Bas-Rhin, Grand Est, France métropolitaine, 67190, France";"19";"Passage des Lavoirs";"";"Molsheim";"Bas-Rhin";"Grand Est";"67190";"France";"48.5370219";"7.4555545"
"fe7250618328d949428b21a78ab5bab0ec733755";"24, Avenue du Général de Gaulle, Mutzig, Molsheim, Bas-Rhin, Grand Est, France métropolitaine, 67190, France";"24";"Avenue du Général de Gaulle";"";"Molsheim";"Bas-Rhin";"Grand Est";"67190";"France";"48.5341783";"7.4606342"
"3171fd95f9d708df4c16bea3d960bf1100b7d06a";"4, Rue de Bouxwiller, Neuwiller-lès-Saverne, Saverne, Bas-Rhin, Grand Est, France métropolitaine, 67330, France";"4";"Rue de Bouxwiller";"";"Saverne";"Bas-Rhin";"Grand Est";"67330";"France";"48.8227619";"7.4070311"
"bdf48f4c39817bca63db9be9c0892ce3a02597ea";"60, Faubourg du Maréchal Clarke, Neuwiller-lès-Saverne, Saverne, Bas-Rhin, Grand Est, France métropolitaine, 67330, France";"60";"Faubourg du Maréchal Clarke";"";"Saverne";"Bas-Rhin";"Grand Est";"67330";"France";"48.8206133";"7.3983631"
"2a9a0d8f5d1fcbe3c414900059a69b2f2824d4df";"11, Rue de la Gare, Neuwiller-lès-Saverne, Saverne, Bas-Rhin, Grand Est, France métropolitaine, 67330, France";"11";"Rue de la Gare";"";"Saverne";"Bas-Rhin";"Grand Est";"67330";"France";"48.8231349";"7.416136"
"319bc0e95f9cc61f431b5976f60a84b4ea1435d4";"Rue du Cimetière, Niederhaslach, Molsheim, Bas-Rhin, Grand Est, France métropolitaine, 67280, France";"";"Rue du Cimetière";"";"Molsheim";"Bas-Rhin";"Grand Est";"67280";"France";"48.5438992";"7.3424147"
"aba388e029d814307850a44e8db92cdcc584d14b";"57, Rue Principale, Oberdorf-Spachbach, Haguenau-Wissembourg, Bas-Rhin, Grand Est, France métropolitaine, 67360, France";"57";"Rue Principale";"";"Haguenau-Wissembourg";"Bas-Rhin";"Grand Est";"67360";"France";"48.9238843";"7.7617345"
"afad6d3d648dce8345f27f4fd24a9cd79e3846e9";"Rue du Nideck, Oberhaslach, Molsheim, Bas-Rhin, Grand Est, France métropolitaine, 67280, France";"";"Rue du Nideck";"";"Molsheim";"Bas-Rhin";"Grand Est";"67280";"France";"48.5502019";"7.3292474"
"ef6b7f577534d00ffb588a673c1b4beb3b83a8e2";"3, Rue Marcel Pagnol, Cronenbourg, Oberhausbergen, Strasbourg, Bas-Rhin, Grand Est, France métropolitaine, 67205, France";"3";"Rue Marcel Pagnol";"";"Strasbourg";"Bas-Rhin";"Grand Est";"67205";"France";"48.6042743";"7.699766"
"1f146017a5e731567e5807f2261745efa6045d30";"88, Route de Saverne, Oberhausbergen, Strasbourg, Bas-Rhin, Grand Est, France métropolitaine, 67205, France";"88";"Route de Saverne";"";"Strasbourg";"Bas-Rhin";"Grand Est";"67205";"France";"48.6056764";"7.6858175"
"49fe5774e0c3dc7c453b17c805b252ecfff294f6";"51A, Rue de la Moder, Obermodern, Obermodern-Zutzendorf, Saverne, Bas-Rhin, Grand Est, France métropolitaine, 67330, France";"51A";"Rue de la Moder";"";"Saverne";"Bas-Rhin";"Grand Est";"67330";"France";"48.8446935";"7.5395879"
"7fca9ef71d88f510dbc92c473a7471dd8d7f85c3";"5, Rue de la Gare, Obernai, Sélestat-Erstein, Bas-Rhin, Grand Est, France métropolitaine, 67210, France";"5";"Rue de la Gare";"Obernai";"Sélestat-Erstein";"Bas-Rhin";"Grand Est";"67210";"France";"48.4621378";"7.4884805"
"783b16aa9e064729d78b4068fe4cbbc867c62e70";"2, Rue de la Mossig, Odratzheim, Molsheim, Bas-Rhin, Grand Est, France métropolitaine, 67520, France";"2";"Rue de la Mossig";"";"Molsheim";"Bas-Rhin";"Grand Est";"67520";"France";"48.5998387";"7.489831"
"86e936f96cf3c87d0b47e4be876862ee0f25cd4c";"1, Rue Principale, Osthoffen, Strasbourg, Bas-Rhin, Grand Est, France métropolitaine, 67990, France";"1";"Rue Principale";"";"Strasbourg";"Bas-Rhin";"Grand Est";"67990";"France";"48.5849141";"7.5557195"
"351a90fbc8a9c29a2ae5c866adc774f3a3c21cae";"1, Rue du Général Leclerc, Ostwald, Strasbourg, Bas-Rhin, Grand Est, France métropolitaine, 67540, France";"1";"Rue du Général Leclerc";"Ostwald";"Strasbourg";"Bas-Rhin";"Grand Est";"67540";"France";"48.5435142";"7.710302"
"b696507f764fddcd1e2b0f18e8a5d67e4d1878f1";"7, Rue de l'Île des Pêcheurs, Ostwald, Strasbourg, Bas-Rhin, Grand Est, France métropolitaine, 67540, France";"7";"Rue de l'Île des Pêcheurs";"Ostwald";"Strasbourg";"Bas-Rhin";"Grand Est";"67540";"France";"48.5510862";"7.7124141"
"d36aa5f1ac28c162ccc099edfbd4d027b6ecf3b2";"10, Route de Klingenthal, Kupferhammer, Ottrott, Molsheim, Bas-Rhin, Grand Est, France métropolitaine, 67530, France";"10";"Route de Klingenthal";"";"Molsheim";"Bas-Rhin";"Grand Est";"67530";"France";"48.4605023";"7.4313457"
"3be871bc958014f4930d22ed584d18033ecdd7ef";"Place de l'Église, Ottrott, Molsheim, Bas-Rhin, Grand Est, France métropolitaine, 67530, France";"";"Place de l'Église";"";"Molsheim";"Bas-Rhin";"Grand Est";"67530";"France";"48.4570484";"7.4241109"
"7b03aa033c2a7cc1120eabaa4df5d712635f4b94";"1, Rue de la Mairie, Ranrupt, Molsheim, Bas-Rhin, Grand Est, France métropolitaine, 67420, France";"1";"Rue de la Mairie";"";"Molsheim";"Bas-Rhin";"Grand Est";"67420";"France";"48.3740483";"7.1984809"
"738a3798ed2c5bcaa2f6e0d2c1c1c0d8e00aeba5";"Boulevard des Enseignes, Reichstett, Strasbourg, Bas-Rhin, Grand Est, France métropolitaine, 67116, France";"";"Boulevard des Enseignes";"";"Strasbourg";"Bas-Rhin";"Grand Est";"67116";"France";"48.6532899";"7.7314501"
"3d9697653b42f272a34f6806dc9ef6e584878d16";"22, Rue Principale, Reutenbourg, Saverne, Bas-Rhin, Grand Est, France métropolitaine, 67440, France";"22";"Rue Principale";"";"Saverne";"Bas-Rhin";"Grand Est";"67440";"France";"48.6852819";"7.4059814"
"492cd44195c77852f5c18acb896e1dc670a9437e";"8, Rue du Général de Brauer, Rosheim, Molsheim, Bas-Rhin, Grand Est, France métropolitaine, 67560, France";"8";"Rue du Général de Brauer";"";"Molsheim";"Bas-Rhin";"Grand Est";"67560";"France";"48.4950352";"7.4676741"
"594b47b29d25c8e452a541fd54d8ec0700f2f4a9";"1, Rue des Déportés, Rosheim, Molsheim, Bas-Rhin, Grand Est, France métropolitaine, 67560, France";"1";"Rue des Déportés";"";"Molsheim";"Bas-Rhin";"Grand Est";"67560";"France";"48.4964532";"7.4676439"
"91dc619fa585c3e5326a7048df881512997eb70e";"47, Avenue de la Gare, Rosheim, Molsheim, Bas-Rhin, Grand Est, France métropolitaine, 67560, France";"47";"Avenue de la Gare";"";"Molsheim";"Bas-Rhin";"Grand Est";"67560";"France";"48.5051922";"7.491007"
"c343414bd30aa520ba91c60a897e86e2e839c60a";"88, Rue du Général de Gaulle, Rosheim, Molsheim, Bas-Rhin, Grand Est, France métropolitaine, 67560, France";"88";"Rue du Général de Gaulle";"";"Molsheim";"Bas-Rhin";"Grand Est";"67560";"France";"48.4961496";"7.4692342"
"a3d583284876d49051237447a70cd62cf6d6ba9b";"Rue de l'Église, Rosheim, Molsheim, Bas-Rhin, Grand Est, France métropolitaine, 67560, France";"";"Rue de l'Église";"";"Molsheim";"Bas-Rhin";"Grand Est";"67560";"France";"48.495315";"7.4663861"
"6f113cba31fcda6626d0618a07a62feb2662fa13";"40, Avenue Clemenceau, Rosheim, Molsheim, Bas-Rhin, Grand Est, France métropolitaine, 67560, France";"40";"Avenue Clemenceau";"";"Molsheim";"Bas-Rhin";"Grand Est";"67560";"France";"48.4980356";"7.4686582"
"f55c3d7414e4b29eee63e73b536eb739e6e07750";"30, Grand'Rue, Saâles, Saales, Molsheim, Bas-Rhin, Grand Est, France métropolitaine, 67420, France";"30";"Grand'Rue";"";"Molsheim";"Bas-Rhin";"Grand Est";"67420";"France";"48.3483844";"7.1057251"
"4a1747db4022b4b5380834f4f70fb148dd67f8ea";"Rue Principale, Saint-Blaise-la-Roche, Molsheim, Bas-Rhin, Grand Est, France métropolitaine, 67420, France";"";"Rue Principale";"";"Molsheim";"Bas-Rhin";"Grand Est";"67420";"France";"48.4042799";"7.1584511"
"ccc755589b20f14ad1b8246084c2fea233452137";"52, Grand'Rue, Saint-Jean-Saverne, Saverne, Bas-Rhin, Grand Est, France métropolitaine, 67700, France";"52";"Grand'Rue";"";"Saverne";"Bas-Rhin";"Grand Est";"67700";"France";"48.7696099";"7.3612459"
"03fff9faf9104b4628e023d296f2dcf7bf8aadb9";"15, Rue Principale, Schalkendorf, Saverne, Bas-Rhin, Grand Est, France métropolitaine, 67350, France";"15";"Rue Principale";"";"Saverne";"Bas-Rhin";"Grand Est";"67350";"France";"48.8326297";"7.562264"
"e60436397fffa28aedcf576fc66a269dc1a73bcb";"8, Place du Maréchal Foch, Scherwiller, Sélestat-Erstein, Bas-Rhin, Grand Est, France métropolitaine, 67750, France";"8";"Place du Maréchal Foch";"";"Sélestat-Erstein";"Bas-Rhin";"Grand Est";"67750";"France";"48.2862452";"7.4176938"
"e8e98b7aab6bb7a34c0b82d65f7d168b312a5615";"13, Rue de Saint-Dié, Schiltigheim, Strasbourg, Bas-Rhin, Grand Est, France métropolitaine, 67300, France";"13";"Rue de Saint-Dié";"Schiltigheim";"Strasbourg";"Bas-Rhin";"Grand Est";"67300";"France";"48.6108919";"7.7460469"
"9211b83d1f64e2987a216a295ac7bcc1281eed36";"37, Rue de Vendenheim, Schiltigheim, Strasbourg, Bas-Rhin, Grand Est, France métropolitaine, 67300, France";"37";"Rue de Vendenheim";"Schiltigheim";"Strasbourg";"Bas-Rhin";"Grand Est";"67300";"France";"48.608804";"7.7447138"
"200c83c2fd61ce67fb99b954e11acffd8dbe99e0";"21, Rue des Malteries, Schiltigheim, Strasbourg, Bas-Rhin, Grand Est, France métropolitaine, 67300, France";"21";"Rue des Malteries";"Schiltigheim";"Strasbourg";"Bas-Rhin";"Grand Est";"67300";"France";"48.6016602";"7.7414226"
"4ca5ce991b9da0326c16b04ac1f43da85622a312";"1, Rue de la Patrie, Schiltigheim, Strasbourg, Bas-Rhin, Grand Est, France métropolitaine, 67300, France";"1";"Rue de la Patrie";"Schiltigheim";"Strasbourg";"Bas-Rhin";"Grand Est";"67300";"France";"48.6022825";"7.7494496"
"21010bec25813bf07e451c90b0e56456c798b78b";"119, Route du Général de Gaulle, Schiltigheim, Strasbourg, Bas-Rhin, Grand Est, France métropolitaine, 67300, France";"119";"Route du Général de Gaulle";"Schiltigheim";"Strasbourg";"Bas-Rhin";"Grand Est";"67300";"France";"48.6086352";"7.7344532"
"e50e9075c5c0ff19efda969498f8d1092361f136";"Rue Becquerel, Cronenbourg, Strasbourg, Bas-Rhin, Grand Est, France métropolitaine, 67206, France";"";"Rue Becquerel";"";"Strasbourg";"Bas-Rhin";"Grand Est";"67206";"France";"48.6049834";"7.7141545"
"d6734ba0bcd375765f51fef2b4daa798b7f1665b";"6, Route de Fessenheim, Schnersheim, Saverne, Bas-Rhin, Grand Est, France métropolitaine, 67370, France";"6";"Route de Fessenheim";"";"Saverne";"Bas-Rhin";"Grand Est";"67370";"France";"48.6570736";"7.5660312"
"45151f516caac3efcd21f0ed3c2ac22ab02edeaf";"Place Saint-Ulrich, Avenheim, Schnersheim, Saverne, Bas-Rhin, Grand Est, France métropolitaine, 67370, France";"";"Place Saint-Ulrich";"";"Saverne";"Bas-Rhin";"Grand Est";"67370";"France";"48.67121425";"7.553407405262052"
"7ef45742c28cadb2674eaef11f15fcc1e4f7eec3";"Rue de l'École, Kleinfrankenheim, Schnersheim, Saverne, Bas-Rhin, Grand Est, France métropolitaine, 67370, France";"";"Rue de l'École";"";"Saverne";"Bas-Rhin";"Grand Est";"67370";"France";"48.6599124";"7.5822812"
"2c9b42e36df77a4f0a1f78431af089ff46a4f02f";"150, Rue Principale, Schwenheim, Saverne, Bas-Rhin, Grand Est, France métropolitaine, 67440, France";"150";"Rue Principale";"";"Saverne";"Bas-Rhin";"Grand Est";"67440";"France";"48.7126897";"7.4120484"
"78ba1cae5966414e9cbcadc24600ef94ba12031d";"1, Rue Renouvier, Sand, Sélestat, Sélestat-Erstein, Bas-Rhin, Grand Est, France métropolitaine, 67600, France";"1";"Rue Renouvier";"Sélestat";"Sélestat-Erstein";"Bas-Rhin";"Grand Est";"67600";"France";"48.2591637";"7.448819"
"e20192ee4b5429dd6920388b7486fbabfe9e7233";"7 a, Rue de l'Église, Hipsheim, Sélestat-Erstein, Bas-Rhin, Grand Est, France métropolitaine, 67150, France";"7 a";"Rue de l'Église";"";"Sélestat-Erstein";"Bas-Rhin";"Grand Est";"67150";"France";"48.4672674";"7.6774442"
"f9dc33da2a4bd18d0829c465b8e6700e5a35eaf7";"2, Rue Pascal, Souffelweyersheim, Strasbourg, Bas-Rhin, Grand Est, France métropolitaine, 67460, France";"2";"Rue Pascal";"";"Strasbourg";"Bas-Rhin";"Grand Est";"67460";"France";"48.6338764";"7.7518089"
"3f1c260cebaf22af05e6a2c3e5c48c681a1bbc7e";"Square Peymeinade, Souffelweyersheim, Strasbourg, Bas-Rhin, Grand Est, France métropolitaine, 67460, France";"";"";"";"Strasbourg";"Bas-Rhin";"Grand Est";"67460";"France";"48.631686";"7.740711971238303"
"992103464000ffbef7dfa063664b40689aead762";"6, Place de la Liberté, Steinbourg, Saverne, Bas-Rhin, Grand Est, France métropolitaine, 67790, France";"6";"Place de la Liberté";"";"Saverne";"Bas-Rhin";"Grand Est";"67790";"France";"48.7710949";"7.4148738"
"7953641d91ad75092cc6dc04e812b183779a847b";"36, Boulevard de l'Orangerie, Quartier des XV, Orangerie-Conseil des XV, Strasbourg, Bas-Rhin, Grand Est, France métropolitaine, 67075, France";"36";"Boulevard de l'Orangerie";"";"Strasbourg";"Bas-Rhin";"Grand Est";"67075";"France";"48.5886638";"7.7781484"
"a37748b4134cbcadeabe2dc73a3b2f6e4e1f2722";"Place Jeanne Helbling, Neudorf, Neudorf-Musau, Strasbourg, Bas-Rhin, Grand Est, France métropolitaine, 67085, France";"";"Place Jeanne Helbling";"";"Strasbourg";"Bas-Rhin";"Grand Est";"67085";"France";"48.5732638";"7.7619049"
"3ae57062d831776337156722ae103863c02d5002";"5, Rue des Bouleaux, Neudorf, Neudorf-Musau, Strasbourg, Bas-Rhin, Grand Est, France métropolitaine, 67076, France";"5";"Rue des Bouleaux";"";"Strasbourg";"Bas-Rhin";"Grand Est";"67076";"France";"48.5700653";"7.7521203"
"107eda6e7ff685a9fc22335872c6a190a238aee6";"1, Place du Faubourg de Pierre, Tribunal-Gare-Porte de Schirmeck, Strasbourg, Bas-Rhin, Grand Est, France métropolitaine, 67083, France";"1";"Place du Faubourg de Pierre";"";"Strasbourg";"Bas-Rhin";"Grand Est";"67083";"France";"48.5902454";"7.7443584"
"3652a7454a93a80a5f3634d0eb5cd3fd38c8b9ef";"7, Quai du Roethig, Montagne-Verte, Montagne Verte, Strasbourg, Bas-Rhin, Grand Est, France métropolitaine, 67200, France";"7";"Quai du Roethig";"";"Strasbourg";"Bas-Rhin";"Grand Est";"67200";"France";"48.5680551";"7.7035074"
"2c0cac2458ff09e7a28a3972523f01d2732450a5";"25, Rue Sainte-Madeleine, Krutenau, Bourse-Esplanade-Krutenau, Strasbourg, Bas-Rhin, Grand Est, France métropolitaine, 67065, France";"25";"Rue Sainte-Madeleine";"";"Strasbourg";"Bas-Rhin";"Grand Est";"67065";"France";"48.5790896";"7.7546597"
"b0326d6a4e4e63025fc84a3de46cefcd1cec808c";"Place du Vieux Marché aux Vins, La Petite France, Centre, Strasbourg, Bas-Rhin, Grand Est, France métropolitaine, 67003, France";"";"Place du Vieux Marché aux Vins";"";"Strasbourg";"Bas-Rhin";"Grand Est";"67003";"France";"48.583742";"7.7415943"
"e1b1364c1d2dd1f852e08dc92a94d0ff538f5d27";"32, Rue de la Kurvau, Neudorf, Neudorf-Musau, Strasbourg, Bas-Rhin, Grand Est, France métropolitaine, 67100, France";"32";"Rue de la Kurvau";"";"Strasbourg";"Bas-Rhin";"Grand Est";"67100";"France";"48.5701667";"7.7659749"
"ff1f634fce4c4563cdb156f7d371e39774382529";"10, Rue des Mérovingiens, Montagne-Verte, Montagne Verte, Strasbourg, Bas-Rhin, Grand Est, France métropolitaine, 67200, France";"10";"Rue des Mérovingiens";"";"Strasbourg";"Bas-Rhin";"Grand Est";"67200";"France";"48.5718596";"7.7191289"
"f58a450820fb1e8cedf8296e254bf47113718b70";"76, Rue des Capucins, Koenigshoffen, Strasbourg, Bas-Rhin, Grand Est, France métropolitaine, 67201, France";"76";"Rue des Capucins";"";"Strasbourg";"Bas-Rhin";"Grand Est";"67201";"France";"48.5767576";"7.6978118"
"63832cb425e2ac6dc186d9c837720828b97808b6";"4, Place Saint-Florent, Quartier de Saint-Florent, Cronenbourg, Strasbourg, Bas-Rhin, Grand Est, France métropolitaine, 67083, France";"4";"Place Saint-Florent";"";"Strasbourg";"Bas-Rhin";"Grand Est";"67083";"France";"48.5962865";"7.7214148"
"acb69070a6947a975c46944d883cb25203aeb10b";"Street Food 67, 8, Rue de Londres, Esplanade, Bourse-Esplanade-Krutenau, Strasbourg, Bas-Rhin, Grand Est, France métropolitaine, 67000, France";"8";"Rue de Londres";"";"Strasbourg";"Bas-Rhin";"Grand Est";"67000";"France";"48.5780234";"7.7707151"
"195fcb32337144602ae2458740a202fda424ea8d";"10 a, Rue Kageneck, Tribunal-Gare-Porte de Schirmeck, Strasbourg, Bas-Rhin, Grand Est, France métropolitaine, 67003, France";"10 a";"Rue Kageneck";"";"Strasbourg";"Bas-Rhin";"Grand Est";"67003";"France";"48.5844018";"7.738719"
"0ab83a0fe849c23a6f20b8452b0fb4e667915696";"8, Rue Frédéric, Neudorf, Neudorf-Musau, Strasbourg, Bas-Rhin, Grand Est, France métropolitaine, 67100, France";"8";"Rue Frédéric";"";"Strasbourg";"Bas-Rhin";"Grand Est";"67100";"France";"48.5669495";"7.7592289"
"d26b94ecf19a2564fa01c305c8ed4c6b6fb9db00";"3 a, Route d'Oberhausbergen, Cronenbourg, Strasbourg, Bas-Rhin, Grand Est, France métropolitaine, 67200, France";"3 a";"Route d'Oberhausbergen";"";"Strasbourg";"Bas-Rhin";"Grand Est";"67200";"France";"48.5918329";"7.7201898"
"76e9920c15ae9fc9ec69fed0a85c6812820d0d5f";"5, Avenue du Cimetière, Koenigshoffen, Strasbourg, Bas-Rhin, Grand Est, France métropolitaine, 67200, France";"5";"Avenue du Cimetière";"";"Strasbourg";"Bas-Rhin";"Grand Est";"67200";"France";"48.5789831";"7.722377"
"76e9920c15ae9fc9ec69fed0a85c6812820d0d5f";"5, Avenue du Cimetière, Koenigshoffen, Strasbourg, Bas-Rhin, Grand Est, France métropolitaine, 67200, France";"5";"Avenue du Cimetière";"";"Strasbourg";"Bas-Rhin";"Grand Est";"67200";"France";"48.5789831";"7.722377"
"5b1b5db21c36b950ed5f3b5bb21dfa56560e1db1";"1, Parc de l'Étoile, Neudorf, Neudorf-Musau, Strasbourg, Bas-Rhin, Grand Est, France métropolitaine, 67000, France";"1";"Parc de l'Étoile";"";"Strasbourg";"Bas-Rhin";"Grand Est";"67000";"France";"48.5736153";"7.7530634"
"36e91ce722d8f81078cf9842ef8a18fb4d252339";"34, Route de l'Hôpital, Neudorf, Neudorf-Musau, Strasbourg, Bas-Rhin, Grand Est, France métropolitaine, 67065, France";"34";"Route de l'Hôpital";"";"Strasbourg";"Bas-Rhin";"Grand Est";"67065";"France";"48.5727607";"7.749865"
"5b1b5db21c36b950ed5f3b5bb21dfa56560e1db1";"1, Parc de l'Étoile, Neudorf, Neudorf-Musau, Strasbourg, Bas-Rhin, Grand Est, France métropolitaine, 67000, France";"1";"Parc de l'Étoile";"";"Strasbourg";"Bas-Rhin";"Grand Est";"67000";"France";"48.5736153";"7.7530634"
"fd653c1b8874eacc9c665bf0160194717466a4a5";"Rue Principale, Stundwiller, Haguenau-Wissembourg, Bas-Rhin, Grand Est, France métropolitaine, 67250, France";"";"Rue Principale";"";"Haguenau-Wissembourg";"Bas-Rhin";"Grand Est";"67250";"France";"48.9255914";"7.9887652"
"45c23a3da9d8f87061668e5dec9c46322e5a7bec";"1, Chemin de la Souffel, Stutzheim-Offenheim, Saverne, Bas-Rhin, Grand Est, France métropolitaine, 67370, France";"1";"Chemin de la Souffel";"";"Saverne";"Bas-Rhin";"Grand Est";"67370";"France";"48.6306627";"7.6197613"
"5d6a2b4f156da694582ca53b997750b1b5c878cd";"29, Rue de la Vallée, Zone d'activités du Holzwe, Sundhouse, Sélestat-Erstein, Bas-Rhin, Grand Est, France métropolitaine, 67920, France";"29";"Rue de la Vallée";"";"Sélestat-Erstein";"Bas-Rhin";"Grand Est";"67920";"France";"48.2486864";"7.6049667"
"4351c34878668b3270e9d7edc7dd0d4cc82c279a";"7, Rue du Château, Thanvillé, Sélestat-Erstein, Bas-Rhin, Grand Est, France métropolitaine, 67220, France";"7";"Rue du Château";"";"Sélestat-Erstein";"Bas-Rhin";"Grand Est";"67220";"France";"48.321557";"7.349137"
"f1353a70fc7960094dea132a36f1f28ffccc6f40";"Impasse de la Fontaine, Traenheim, Molsheim, Bas-Rhin, Grand Est, France métropolitaine, 67310, France";"";"Impasse de la Fontaine";"";"Molsheim";"Bas-Rhin";"Grand Est";"67310";"France";"48.5948071";"7.4653207"
"f64f9424e7b34f021977b63f3e805be4f6b62503";"2, Rue de l'École, Traenheim, Molsheim, Bas-Rhin, Grand Est, France métropolitaine, 67310, France";"2";"Rue de l'École";"";"Molsheim";"Bas-Rhin";"Grand Est";"67310";"France";"48.5950581";"7.4692205"
"0f23c20b9c6e5ba2a0dc53388c640bcc2cad8290";"1, Place des Fêtes, Urmatt, Molsheim, Bas-Rhin, Grand Est, France métropolitaine, 67280, France";"1";"Place des Fêtes";"";"Molsheim";"Bas-Rhin";"Grand Est";"67280";"France";"48.527373";"7.3246127"
"190fb45a58bc9c2c8a24eb5f76fc65329fa0b888";"2, Rue de la Gare, Pfaffenhoffen, Val-de-Moder, Haguenau-Wissembourg, Bas-Rhin, Grand Est, France métropolitaine, 67350, France";"2";"Rue de la Gare";"";"Haguenau-Wissembourg";"Bas-Rhin";"Grand Est";"67350";"France";"48.8449247";"7.6133879"
"0e463779478f84b7212353b9992f57428e532b89";"129, Rue Principale, Valff, Sélestat-Erstein, Bas-Rhin, Grand Est, France métropolitaine, 67210, France";"129";"Rue Principale";"";"Sélestat-Erstein";"Bas-Rhin";"Grand Est";"67210";"France";"48.421388";"7.5215909"
"003183823223c8d30fecca66a442485bbdfb6182";"13, Rue de Lampertheim, Vendenheim, Strasbourg, Bas-Rhin, Grand Est, France métropolitaine, 67550, France";"13";"Rue de Lampertheim";"";"Strasbourg";"Bas-Rhin";"Grand Est";"67550";"France";"48.6669661";"7.7078251"
"73a8d73cfed373f576278cd9e203f4d2c58bc12f";"8, Place du Marché, Villé, Sélestat-Erstein, Bas-Rhin, Grand Est, France métropolitaine, 67220, France";"8";"Place du Marché";"";"Sélestat-Erstein";"Bas-Rhin";"Grand Est";"67220";"France";"48.342414";"7.3022485"
"087376c8a4dfc7c5812fb2834fc13ae3bdeb71dc";"17, Rue de la Suisse, Waldersbach, Molsheim, Bas-Rhin, Grand Est, France métropolitaine, 67130, France";"17";"Rue de la Suisse";"";"Molsheim";"Bas-Rhin";"Grand Est";"67130";"France";"48.4139775";"7.21487"
"fe69df3707f3864603dcb0c30716209f5f9c6bf7";"18D, Route du Nideck, Wangenbourg-Engenthal, Molsheim, Bas-Rhin, Grand Est, France métropolitaine, 67710, France";"18D";"Route du Nideck";"";"Molsheim";"Bas-Rhin";"Grand Est";"67710";"France";"48.6160192";"7.3065341"
"9101dd119e46ff3e4f96471e9c7ec20a13aa34e8";"Allée des Platanes, Brechlingen, Wasselonne, Molsheim, Bas-Rhin, Grand Est, France métropolitaine, 67310, France";"";"Allée des Platanes";"";"Molsheim";"Bas-Rhin";"Grand Est";"67310";"France";"48.6362211";"7.4387893"
"e2a5999cf95d67abbf2da65eb6a247be8ce6e40f";"Rue des Sapins, Brechlingen, Wasselonne, Molsheim, Bas-Rhin, Grand Est, France métropolitaine, 67310, France";"";"Rue des Sapins";"";"Molsheim";"Bas-Rhin";"Grand Est";"67310";"France";"48.6384044";"7.432097"
"3893ddba4b96180af32451ecce12a952e6d3138e";"4, Rue des Roses, Weiterswiller, Saverne, Bas-Rhin, Grand Est, France métropolitaine, 67340, France";"4";"Rue des Roses";"";"Saverne";"Bas-Rhin";"Grand Est";"67340";"France";"48.8542096";"7.4115031"
"1a50a0302005330e76cf2daf99265be9bfe5bb3c";"225, Petite Rue de l'Église, Westhouse, Sélestat-Erstein, Bas-Rhin, Grand Est, France métropolitaine, 67230, France";"225";"Petite Rue de l'Église";"";"Sélestat-Erstein";"Bas-Rhin";"Grand Est";"67230";"France";"48.3963448";"7.5899065"
"9a58e60d98376be30e6e40968de027642fe084a7";"4, Rue de la Prairie, Weyersheim, Haguenau-Wissembourg, Bas-Rhin, Grand Est, France métropolitaine, 67720, France";"4";"Rue de la Prairie";"";"Haguenau-Wissembourg";"Bas-Rhin";"Grand Est";"67720";"France";"48.7153728";"7.8067093"
"15abb039086e35aa884a657ab0335d2189d0b328";"2, Rue du Kochersberg, Willgottheim, Saverne, Bas-Rhin, Grand Est, France métropolitaine, 67370, France";"2";"Rue du Kochersberg";"";"Saverne";"Bas-Rhin";"Grand Est";"67370";"France";"48.6687971";"7.5171577"
"01b034343f224eaf0bccdbeb07bdf393a8658484";"4, Rue du Petit Passage, Wingen-sur-Moder, Saverne, Bas-Rhin, Grand Est, France métropolitaine, 67290, France";"4";"Rue du Petit Passage";"";"Saverne";"Bas-Rhin";"Grand Est";"67290";"France";"48.9198567";"7.371741"
"b34d27a2bf7be3fcabae531fbfe640bd74d51e59";"Rue de l'École, Wintzenheim-Kochersberg, Saverne, Bas-Rhin, Grand Est, France métropolitaine, 67370, France";"";"Rue de l'École";"";"Saverne";"Bas-Rhin";"Grand Est";"67370";"France";"48.6590099";"7.5127038"
"82f4390323e3e09bce05653e0f333fbddcdd2013";"17, Rue de l'École, Wintzenheim-Kochersberg, Saverne, Bas-Rhin, Grand Est, France métropolitaine, 67370, France";"17";"Rue de l'École";"";"Saverne";"Bas-Rhin";"Grand Est";"67370";"France";"48.6590186";"7.5134814"
"a4fb51262e7284d9750317498936c8c6dfa65a28";"9A, Avenue de la Gare, Wissembourg, Haguenau-Wissembourg, Bas-Rhin, Grand Est, France métropolitaine, 67160, France";"9A";"Avenue de la Gare";"Wissembourg";"Haguenau-Wissembourg";"Bas-Rhin";"Grand Est";"67160";"France";"49.0333175";"7.9480511"
"03c569f3bdd18ba17378bc3cc69d65959a7397b3";"3, Rue des Dominicains, Wissembourg, Haguenau-Wissembourg, Bas-Rhin, Grand Est, France métropolitaine, 67160, France";"3";"Rue des Dominicains";"Wissembourg";"Haguenau-Wissembourg";"Bas-Rhin";"Grand Est";"67160";"France";"49.0362754";"7.9473614"
"5bc2f13d7598a0b754f3fc66fe936ccfa6750e6a";"13, Rue du Fort Kléber, Wolfisheim, Strasbourg, Bas-Rhin, Grand Est, France métropolitaine, 67202, France";"13";"Rue du Fort Kléber";"";"Strasbourg";"Bas-Rhin";"Grand Est";"67202";"France";"48.5891629";"7.6644915"
"abbe05738787cf114e210df3d46120b501fb8778";"52, Rue du Général Leclerc, Wolfisheim, Strasbourg, Bas-Rhin, Grand Est, France métropolitaine, 67202, France";"52";"Rue du Général Leclerc";"";"Strasbourg";"Bas-Rhin";"Grand Est";"67202";"France";"48.5870799";"7.6667101"
"e6e04ceea0ff86e88d425cd5aa86041cf8c80768";"31 b, Petite Rue des Seigneurs, Wolfisheim, Strasbourg, Bas-Rhin, Grand Est, France métropolitaine, 67202, France";"31 b";"Petite Rue des Seigneurs";"";"Strasbourg";"Bas-Rhin";"Grand Est";"67202";"France";"48.585273";"7.6654472"
"d21aa92bc70b4b96cc20cbc1efa661080604c6a4";"4, Rue des Castors, Wolfisheim, Strasbourg, Bas-Rhin, Grand Est, France métropolitaine, 67202, France";"4";"Rue des Castors";"";"Strasbourg";"Bas-Rhin";"Grand Est";"67202";"France";"48.5814146";"7.6640389"
