"6581da9f1b6e98b1f3b690e1ba7801eedf392071";"2 A, Rue du Centre, Abergement-la-Ronce, Dole, Jura, Bourgogne-Franche-Comté, France métropolitaine, 39500, France";"2 A";"Rue du Centre";"";"Dole";"Jura";"Bourgogne-Franche-Comté";"39500";"France";"47.0710344";"5.3661011"
"6132e3ae2c4183937deee6b8cab11237cb1e2a82";"Rue Charles Blanc, Amange, Dole, Jura, Bourgogne-Franche-Comté, France métropolitaine, 39700, France";"";"Rue Charles Blanc";"";"Dole";"Jura";"Bourgogne-Franche-Comté";"39700";"France";"47.1653334";"5.5649923"
"ef66215689d77445592991eb01bae3583fd7cf9f";"26, Rue de l'Hôpital, Arbois, Dole, Jura, Bourgogne-Franche-Comté, France métropolitaine, 39600, France";"26";"Rue de l'Hôpital";"";"Dole";"Jura";"Bourgogne-Franche-Comté";"39600";"France";"46.900106";"5.7752347"
"00aebee8129ad7d4832fa838426aae8b97a3b610";"10, Route de Neublans, Beauvoisin, Asnans-Beauvoisin, Dole, Jura, Bourgogne-Franche-Comté, France métropolitaine, 39120, France";"10";"Route de Neublans";"";"Dole";"Jura";"Bourgogne-Franche-Comté";"39120";"France";"46.927415";"5.368771"
"0c929b7ed1c8a773e9993999c26806c36485927a";"Route de Saint-Amour, Les Comtesses, Balanod, Lons-le-Saunier, Jura, Bourgogne-Franche-Comté, France métropolitaine, 39160, France";"";"Route de Saint-Amour";"";"Lons-le-Saunier";"Jura";"Bourgogne-Franche-Comté";"39160";"France";"46.4538807";"5.3502293"
"66875fbf977a3a56ad1662659bc4039ada04c1cb";"Rue de l'Église, Barésia-sur-l'Ain, Lons-le-Saunier, Jura, Bourgogne-Franche-Comté, France métropolitaine, 39130, France";"";"Rue de l'Église";"";"Lons-le-Saunier";"Jura";"Bourgogne-Franche-Comté";"39130";"France";"46.54921";"5.709826"
"b7a6fe00d89e7d39bf935a87da0c7d4db728935e";"Place de la Mairie, Villeneuve, Baume-les-Messieurs, Lons-le-Saunier, Jura, Bourgogne-Franche-Comté, France métropolitaine, 39210, France";"";"Place de la Mairie";"";"Lons-le-Saunier";"Jura";"Bourgogne-Franche-Comté";"39210";"France";"46.7096831";"5.6467025"
"2d6abcab404b9a6be4887857c795b605ebced299";"33, Route Nationale, L'Etandonne, Beaufort, Beaufort-Orbagna, Lons-le-Saunier, Jura, Bourgogne-Franche-Comté, France métropolitaine, 39190, France";"33";"Route Nationale";"";"Lons-le-Saunier";"Jura";"Bourgogne-Franche-Comté";"39190";"France";"46.57573";"5.437719"
"cf8fdda681aec7ede522e9c3f9c64887cfd4d01c";"Route de Beaufort, Le Faubourg, Orbagna, Beaufort-Orbagna, Lons-le-Saunier, Jura, Bourgogne-Franche-Comté, France métropolitaine, 39190, France";"";"Route de Beaufort";"";"Lons-le-Saunier";"Jura";"Bourgogne-Franche-Comté";"39190";"France";"46.5801942";"5.4482275"
"a2285ad72f0407c5414ac2b65d78fbfe61da2a6f";"4305, Route des Fontaines, Le Clos Jean, Bellefontaine, Saint-Claude, Jura, Bourgogne-Franche-Comté, France métropolitaine, 39400, France";"4305";"Route des Fontaines";"";"Saint-Claude";"Jura";"Bourgogne-Franche-Comté";"39400";"France";"46.5583655";"6.0659913"
"f22016e400fa375b8a08262247b20fef10a9b8d0";"16BIS, Rue Louis XIV le Grand, La Demi-Lune, Bletterans, Lons-le-Saunier, Jura, Bourgogne-Franche-Comté, France métropolitaine, 39140, France";"16BIS";"Rue Louis XIV le Grand";"";"Lons-le-Saunier";"Jura";"Bourgogne-Franche-Comté";"39140";"France";"46.746351";"5.455403"
"7ee4f986281445c986d977b1a9cd8e136eaa735a";"Rue Louis XIV le Grand, En Villeneuve, Bletterans, Lons-le-Saunier, Jura, Bourgogne-Franche-Comté, France métropolitaine, 39140, France";"";"Rue Louis XIV le Grand";"";"Lons-le-Saunier";"Jura";"Bourgogne-Franche-Comté";"39140";"France";"46.7457747";"5.4524612"
"9e7ec9713f79acb1eaf2fe3b9b65a0c504993084";"187, Rue des Guinches, Bois-d'Amont, Saint-Claude, Jura, Bourgogne-Franche-Comté, France métropolitaine, 39220, France";"187";"Rue des Guinches";"";"Saint-Claude";"Jura";"Bourgogne-Franche-Comté";"39220";"France";"46.534933";"6.138439"
"eedbe99ebcc10adefeece374e35d2f0f458bdd18";"230, Rue Saint-Néron, Bornay, Lons-le-Saunier, Jura, Bourgogne-Franche-Comté, France métropolitaine, 39570, France";"230";"Rue Saint-Néron";"";"Lons-le-Saunier";"Jura";"Bourgogne-Franche-Comté";"39570";"France";"46.6158485";"5.553962"
"aea66a4cab419c0a0f0a90b5736c88ff8ac06f97";"1, Rue du Moulin, Brans, Dole, Jura, Bourgogne-Franche-Comté, France métropolitaine, 39290, France";"1";"Rue du Moulin";"";"Dole";"Jura";"Bourgogne-Franche-Comté";"39290";"France";"47.232303";"5.567868"
"b7f0ec1ca5b960663c44f8c56d57bf14359727b9";"85, Rue du Chalet, Briod, Lons-le-Saunier, Jura, Bourgogne-Franche-Comté, France métropolitaine, 39570, France";"85";"Rue du Chalet";"";"Lons-le-Saunier";"Jura";"Bourgogne-Franche-Comté";"39570";"France";"46.660834";"5.623551"
"f2d31282b31897478824e4650d1b372f345e79d7";"Rue du Chalet, Briod, Lons-le-Saunier, Jura, Bourgogne-Franche-Comté, France métropolitaine, 39570, France";"";"Rue du Chalet";"";"Lons-le-Saunier";"Jura";"Bourgogne-Franche-Comté";"39570";"France";"46.6614663";"5.6231171"
"7385bea854aa599771e215ba8491bdd1871e4a64";"2, Route de Villechantria, Villechantria, Broissia, Lons-le-Saunier, Jura, Bourgogne-Franche-Comté, France métropolitaine, 39320, France";"2";"Route de Villechantria";"";"Lons-le-Saunier";"Jura";"Bourgogne-Franche-Comté";"39320";"France";"46.35975";"5.430124"
"e1d038140e809d5f72a87c5e6125b107db4fbbbb";"Rue de Pré-Haut, Penu, Cesancey, Lons-le-Saunier, Jura, Bourgogne-Franche-Comté, France métropolitaine, 39570, France";"";"Rue de Pré-Haut";"";"Lons-le-Saunier";"Jura";"Bourgogne-Franche-Comté";"39570";"France";"46.6246969";"5.4934936"
"6ae06e3eda7b8852b9801549013212e6d4172b98";"30, Rue Principale, Champagney, Dole, Jura, Bourgogne-Franche-Comté, France métropolitaine, 39290, France";"30";"Rue Principale";"";"Dole";"Jura";"Bourgogne-Franche-Comté";"39290";"France";"47.260127";"5.516586"
"639dd251abd8c59d7ca74e35695cb01a3e2a179b";"Rue Baronne Delort, Champagnole, Lons-le-Saunier, Jura, Bourgogne-Franche-Comté, France métropolitaine, 39300, France";"";"Rue Baronne Delort";"Champagnole";"Lons-le-Saunier";"Jura";"Bourgogne-Franche-Comté";"39300";"France";"46.7481217";"5.9073858"
"70a7dec0c1ed87375ac5e65b3f9258967cae9bf9";"Rue de Saint-Exupéry, Champagnole, Lons-le-Saunier, Jura, Bourgogne-Franche-Comté, France métropolitaine, 39300, France";"";"Rue de Saint-Exupéry";"Champagnole";"Lons-le-Saunier";"Jura";"Bourgogne-Franche-Comté";"39300";"France";"46.7371357";"5.9190786"
"fe23a54cab0effaa1c35a4437da2b12644d599c8";"Avenue Edouard Herriot, Champagnole, Lons-le-Saunier, Jura, Bourgogne-Franche-Comté, France métropolitaine, 39300, France";"";"Avenue Edouard Herriot";"Champagnole";"Lons-le-Saunier";"Jura";"Bourgogne-Franche-Comté";"39300";"France";"46.7494331";"5.901689"
"406539d6dfabff4bfc181b0a06716ac1834d0f92";"506, Grande Rue, Charcier, Lons-le-Saunier, Jura, Bourgogne-Franche-Comté, France métropolitaine, 39130, France";"506";"Grande Rue";"";"Lons-le-Saunier";"Jura";"Bourgogne-Franche-Comté";"39130";"France";"46.626939";"5.751184"
"a60f91e710990e7a3f0d1deca490115d257754b0";"Grande Rue, Charcier, Lons-le-Saunier, Jura, Bourgogne-Franche-Comté, France métropolitaine, 39130, France";"";"Grande Rue";"";"Lons-le-Saunier";"Jura";"Bourgogne-Franche-Comté";"39130";"France";"46.622933";"5.7488959"
"df224cae6f3454914ea16f62882dff283ac76800";"2, Rue du Vieux Lavoir, Charézier, Lons-le-Saunier, Jura, Bourgogne-Franche-Comté, France métropolitaine, 39130, France";"2";"Rue du Vieux Lavoir";"";"Lons-le-Saunier";"Jura";"Bourgogne-Franche-Comté";"39130";"France";"46.610819";"5.727842"
"6ffb88c62b946d14b9dc70470ce13a3040b76be9";"18, Rue Saint-Jean, Château-Chalon, Lons-le-Saunier, Jura, Bourgogne-Franche-Comté, France métropolitaine, 39210, France";"18";"Rue Saint-Jean";"";"Lons-le-Saunier";"Jura";"Bourgogne-Franche-Comté";"39210";"France";"46.754697";"5.62617"
"da99852451f3be9fb7f4f7b71e2b2ae87b53d835";"Rue du Lavoir, Châtillon, Lons-le-Saunier, Jura, Bourgogne-Franche-Comté, France métropolitaine, 39130, France";"";"Rue du Lavoir";"";"Lons-le-Saunier";"Jura";"Bourgogne-Franche-Comté";"39130";"France";"46.6586177";"5.7289129"
"78532a4fe3be16da69d00de97c74fd229e6bb023";"18, Grande Rue de la Bresse, La Sablonnière, Chaumergy, Lons-le-Saunier, Jura, Bourgogne-Franche-Comté, France métropolitaine, 39230, France";"18";"Grande Rue de la Bresse";"";"Lons-le-Saunier";"Jura";"Bourgogne-Franche-Comté";"39230";"France";"46.846998";"5.4781611"
"d697e3f641563c665c1aed2f430f71e923a4baf7";"6, Place Principale, Chevigny, Dole, Jura, Bourgogne-Franche-Comté, France métropolitaine, 39290, France";"6";"Place Principale";"";"Dole";"Jura";"Bourgogne-Franche-Comté";"39290";"France";"47.175695";"5.475877"
"ecb360667a48090e589e608072e8c928f4f260b5";"Grande Rue, Chille, Lons-le-Saunier, Jura, Bourgogne-Franche-Comté, France métropolitaine, 39570, France";"";"Grande Rue";"";"Lons-le-Saunier";"Jura";"Bourgogne-Franche-Comté";"39570";"France";"46.6939825";"5.5730218"
"a55c859a5d71eb0b62d35479fac6d7b0c2964cc1";"Agence postale de Chissey-sur-Loue, 29, Grande Rue, Lotissement aux Pieds de Loup, Chissey-sur-Loue, Dole, Jura, Bourgogne-Franche-Comté, France métropolitaine, 39380, France";"29";"Grande Rue";"";"Dole";"Jura";"Bourgogne-Franche-Comté";"39380";"France";"47.0217328";"5.7208134"
"7d69e184ea500f4a3a9b4ddd3101615f2d60842e";"1, Avenue Étienne Lamy, Cize, Lons-le-Saunier, Jura, Bourgogne-Franche-Comté, France métropolitaine, 39300, France";"1";"Avenue Étienne Lamy";"";"Lons-le-Saunier";"Jura";"Bourgogne-Franche-Comté";"39300";"France";"46.730509";"5.911893"
"5b0904914087ce6101f8faf0a1af9a7dd9e68696";"34, Avenue Étienne Lamy, Cize, Lons-le-Saunier, Jura, Bourgogne-Franche-Comté, France métropolitaine, 39300, France";"34";"Avenue Étienne Lamy";"";"Lons-le-Saunier";"Jura";"Bourgogne-Franche-Comté";"39300";"France";"46.72447";"5.918117"
"758b5bfdb9dc5cc4e924315183890464eb094005";"Place du Général Michelin, Lotissement Curtil Chaffin, Commenailles, Lons-le-Saunier, Jura, Bourgogne-Franche-Comté, France métropolitaine, 39140, France";"";"Place du Général Michelin";"";"Lons-le-Saunier";"Jura";"Bourgogne-Franche-Comté";"39140";"France";"46.8029438";"5.4524029"
"758b5bfdb9dc5cc4e924315183890464eb094005";"Place du Général Michelin, Lotissement Curtil Chaffin, Commenailles, Lons-le-Saunier, Jura, Bourgogne-Franche-Comté, France métropolitaine, 39140, France";"";"Place du Général Michelin";"";"Lons-le-Saunier";"Jura";"Bourgogne-Franche-Comté";"39140";"France";"46.8029438";"5.4524029"
"51b39349e5f17a3eaa2db8acdff25af419ce5b47";"5, Rue Haute, Conliège, Lons-le-Saunier, Jura, Bourgogne-Franche-Comté, France métropolitaine, 39570, France";"5";"Rue Haute";"";"Lons-le-Saunier";"Jura";"Bourgogne-Franche-Comté";"39570";"France";"46.654881";"5.59879"
"578751dbbe555a834ed349d30f1fba94dd66b965";"87, Route de Beauregard, Fontaine aux Daims, Courbouzon, Lons-le-Saunier, Jura, Bourgogne-Franche-Comté, France métropolitaine, 39570, France";"87";"Route de Beauregard";"";"Lons-le-Saunier";"Jura";"Bourgogne-Franche-Comté";"39570";"France";"46.653704";"5.530423"
"fb35ae2f65a614a378dc42071baff2d00b4bc80a";"1, Rue de Villars, Courtefontaine, Dole, Jura, Bourgogne-Franche-Comté, France métropolitaine, 39700, France";"1";"Rue de Villars";"";"Dole";"Jura";"Bourgogne-Franche-Comté";"39700";"France";"47.129437";"5.804365"
"b97d0b0466283df606ccf0043e0c4b97a0b27d33";"La Poste, 63, Grande Rue, Bian, Cousance, Lons-le-Saunier, Jura, Bourgogne-Franche-Comté, France métropolitaine, 39190, France";"63";"Grande Rue";"";"Lons-le-Saunier";"Jura";"Bourgogne-Franche-Comté";"39190";"France";"46.531174";"5.3908629"
"24b465476ee1ba886858b4c135807aa1d345a503";"Place de l'Église, Granges-sur-Baume, Hauteroche, Lons-le-Saunier, Jura, Bourgogne-Franche-Comté, France métropolitaine, 39210, France";"";"Place de l'Église";"";"Lons-le-Saunier";"Jura";"Bourgogne-Franche-Comté";"39210";"France";"46.7138779";"5.6445804"
"4fcbc432915e6a7c14a6cc914ab9076a5f6e462f";"Rue de la Carrière, Crançot, Hauteroche, Lons-le-Saunier, Jura, Bourgogne-Franche-Comté, France métropolitaine, 39570, France";"";"Rue de la Carrière";"";"Lons-le-Saunier";"Jura";"Bourgogne-Franche-Comté";"39570";"France";"46.68766";"5.6614517"
"79aa9a091da9193b5dfcf81554ab71f3c968748a";"Rue de la Forêt, Crenans, Saint-Claude, Jura, Bourgogne-Franche-Comté, France métropolitaine, 39260, France";"";"Rue de la Forêt";"";"Saint-Claude";"Jura";"Bourgogne-Franche-Comté";"39260";"France";"46.4572515";"5.7386663"
"5b29b7aaef595c19a8240686cf293f1b1c51c9ef";"13, Rue Haute, Crissey, Dole, Jura, Bourgogne-Franche-Comté, France métropolitaine, 39100, France";"13";"Rue Haute";"";"Dole";"Jura";"Bourgogne-Franche-Comté";"39100";"France";"47.066444";"5.48445"
"a5dbb6860edf7b6410e1bb1f31ea20ac1db59f68";"Rue du Clos de la Forge, Crotenay, Lons-le-Saunier, Jura, Bourgogne-Franche-Comté, France métropolitaine, 39300, France";"";"Rue du Clos de la Forge";"";"Lons-le-Saunier";"Jura";"Bourgogne-Franche-Comté";"39300";"France";"46.7502644";"5.8128501"
"4617726031a6fa53be0ecadfcbd2c707526550ee";"34, Rue Principale, Dammartin, Dammartin-Marpain, Dole, Jura, Bourgogne-Franche-Comté, France métropolitaine, 39290, France";"34";"Rue Principale";"";"Dole";"Jura";"Bourgogne-Franche-Comté";"39290";"France";"47.255961";"5.543321"
"61e2bd3587fb7dff68c7ad15b8192542ead38485";"Place du 1er Mai, Damparis, Dole, Jura, Bourgogne-Franche-Comté, France métropolitaine, 39500, France";"";"Place du 1er Mai";"";"Dole";"Jura";"Bourgogne-Franche-Comté";"39500";"France";"47.0697868";"5.4134814"
"29d67d54319edc33aa83fa97b5073af0f852cfe0";"Rue de Belvoye, Damparis, Dole, Jura, Bourgogne-Franche-Comté, France métropolitaine, 39500, France";"";"Rue de Belvoye";"";"Dole";"Jura";"Bourgogne-Franche-Comté";"39500";"France";"47.0597031";"5.4126754"
"fea48a3ec4b412175b97bf947db06fabf70e9fab";"4, Route des Forges, Châteauneuf, Dampierre, Dole, Jura, Bourgogne-Franche-Comté, France métropolitaine, 39700, France";"4";"Route des Forges";"";"Dole";"Jura";"Bourgogne-Franche-Comté";"39700";"France";"47.158462";"5.759602"
"f700ae2cfa777890f5bb4d38d7e86cfae454a6de";"Rue du Grand Verger, Dampierre, Dole, Jura, Bourgogne-Franche-Comté, France métropolitaine, 39700, France";"";"Rue du Grand Verger";"";"Dole";"Jura";"Bourgogne-Franche-Comté";"39700";"France";"47.1555133";"5.7407973"
"aa2dffcd053de77c36769a6d14cbfe63bce56055";"11, Route de Dampierre, Hyombre, Louvatange-le-Petit-Mercey, Dampierre, Dole, Jura, Bourgogne-Franche-Comté, France métropolitaine, 39350, France";"11";"Route de Dampierre";"";"Dole";"Jura";"Bourgogne-Franche-Comté";"39350";"France";"47.191008";"5.74313"
"63d7a143febd07f3d2040cc16b9d0f624d20f41b";"59, Rue Pasteur, Azans, Dole, Jura, Bourgogne-Franche-Comté, France métropolitaine, 39100, France";"59";"Rue Pasteur";"Dole";"Dole";"Jura";"Bourgogne-Franche-Comté";"39100";"France";"47.091675300000006";"5.494887880320653"
"0ddfded86f44b2c1422e1be4a959fdc855e43884";"Place de l'Europe, Azans, Dole, Jura, Bourgogne-Franche-Comté, France métropolitaine, 39100, France";"";"Place de l'Europe";"Dole";"Dole";"Jura";"Bourgogne-Franche-Comté";"39100";"France";"47.0904897";"5.4889033"
"2ea98e3fbfe3788d0d123f4c5e1570326f7ac98f";"Rue Audemar Guyon, Zone des Épenottes, Dole, Jura, Bourgogne-Franche-Comté, France métropolitaine, 39100, France";"";"Rue Audemar Guyon";"Dole";"Dole";"Jura";"Bourgogne-Franche-Comté";"39100";"France";"47.1064229";"5.5091523"
"4b773886f749ff72750280c5cb5747f60dbeaa2d";"Rue du Château, La Muyre, Domblans, Lons-le-Saunier, Jura, Bourgogne-Franche-Comté, France métropolitaine, 39210, France";"";"Rue du Château";"";"Lons-le-Saunier";"Jura";"Bourgogne-Franche-Comté";"39210";"France";"46.7538195";"5.5727237"
"ae61fe0c8fe2b8f6ac7c715bf9ce7485089d0e73";"Route de Saint-Germain-lès-Arlay, Domblans, Lons-le-Saunier, Jura, Bourgogne-Franche-Comté, France métropolitaine, 39210, France";"";"Route de Saint-Germain-lès-Arlay";"";"Lons-le-Saunier";"Jura";"Bourgogne-Franche-Comté";"39210";"France";"46.7640111";"5.59288"
"00b7e3175605e910e3586f962ad35ab8579a0366";"79, Rue de Chartre, Blandans, Domblans, Lons-le-Saunier, Jura, Bourgogne-Franche-Comté, France métropolitaine, 39210, France";"79";"Rue de Chartre";"";"Lons-le-Saunier";"Jura";"Bourgogne-Franche-Comté";"39210";"France";"46.772602";"5.603343"
"fd03527a5325db3bcc84c6c8f3d424dc943c2b29";"2, Route des Sapins, Équevillon, Lons-le-Saunier, Jura, Bourgogne-Franche-Comté, France métropolitaine, 39300, France";"2";"Route des Sapins";"";"Lons-le-Saunier";"Jura";"Bourgogne-Franche-Comté";"39300";"France";"46.758595";"5.93868"
"32998ef6846cdef42d8c7ead404da5cad304996e";"470, Rue Francis Picabia, Les Ronchaux, Étival, Saint-Claude, Jura, Bourgogne-Franche-Comté, France métropolitaine, 39130, France";"470";"Rue Francis Picabia";"";"Saint-Claude";"Jura";"Bourgogne-Franche-Comté";"39130";"France";"46.507313";"5.793852"
"22ce11915c27bb776990b9336f7e69a65c941c08";"24, Route de Champagnole, Foncine-le-Bas, Lons-le-Saunier, Jura, Bourgogne-Franche-Comté, France métropolitaine, 39520, France";"24";"Route de Champagnole";"";"Lons-le-Saunier";"Jura";"Bourgogne-Franche-Comté";"39520";"France";"46.637112";"6.030325"
"2b54289963b59bafc005443f95c753eddebbe6be";"Grande Rue, Fort-du-Plasne, Saint-Claude, Jura, Bourgogne-Franche-Comté, France métropolitaine, 39150, France";"";"Grande Rue";"";"Saint-Claude";"Jura";"Bourgogne-Franche-Comté";"39150";"France";"46.6179026";"5.9852659"
"d838cd1ecbdc3f67020adb8c983abca33e033016";"Papeterie - Presse - Tabac - Loto, 5, Place de la Liberté, Fraisans, Dole, Jura, Bourgogne-Franche-Comté, France métropolitaine, 39700, France";"5";"Place de la Liberté";"";"Dole";"Jura";"Bourgogne-Franche-Comté";"39700";"France";"47.1489298";"5.7622029"
"c4b9a8baea1d06f75a311501ca4ba433483b5a3e";"1, Grande Rue, Frasne-les-Meulières, Dole, Jura, Bourgogne-Franche-Comté, France métropolitaine, 39290, France";"1";"Grande Rue";"";"Dole";"Jura";"Bourgogne-Franche-Comté";"39290";"France";"47.204837";"5.500506"
"14fb319911a0fbc276b1177909205793316ebdd4";"Rue Prosper Sordet, Frébuans, Lons-le-Saunier, Jura, Bourgogne-Franche-Comté, France métropolitaine, 39570, France";"";"Rue Prosper Sordet";"";"Lons-le-Saunier";"Jura";"Bourgogne-Franche-Comté";"39570";"France";"46.6507384";"5.4852475"
"958b915757c5e2431da9fa77b458c50dea1b0154";"270, Rue de la Mairie, Le Viseney, Frontenay, Lons-le-Saunier, Jura, Bourgogne-Franche-Comté, France métropolitaine, 39210, France";"270";"Rue de la Mairie";"";"Lons-le-Saunier";"Jura";"Bourgogne-Franche-Comté";"39210";"France";"46.785907";"5.614705"
"7ecd683af1d3735487d58b56f2487d3a06098369";"Place de la Mairie, Gevingey, Lons-le-Saunier, Jura, Bourgogne-Franche-Comté, France métropolitaine, 39570, France";"";"Place de la Mairie";"";"Lons-le-Saunier";"Jura";"Bourgogne-Franche-Comté";"39570";"France";"46.6369011";"5.5069649"
"095d04be2710067ee0155d60717c5f663985e3fe";"Route de la Reculée, Le Chanelet, Gizia, Lons-le-Saunier, Jura, Bourgogne-Franche-Comté, France métropolitaine, 39190, France";"";"Route de la Reculée";"";"Lons-le-Saunier";"Jura";"Bourgogne-Franche-Comté";"39190";"France";"46.528074";"5.4213182"
"2330f7b890fd9fefb2f3a33332f6c07473703778";"7, Rue du Cret, Château-des-Prés, Grande-Rivière-Château, Saint-Claude, Jura, Bourgogne-Franche-Comté, France métropolitaine, 39150, France";"7";"Rue du Cret";"";"Saint-Claude";"Jura";"Bourgogne-Franche-Comté";"39150";"France";"46.498792";"5.897898"
"21e12ff17ad1fdd622ae63ecbd32a4902fc12ec2";"Hameau des Farrods, Les Farrods, Grande-Rivière, Grande-Rivière-Château, Saint-Claude, Jura, Bourgogne-Franche-Comté, France métropolitaine, 39150, France";"";"Hameau des Farrods";"";"Saint-Claude";"Jura";"Bourgogne-Franche-Comté";"39150";"France";"46.5315198";"5.8998524"
"734fa199c953dac23dcf1c179aee99f09e8b1f21";"19, Rue Louis Grandchavin, Morez, Hauts de Bienne, Saint-Claude, Jura, Bourgogne-Franche-Comté, France métropolitaine, 39400, France";"19";"Rue Louis Grandchavin";"";"Saint-Claude";"Jura";"Bourgogne-Franche-Comté";"39400";"France";"46.51868";"6.019886"
"0bb6bfaea19c66d7b63c790c8931480382c636ed";"32, Rue Victor Hugo, Morez, Hauts de Bienne, Saint-Claude, Jura, Bourgogne-Franche-Comté, France métropolitaine, 39400, France";"32";"Rue Victor Hugo";"";"Saint-Claude";"Jura";"Bourgogne-Franche-Comté";"39400";"France";"46.516799";"6.024248"
"21e8b4e58be59413b15844bd353ffa2ce1a5fe85";"Avenue Louis Paget, Villedieu, Morez, Hauts de Bienne, Saint-Claude, Jura, Bourgogne-Franche-Comté, France métropolitaine, 39400, France";"";"Avenue Louis Paget";"";"Saint-Claude";"Jura";"Bourgogne-Franche-Comté";"39400";"France";"46.5227148";"6.0294218"
"e517187a5dd00898ce999c02243b5f80dbbb10ee";"5, Avenue de la Libération, Villedieu, Morez, Hauts de Bienne, Saint-Claude, Jura, Bourgogne-Franche-Comté, France métropolitaine, 39400, France";"5";"Avenue de la Libération";"";"Saint-Claude";"Jura";"Bourgogne-Franche-Comté";"39400";"France";"46.5289387";"6.0241561"
"e715cdc320addafef9823501454eff068e3bbb69";"76, Rue du Faubourg, Bourgeat d'Amont, La Mouille, Hauts de Bienne, Saint-Claude, Jura, Bourgogne-Franche-Comté, France métropolitaine, 39400, France";"76";"Rue du Faubourg";"";"Saint-Claude";"Jura";"Bourgogne-Franche-Comté";"39400";"France";"46.505378";"5.98069"
"eeb67b0910108f98255cbfefd2a03ebc7716b701";"Rue de la Mairie, Les Mouillés, Lézat, Hauts de Bienne, Saint-Claude, Jura, Bourgogne-Franche-Comté, France métropolitaine, 39400, France";"";"Rue de la Mairie";"";"Saint-Claude";"Jura";"Bourgogne-Franche-Comté";"39400";"France";"46.506302";"5.9541614"
"2d9dd1e4461f76fc2f461320bad4f38f94bc84cb";"16, Rue de la Promenade, Morez, Hauts de Bienne, Saint-Claude, Jura, Bourgogne-Franche-Comté, France métropolitaine, 39400, France";"16";"Rue de la Promenade";"";"Saint-Claude";"Jura";"Bourgogne-Franche-Comté";"39400";"France";"46.519103";"6.023643"
"a27c641fb0f67a16819c14fad05646fa5881623d";"Rue de la Chevalière, L'Étoile, La Chevalière, L'Étoile, Lons-le-Saunier, Jura, Bourgogne-Franche-Comté, France métropolitaine, 39570, France";"";"Rue de la Chevalière";"";"Lons-le-Saunier";"Jura";"Bourgogne-Franche-Comté";"39570";"France";"46.7160436";"5.535034"
"25f4709dd5eacb628129082a306b6cd341d64650";"2, Rue de la Condamine, Saint-Laurent-la-Roche, La Chailleuse, Lons-le-Saunier, Jura, Bourgogne-Franche-Comté, France métropolitaine, 39570, France";"2";"Rue de la Condamine";"";"Lons-le-Saunier";"Jura";"Bourgogne-Franche-Comté";"39570";"France";"46.599869";"5.515535"
"cd080ea8e9cc771de7202f1c9d81012ddbb592b4";"39BIS, Rue du Bourg, Saint-Laurent-la-Roche, La Chailleuse, Lons-le-Saunier, Jura, Bourgogne-Franche-Comté, France métropolitaine, 39570, France";"39BIS";"Rue du Bourg";"";"Lons-le-Saunier";"Jura";"Bourgogne-Franche-Comté";"39570";"France";"46.603691";"5.514051"
"6136e9256a56ce8283172d24ae50cc376f5ae8a3";"3, Grande Rue, La Châtelaine, Dole, Jura, Bourgogne-Franche-Comté, France métropolitaine, 39600, France";"3";"Grande Rue";"";"Dole";"Jura";"Bourgogne-Franche-Comté";"39600";"France";"46.8748";"5.817865"
"5df42cd35cfc6fe2195c9aa37a327fd6ee0215b9";"7, Jardins Mercier, La Frasnée, Lons-le-Saunier, Jura, Bourgogne-Franche-Comté, France métropolitaine, 39130, France";"7";"Jardins Mercier";"";"Lons-le-Saunier";"Jura";"Bourgogne-Franche-Comté";"39130";"France";"46.55691055";"5.8109018222345075"
"6975922be07d29ab3b9b348cd8694e67323a6102";"3, Rue du Bourg, La Tour-du-Meix, Lons-le-Saunier, Jura, Bourgogne-Franche-Comté, France métropolitaine, 39270, France";"3";"Rue du Bourg";"";"Lons-le-Saunier";"Jura";"Bourgogne-Franche-Comté";"39270";"France";"46.526757";"5.660553"
"c620ded1e0f48e3ef39bc2506141c69a6b830261";"72, Place du 8 Mai 1945, La Massaute, Lavigny, Lons-le-Saunier, Jura, Bourgogne-Franche-Comté, France métropolitaine, 39210, France";"72";"Place du 8 Mai 1945";"";"Lons-le-Saunier";"Jura";"Bourgogne-Franche-Comté";"39210";"France";"46.71716";"5.596076"
"e2a50457e7f62308e95297b287b5efc4ccee51e7";"2, Chemin des Mares, Le Deschaux, Dole, Jura, Bourgogne-Franche-Comté, France métropolitaine, 39120, France";"2";"Chemin des Mares";"";"Dole";"Jura";"Bourgogne-Franche-Comté";"39120";"France";"46.9530757";"5.5014588"
"375364b96232b1f923f71b514020484a66cc0df7";"Route des Lacs, Le Frasnois, Lons-le-Saunier, Jura, Bourgogne-Franche-Comté, France métropolitaine, 39130, France";"";"Route des Lacs";"";"Lons-le-Saunier";"Jura";"Bourgogne-Franche-Comté";"39130";"France";"46.6380902";"5.8998003"
"85739c95c748b60e9250ee3d77175225a147ae51";"8, Rue de la Colonie, Le Louverot, Lons-le-Saunier, Jura, Bourgogne-Franche-Comté, France métropolitaine, 39210, France";"8";"Rue de la Colonie";"";"Lons-le-Saunier";"Jura";"Bourgogne-Franche-Comté";"39210";"France";"46.729856";"5.583107"
"0878c17b6b8d7b5ab09658817feaa5343dec88ff";"19, Chemin du Village, Le Pin, Lons-le-Saunier, Jura, Bourgogne-Franche-Comté, France métropolitaine, 39210, France";"19";"Chemin du Village";"";"Lons-le-Saunier";"Jura";"Bourgogne-Franche-Comté";"39210";"France";"46.708341";"5.571331"
"cd9c10bea3fc0d998d0d4209040190a30b01b62c";"16, Rue Principale, Le Vaudioux, Lons-le-Saunier, Jura, Bourgogne-Franche-Comté, France métropolitaine, 39300, France";"16";"Rue Principale";"";"Lons-le-Saunier";"Jura";"Bourgogne-Franche-Comté";"39300";"France";"46.692213";"5.922618"
"a690868987b4fb28f37ef7f03bb5b40778834ef9";"Le Vernois, Lons-le-Saunier, Jura, Bourgogne-Franche-Comté, France métropolitaine, 39210, France";"";"";"";"Lons-le-Saunier";"Jura";"Bourgogne-Franche-Comté";"39210";"France";"46.7308485";"5.5937314"
"2319a45b25182eee32e3de311b320b621b9c39de";"Les Moussières, Saint-Claude, Jura, Bourgogne-Franche-Comté, France métropolitaine, 39310, France";"";"";"";"Saint-Claude";"Jura";"Bourgogne-Franche-Comté";"39310";"France";"46.3250272";"5.8910141"
"d074b8c40d30efbc052745ec8c98cad3d2f6f177";"8, Rue de la Cuisance, Les Planches-près-Arbois, Dole, Jura, Bourgogne-Franche-Comté, France métropolitaine, 39600, France";"8";"Rue de la Cuisance";"";"Dole";"Jura";"Bourgogne-Franche-Comté";"39600";"France";"46.879015";"5.806456"
"96c96178fa0ada8d6071230637f38aa783b5a080";"7, Rue Rosset, Rosset, Longchaumois, Saint-Claude, Jura, Bourgogne-Franche-Comté, France métropolitaine, 39400, France";"7";"Rue Rosset";"";"Saint-Claude";"Jura";"Bourgogne-Franche-Comté";"39400";"France";"46.4578639";"5.9650912"
"2b7973f9b95395af61d9903f2a6783c4e4b2610f";"Rue de la Liberté, Loulle, Lons-le-Saunier, Jura, Bourgogne-Franche-Comté, France métropolitaine, 39300, France";"";"Rue de la Liberté";"";"Lons-le-Saunier";"Jura";"Bourgogne-Franche-Comté";"39300";"France";"46.7063446";"5.8792821"
"5e0b7b3824197bee6916f4aed605c6fab92d392e";"Rue du Château, Care le Haut, Maynal, Lons-le-Saunier, Jura, Bourgogne-Franche-Comté, France métropolitaine, 39190, France";"";"Rue du Château";"";"Lons-le-Saunier";"Jura";"Bourgogne-Franche-Comté";"39190";"France";"46.5592937";"5.4240781"
"d0edae03dbaa91434490691c8261fa119c593bb7";"Rue Aimé Berthod, Petit Messia, Messia-sur-Sorne, Lons-le-Saunier, Jura, Bourgogne-Franche-Comté, France métropolitaine, 39570, France";"";"Rue Aimé Berthod";"";"Lons-le-Saunier";"Jura";"Bourgogne-Franche-Comté";"39570";"France";"46.6627224";"5.5216434"
"18f3dcc4bfebbc29a0440af4f960d9602ac69946";"225, Rue Emmanuel Vauchez, Petit Messia, Messia-sur-Sorne, Lons-le-Saunier, Jura, Bourgogne-Franche-Comté, France métropolitaine, 39570, France";"225";"Rue Emmanuel Vauchez";"";"Lons-le-Saunier";"Jura";"Bourgogne-Franche-Comté";"39570";"France";"46.658349";"5.517984"
"04e5c1df557245e9653cd7a691a03b24b4325cdf";"536, Route de Chilly, Grand Messia, Messia-sur-Sorne, Lons-le-Saunier, Jura, Bourgogne-Franche-Comté, France métropolitaine, 39570, France";"536";"Route de Chilly";"";"Lons-le-Saunier";"Jura";"Bourgogne-Franche-Comté";"39570";"France";"46.664165";"5.519271"
"f6693991494f66d1fd2404538df617cd1e446cd4";"Route de Chilly, Grand Messia, Messia-sur-Sorne, Lons-le-Saunier, Jura, Bourgogne-Franche-Comté, France métropolitaine, 39570, France";"";"Route de Chilly";"";"Lons-le-Saunier";"Jura";"Bourgogne-Franche-Comté";"39570";"France";"46.6611187";"5.5076166"
"b722b6db66afee8d1f90667fe4c8e915e0b0b799";"Rue Sous la Tour, Meussia, Saint-Claude, Jura, Bourgogne-Franche-Comté, France métropolitaine, 39260, France";"";"Rue Sous la Tour";"";"Saint-Claude";"Jura";"Bourgogne-Franche-Comté";"39260";"France";"46.5009093";"5.7256083"
"9a3f8511d4ca6a9f7bbdeab1995dd19d2bfe15c8";"12, Route de Plasne, Miéry, Dole, Jura, Bourgogne-Franche-Comté, France métropolitaine, 39800, France";"12";"Route de Plasne";"";"Dole";"Jura";"Bourgogne-Franche-Comté";"39800";"France";"46.81197";"5.675509"
"f243449bb8acaab6fa273a19e488ca0b85be4c16";"Agence Communale, 2, Grande Rue, Château Neuf, Moissey, Dole, Jura, Bourgogne-Franche-Comté, France métropolitaine, 39290, France";"2";"Grande Rue";"";"Dole";"Jura";"Bourgogne-Franche-Comté";"39290";"France";"47.1965963";"5.5237395"
"0cf049be3f1f5761e17b54f188903c5ecdded131";"3, Rue Jean Bavilley, Mont-sous-Vaudrey, Dole, Jura, Bourgogne-Franche-Comté, France métropolitaine, 39380, France";"3";"Rue Jean Bavilley";"";"Dole";"Jura";"Bourgogne-Franche-Comté";"39380";"France";"46.979281";"5.6014179"
"f974805ec263d9f16a46b938de79d3693aee83db";"Quartier Saint-Bonnot, La Fournette, Montaigu, Lons-le-Saunier, Jura, Bourgogne-Franche-Comté, France métropolitaine, 39570, France";"";"Quartier Saint-Bonnot";"";"Lons-le-Saunier";"Jura";"Bourgogne-Franche-Comté";"39570";"France";"46.6581847";"5.5685016"
"89330603ecde3b9cebfeed967e9c04d160b50c37";"20, Place de la Fontaine, Montain, Lons-le-Saunier, Jura, Bourgogne-Franche-Comté, France métropolitaine, 39210, France";"20";"Place de la Fontaine";"";"Lons-le-Saunier";"Jura";"Bourgogne-Franche-Comté";"39210";"France";"46.720066";"5.579348"
"04f57c68ffaa9910bf424586085b49b59a8c03b3";"Place des Anciens Combattants, Montbarrey, Dole, Jura, Bourgogne-Franche-Comté, France métropolitaine, 39380, France";"";"";"";"Dole";"Jura";"Bourgogne-Franche-Comté";"39380";"France";"47.019359449999996";"5.640805649334496"
"93217a29795aa1d89177c343e26366f006c9454c";"39, Rue des Marnieres, Monteplain, Dole, Jura, Bourgogne-Franche-Comté, France métropolitaine, 39700, France";"39";"Rue des Marnieres";"";"Dole";"Jura";"Bourgogne-Franche-Comté";"39700";"France";"47.159067";"5.709575"
"88d07540b8ac5a309a03c134c717e60f74e5c7f9";"Place de la Mairie, Quartier de l'Église, Montigny-lès-Arsures, Dole, Jura, Bourgogne-Franche-Comté, France métropolitaine, 39600, France";"";"Place de la Mairie";"";"Dole";"Jura";"Bourgogne-Franche-Comté";"39600";"France";"46.92378665";"5.780157614072712"
"3aebbb4c6dc694aac8ae4650cf3806221d7b0462";"Place Saint-Michel, Trépaillard, Morbier, Saint-Claude, Jura, Bourgogne-Franche-Comté, France métropolitaine, 39400, France";"";"Place Saint-Michel";"";"Saint-Claude";"Jura";"Bourgogne-Franche-Comté";"39400";"France";"46.5367604";"6.0157895"
"8ae9c7f5d3d5fd676e343a0f6c496466a16ce775";"Rue de la République, Mouchard, Dole, Jura, Bourgogne-Franche-Comté, France métropolitaine, 39330, France";"";"Rue de la République";"";"Dole";"Jura";"Bourgogne-Franche-Comté";"39330";"France";"46.9775757";"5.7961673"
"bddd687a4c07d5f036a455ef06b150e2a021a18f";"Route de la Vallée, Nevy-sur-Seille, Lons-le-Saunier, Jura, Bourgogne-Franche-Comté, France métropolitaine, 39210, France";"";"Route de la Vallée";"";"Lons-le-Saunier";"Jura";"Bourgogne-Franche-Comté";"39210";"France";"46.7365034";"5.6348357"
"8f0d006b138f4ba3097b1853508851715c722c1d";"23, Grande Rue, Nozeroy, Lons-le-Saunier, Jura, Bourgogne-Franche-Comté, France métropolitaine, 39250, France";"23";"Grande Rue";"";"Lons-le-Saunier";"Jura";"Bourgogne-Franche-Comté";"39250";"France";"46.774608";"6.036801"
"febb12feea2e070a57f741947930632cc3cf6ea1";"14, Rue du Lavoir, Offlanges, Dole, Jura, Bourgogne-Franche-Comté, France métropolitaine, 39290, France";"14";"Rue du Lavoir";"";"Dole";"Jura";"Bourgogne-Franche-Comté";"39290";"France";"47.207286";"5.549798"
"3c9433ac3c93fff759d6d11865a8b6de886da78f";"2, Avenue Lacuzon, Orgelet, Lons-le-Saunier, Jura, Bourgogne-Franche-Comté, France métropolitaine, 39270, France";"2";"Avenue Lacuzon";"";"Lons-le-Saunier";"Jura";"Bourgogne-Franche-Comté";"39270";"France";"46.5201207";"5.6100606"
"2b62e164d7527cb3f37009883503c8c0478dafaf";"5, Rue de Jeanne d'Arc, La Chaumette, Pannessières, Lons-le-Saunier, Jura, Bourgogne-Franche-Comté, France métropolitaine, 39570, France";"5";"Rue de Jeanne d'Arc";"";"Lons-le-Saunier";"Jura";"Bourgogne-Franche-Comté";"39570";"France";"46.697784";"5.597942"
"34257bbd7a33063308a32f7fdef03cdef1219dc3";"101, Rue de la Fontaine, Passenans, Lons-le-Saunier, Jura, Bourgogne-Franche-Comté, France métropolitaine, 39230, France";"101";"Rue de la Fontaine";"";"Lons-le-Saunier";"Jura";"Bourgogne-Franche-Comté";"39230";"France";"46.798099";"5.617487"
"f4e29ad6a0544ac57dfa8879b6dae40fc0e2f3d1";"Place du Chanois, Choisey, Perrigny, Lons-le-Saunier, Jura, Bourgogne-Franche-Comté, France métropolitaine, 39570, France";"";"Place du Chanois";"";"Lons-le-Saunier";"Jura";"Bourgogne-Franche-Comté";"39570";"France";"46.6717751";"5.5826111"
"8811c3e7367e1d3df94ad10ba37103c07480fd81";"Route du Centre, Rougeargues, Pleure, Dole, Jura, Bourgogne-Franche-Comté, France métropolitaine, 39120, France";"";"Route du Centre";"";"Dole";"Jura";"Bourgogne-Franche-Comté";"39120";"France";"46.9147192";"5.4589485"
"63111f18a5110e1b7127d93b47f15116e6e3608f";"1, Rue Notre-Dame, Mouthier-le-Vieillard, Poligny, Dole, Jura, Bourgogne-Franche-Comté, France métropolitaine, 39800, France";"1";"Rue Notre-Dame";"Poligny";"Dole";"Jura";"Bourgogne-Franche-Comté";"39800";"France";"46.8331877";"5.7039041"
"b0db2cff9eefb2999d6aa1a7370b1323ceab0baf";"37, Grande Rue, Au Lesenet, Pont-de-Poitte, Lons-le-Saunier, Jura, Bourgogne-Franche-Comté, France métropolitaine, 39130, France";"37";"Grande Rue";"";"Lons-le-Saunier";"Jura";"Bourgogne-Franche-Comté";"39130";"France";"46.5856496";"5.6965612"
"6ea7cff92bbfe2d3c25cedcce376c4eef501d9eb";"Lucie Faure, 9, Rue Edgar Faure, Port-Lesney-Grange-de-Vaivre, Port-Lesney, Dole, Jura, Bourgogne-Franche-Comté, France métropolitaine, 39600, France";"9";"Rue Edgar Faure";"";"Dole";"Jura";"Bourgogne-Franche-Comté";"39600";"France";"47.0015822";"5.8247378"
"3ce0c7022b3197ecf44f8a9712eeef9953ea4630";"Place Jacques Joseph Prost, Prémanon, Saint-Claude, Jura, Bourgogne-Franche-Comté, France métropolitaine, 39220, France";"";"Place Jacques Joseph Prost";"";"Saint-Claude";"Jura";"Bourgogne-Franche-Comté";"39220";"France";"46.4622709";"6.0308129"
"ee5137e53104ea16ea1ff3535664d433ddbcdce2";"270, Rue Charles Nodier, Quintigny, Lons-le-Saunier, Jura, Bourgogne-Franche-Comté, France métropolitaine, 39570, France";"270";"Rue Charles Nodier";"";"Lons-le-Saunier";"Jura";"Bourgogne-Franche-Comté";"39570";"France";"46.733527";"5.522188"
"8ddbc97aa8ed59375c38c176d7b86e1f2a67ef26";"Rue de l'Église, Rahon, Dole, Jura, Bourgogne-Franche-Comté, France métropolitaine, 39120, France";"";"Rue de l'Église";"";"Dole";"Jura";"Bourgogne-Franche-Comté";"39120";"France";"46.9877827";"5.4608932"
"c123abb4f507672e328ce5b546ff1e9e7a30b338";"22, Grande Rue, Ranchot, Dole, Jura, Bourgogne-Franche-Comté, France métropolitaine, 39700, France";"22";"Grande Rue";"";"Dole";"Jura";"Bourgogne-Franche-Comté";"39700";"France";"47.1492125";"5.723753"
"398071849e714a2ddeeaf284b85a6db66dec781d";"Rue de Franche Comté, Échailla, Rothonay, Lons-le-Saunier, Jura, Bourgogne-Franche-Comté, France métropolitaine, 39270, France";"";"Rue de Franche Comté";"";"Lons-le-Saunier";"Jura";"Bourgogne-Franche-Comté";"39270";"France";"46.5011791";"5.534416"
"5bab9ae226b47fa9f4207c28196b9a02ba0d7bab";"12, Rue de la Poyat, Saint-Hubert, Saint-Claude, Jura, Bourgogne-Franche-Comté, France métropolitaine, 39200, France";"12";"Rue de la Poyat";"Saint-Claude";"Saint-Claude";"Jura";"Bourgogne-Franche-Comté";"39200";"France";"46.387736";"5.8634525"
"d17ab71fc3c31d8718242aca708500741f9f80f5";"Rue des Vennes, Les Infirmeries, Cinquétral, Saint-Claude, Jura, Bourgogne-Franche-Comté, France métropolitaine, 39200, France";"";"Rue des Vennes";"Saint-Claude";"Saint-Claude";"Jura";"Bourgogne-Franche-Comté";"39200";"France";"46.4288905";"5.8862766"
"f4df1852492082742f59d5ced6db99b25fd1c3cc";"1, Place Charles Capelli, Saint-Germain-en-Montagne, Lons-le-Saunier, Jura, Bourgogne-Franche-Comté, France métropolitaine, 39300, France";"1";"Place Charles Capelli";"";"Lons-le-Saunier";"Jura";"Bourgogne-Franche-Comté";"39300";"France";"46.776521";"5.940408"
"743e1bc528d46f84385e4b2f6f69c520157ad542";"23, Rue de Genève, Salave de Bise, Les Maisonnettes, Saint-Laurent-en-Grandvaux, Saint-Claude, Jura, Bourgogne-Franche-Comté, France métropolitaine, 39150, France";"23";"Rue de Genève";"";"Saint-Claude";"Jura";"Bourgogne-Franche-Comté";"39150";"France";"46.57628115";"5.955884261255549"
"22bf947f0d4b41294abc5f213ef0653e9506377a";"Chemin des Vignes, Saint-Lothain, Dole, Jura, Bourgogne-Franche-Comté, France métropolitaine, 39230, France";"";"Chemin des Vignes";"";"Dole";"Jura";"Bourgogne-Franche-Comté";"39230";"France";"46.8226726";"5.6436141"
"368e5ad909b8095cd637add38006dd40bcc7bb30";"Quartier au Tilleul, Sainte-Agnès, Lons-le-Saunier, Jura, Bourgogne-Franche-Comté, France métropolitaine, 39190, France";"";"Quartier au Tilleul";"";"Lons-le-Saunier";"Jura";"Bourgogne-Franche-Comté";"39190";"France";"46.6057493";"5.4730884"
"1d4af871be569e8af034f70d8b6d9486398ab967";"Rue de Champvans, Sampans, Dole, Jura, Bourgogne-Franche-Comté, France métropolitaine, 39100, France";"";"Rue de Champvans";"";"Dole";"Jura";"Bourgogne-Franche-Comté";"39100";"France";"47.1264512";"5.4500902"
"d7e1eaca2a8839d50f9b5599be51da2a4a59c53e";"5, Rue de Dole, Sampans, Dole, Jura, Bourgogne-Franche-Comté, France métropolitaine, 39100, France";"5";"Rue de Dole";"";"Dole";"Jura";"Bourgogne-Franche-Comté";"39100";"France";"47.126732";"5.454546"
"66c7c3a85b297206f11bac0f03bdad0f06167184";"36, Rue Principale, Santans, Dole, Jura, Bourgogne-Franche-Comté, France métropolitaine, 39380, France";"36";"Rue Principale";"";"Dole";"Jura";"Bourgogne-Franche-Comté";"39380";"France";"47.02337";"5.661711"
"fe351698257a4ca6f8f2edceefacaeda2da4a512";"Route de Montépile, Montépile, Septmoncel, Septmoncel les Molunes, Saint-Claude, Jura, Bourgogne-Franche-Comté, France métropolitaine, 39310, France";"";"Route de Montépile";"";"Saint-Claude";"Jura";"Bourgogne-Franche-Comté";"39310";"France";"46.3635349";"5.9099029"
"633f7845a290ad59bcf3fa2a66ddaf319c71a159";"3, Rue de Potard, Sergenon, Lons-le-Saunier, Jura, Bourgogne-Franche-Comté, France métropolitaine, 39120, France";"3";"Rue de Potard";"";"Lons-le-Saunier";"Jura";"Bourgogne-Franche-Comté";"39120";"France";"46.904458";"5.457145"
"8b75819062316181ed317bec163a8d6695dffad7";"Rue du Tram, Sirod, Lons-le-Saunier, Jura, Bourgogne-Franche-Comté, France métropolitaine, 39300, France";"";"Rue du Tram";"";"Lons-le-Saunier";"Jura";"Bourgogne-Franche-Comté";"39300";"France";"46.7324836";"5.982806"
"d6535dd079e8b66d4ef5d7d32ed3baf58cb150a4";"4, Place de la Mairie, Souvans, Dole, Jura, Bourgogne-Franche-Comté, France métropolitaine, 39380, France";"4";"Place de la Mairie";"";"Dole";"Jura";"Bourgogne-Franche-Comté";"39380";"France";"46.994794";"5.5533607"
"a769e151634f867e64e41176553013d7857669ac";"Route de Chapois, Supt, Lons-le-Saunier, Jura, Bourgogne-Franche-Comté, France métropolitaine, 39300, France";"";"Route de Chapois";"";"Lons-le-Saunier";"Jura";"Bourgogne-Franche-Comté";"39300";"France";"46.8443427";"5.957656"
"cd3cb4d79eb6fa30964c618a3bbc59c1b2496beb";"87, Rue Nationale, Tavaux, Dole, Jura, Bourgogne-Franche-Comté, France métropolitaine, 39500, France";"87";"Rue Nationale";"";"Dole";"Jura";"Bourgogne-Franche-Comté";"39500";"France";"47.0340309";"5.405692"
"c56ddf3ef1cf4bbdea09ae03cdcc42562f423ee0";"13, Avenue Kennedy, Tavaux, Dole, Jura, Bourgogne-Franche-Comté, France métropolitaine, 39500, France";"13";"Avenue Kennedy";"";"Dole";"Jura";"Bourgogne-Franche-Comté";"39500";"France";"47.042552";"5.414243"
"d529d579cb386eb38ccf0fce344a68d2cfcfaecf";"Avenue de la République, Tavaux, Dole, Jura, Bourgogne-Franche-Comté, France métropolitaine, 39500, France";"";"Avenue de la République";"";"Dole";"Jura";"Bourgogne-Franche-Comté";"39500";"France";"47.0447928";"5.4129221"
"f3287e9a571ef8856eb380a96907693118ed2e73";"Rue de la Fontaine, Thoiria, Lons-le-Saunier, Jura, Bourgogne-Franche-Comté, France métropolitaine, 39130, France";"";"Rue de la Fontaine";"";"Lons-le-Saunier";"Jura";"Bourgogne-Franche-Comté";"39130";"France";"46.5348945";"5.7368554"
"5bc8c7588374ec2348d01fcdd9ee5ebf709bde52";"4, Route de Nilly, La Fouilla, Trenal, Lons-le-Saunier, Jura, Bourgogne-Franche-Comté, France métropolitaine, 39570, France";"4";"Route de Nilly";"";"Lons-le-Saunier";"Jura";"Bourgogne-Franche-Comté";"39570";"France";"46.644729";"5.466364"
"67aa4f688aa357f22eb320a60c7987847393984f";"Place de la Fontaine, Beyne, Trenal, Lons-le-Saunier, Jura, Bourgogne-Franche-Comté, France métropolitaine, 39570, France";"";"Place de la Fontaine";"";"Lons-le-Saunier";"Jura";"Bourgogne-Franche-Comté";"39570";"France";"46.6382896";"5.4841292"
"827c767ff4211160473dc224d43030c053fabe81";"1, Rue des Vignes, La Vendée, Vincelles, Val-Sonnette, Lons-le-Saunier, Jura, Bourgogne-Franche-Comté, France métropolitaine, 39190, France";"1";"Rue des Vignes";"";"Lons-le-Saunier";"Jura";"Bourgogne-Franche-Comté";"39190";"France";"46.600361";"5.480312"
"edc2b7a63cf1e9727f6baacf44022c6d158685d5";"1, Rue du Lavoir, Vannoz, Lons-le-Saunier, Jura, Bourgogne-Franche-Comté, France métropolitaine, 39300, France";"1";"Rue du Lavoir";"";"Lons-le-Saunier";"Jura";"Bourgogne-Franche-Comté";"39300";"France";"46.772919";"5.91622"
"4f92c3bd4252373b0292ae77c9c87ad89160a140";"Mairie de Vaudrey, 3, Rue du Moulin, Vaudrey, Dole, Jura, Bourgogne-Franche-Comté, France métropolitaine, 39380, France";"3";"Rue du Moulin";"";"Dole";"Jura";"Bourgogne-Franche-Comté";"39380";"France";"46.9795474";"5.6239138"
"3a9ca9e2f846bd1e604bff5f64c4e18e8d10a618";"Place Saint-Michel, Verges, Lons-le-Saunier, Jura, Bourgogne-Franche-Comté, France métropolitaine, 39570, France";"";"Place Saint-Michel";"";"Lons-le-Saunier";"Jura";"Bourgogne-Franche-Comté";"39570";"France";"46.6536165";"5.6822301"
"511f05f96a0d848c80b1a111ea166d84b39e13dd";"558, Rue des Fontaines, Vertamboz, Lons-le-Saunier, Jura, Bourgogne-Franche-Comté, France métropolitaine, 39130, France";"558";"Rue des Fontaines";"";"Lons-le-Saunier";"Jura";"Bourgogne-Franche-Comté";"39130";"France";"46.596167";"5.742025"
"e6ff3a745095338917676e464a4653c9c13fbbe2";"12, Rue du Saugeais, Vevy, Lons-le-Saunier, Jura, Bourgogne-Franche-Comté, France métropolitaine, 39570, France";"12";"Rue du Saugeais";"";"Lons-le-Saunier";"Jura";"Bourgogne-Franche-Comté";"39570";"France";"46.666012";"5.648943"
"59cb276fa46186d3fe4536e59b4ddab32dfff383";"Grande Rue, Villeneuve-d'Aval, Dole, Jura, Bourgogne-Franche-Comté, France métropolitaine, 39600, France";"";"Grande Rue";"";"Dole";"Jura";"Bourgogne-Franche-Comté";"39600";"France";"46.9687184";"5.7457754"
"dee646d7585ca093b243677144052bd16d31cff9";"Impasse La Croix, Villette-lès-Arbois, Dole, Jura, Bourgogne-Franche-Comté, France métropolitaine, 39600, France";"";"Impasse La Croix";"";"Dole";"Jura";"Bourgogne-Franche-Comté";"39600";"France";"46.9262693";"5.7497524"
"0c3c8bc6fe2e1164248b999f14381aa844ac7269";"25, Grande Rue, Villevieux, Lons-le-Saunier, Jura, Bourgogne-Franche-Comté, France métropolitaine, 39140, France";"25";"Grande Rue";"";"Lons-le-Saunier";"Jura";"Bourgogne-Franche-Comté";"39140";"France";"46.737217";"5.464536"
"5853fec4beef7ee86ea7a5e2df54c6629044d632";"Place de la Mairie, Vitreux, Dole, Jura, Bourgogne-Franche-Comté, France métropolitaine, 39350, France";"";"";"";"Dole";"Jura";"Bourgogne-Franche-Comté";"39350";"France";"47.24635325";"5.687308278543048"
"08f7590c9a621c9017cd19f61dc0ad289c9f84d6";"Rue du Four, Au Closet, Vulvoz, Saint-Claude, Jura, Bourgogne-Franche-Comté, France métropolitaine, 39360, France";"";"Rue du Four";"";"Saint-Claude";"Jura";"Bourgogne-Franche-Comté";"39360";"France";"46.3278598";"5.7883685"
