"c95d2540ba5e90f10a79381ef09be26111dd3687";"20, Place de la République, Le Château, Ancenis, Ancenis-Saint-Géréon, Châteaubriant-Ancenis, Loire-Atlantique, Pays de la Loire, France métropolitaine, 44150, France";"20";"Place de la République";"Ancenis";"Châteaubriant-Ancenis";"Loire-Atlantique";"Pays de la Loire";"44150";"France";"47.365494";"-1.182106"
"0bdcc4ba01c5730455bd487d4802e49e09fb9c0e";"Route de l'Estran, Pen Bé, Assérac, Saint-Nazaire, Loire-Atlantique, Pays de la Loire, France métropolitaine, 44410, France";"";"Route de l'Estran";"";"Saint-Nazaire";"Loire-Atlantique";"Pays de la Loire";"44410";"France";"47.4256773";"-2.456377"
"588a8cf6d07cb1f56eeec12277579ef681e2d7d3";"180, Rue de la Croix des Fosses, Basse-Goulaine, Nantes, Loire-Atlantique, Pays de la Loire, France métropolitaine, 44115, France";"180";"Rue de la Croix des Fosses";"";"Nantes";"Loire-Atlantique";"Pays de la Loire";"44115";"France";"47.21425";"-1.4763506"
"f9bfe69294ef313d59a3ee399bc6950bf6bb79fa";"16, Rue de la Plage, Batz-sur-Mer, Saint-Nazaire, Loire-Atlantique, Pays de la Loire, France métropolitaine, 44740, France";"16";"Rue de la Plage";"";"Saint-Nazaire";"Loire-Atlantique";"Pays de la Loire";"44740";"France";"47.2755368";"-2.4808883"
"0ab1c4e45380900051652c8165b21d28511048bf";"4, Rue Célestin Freinet, Les Couëts, Bouguenais, Nantes, Loire-Atlantique, Pays de la Loire, France métropolitaine, 44340, France";"4";"Rue Célestin Freinet";"Bouguenais";"Nantes";"Loire-Atlantique";"Pays de la Loire";"44340";"France";"47.1817579";"-1.589633"
"d9ccfee2ea253d3ef73401a0c3ccd09e95b4617d";"5, Place de l'Église, L'Ouche Biton, Bouguenais, Nantes, Loire-Atlantique, Pays de la Loire, France métropolitaine, 44340, France";"5";"Place de l'Église";"Bouguenais";"Nantes";"Loire-Atlantique";"Pays de la Loire";"44340";"France";"47.1791354";"-1.6230877"
"8eda203aac38109f1612d217719a24feb3053f41";"4, Rue des Jonquilles, La Sensive, La Méchinaudière, Boussay, Nantes, Loire-Atlantique, Pays de la Loire, France métropolitaine, 44190, France";"4";"Rue des Jonquilles";"";"Nantes";"Loire-Atlantique";"Pays de la Loire";"44190";"France";"47.059324";"-1.1812305"
"dc400c590f10cfa471cdfe88f1d5696aebc2f2f2";"2, Rue du Doué, Le Vigneau, La Plauderie, Boussay, Nantes, Loire-Atlantique, Pays de la Loire, France métropolitaine, 44190, France";"2";"Rue du Doué";"";"Nantes";"Loire-Atlantique";"Pays de la Loire";"44190";"France";"47.0430645";"-1.1806373"
"1ebfa8bc98eef6518f97c20fdda0fda55a0c3f31";"Place de l'Église, La Butte, Campbon, Saint-Nazaire, Loire-Atlantique, Pays de la Loire, France métropolitaine, 44750, France";"";"Place de l'Église";"";"Saint-Nazaire";"Loire-Atlantique";"Pays de la Loire";"44750";"France";"47.4125854";"-1.9696286"
"1ebfa8bc98eef6518f97c20fdda0fda55a0c3f31";"Place de l'Église, La Butte, Campbon, Saint-Nazaire, Loire-Atlantique, Pays de la Loire, France métropolitaine, 44750, France";"";"Place de l'Église";"";"Saint-Nazaire";"Loire-Atlantique";"Pays de la Loire";"44750";"France";"47.4125854";"-1.9696286"
"90af639b915b60a77fa197ba20dc1d965dc36c4a";"Chemin des Écoliers, La Butte, Campbon, Saint-Nazaire, Loire-Atlantique, Pays de la Loire, France métropolitaine, 44750, France";"";"Chemin des Écoliers";"";"Saint-Nazaire";"Loire-Atlantique";"Pays de la Loire";"44750";"France";"47.4134844";"-1.9674307"
"feaa748a4862d664652da406ca2d3356168278e2";"Impasse du Paradis, Le Charbonneau, Carquefou, Nantes, Loire-Atlantique, Pays de la Loire, France métropolitaine, 44470, France";"";"Impasse du Paradis";"Carquefou";"Nantes";"Loire-Atlantique";"Pays de la Loire";"44470";"France";"47.2971567";"-1.4956361"
"d70bf66919c99a4595ec2dd82134d60868d72bf8";"89, Rue de la Salle, La Salle, Carquefou, Nantes, Loire-Atlantique, Pays de la Loire, France métropolitaine, 44470, France";"89";"Rue de la Salle";"Carquefou";"Nantes";"Loire-Atlantique";"Pays de la Loire";"44470";"France";"47.3005412";"-1.4406518"
"4023a1e4fdc696af10faff40cd93b8353f9d4580";"39, Rue de la Cadranière, La Madeleine, Carquefou, Nantes, Loire-Atlantique, Pays de la Loire, France métropolitaine, 44470, France";"39";"Rue de la Cadranière";"Carquefou";"Nantes";"Loire-Atlantique";"Pays de la Loire";"44470";"France";"47.2743239";"-1.4902471"
"69a5a2892255663c43a7a999377525a88fc6ea0b";"31, Rue René Coty, Le Charbonneau, La Buchetière, Carquefou, Nantes, Loire-Atlantique, Pays de la Loire, France métropolitaine, 44470, France";"31";"Rue René Coty";"Carquefou";"Nantes";"Loire-Atlantique";"Pays de la Loire";"44470";"France";"47.2999229";"-1.4955349"
"6d08daac32ab9948b3db3cc6b67eafcb28a50511";"Chemin des Landes, La Gouachère, Carquefou, Nantes, Loire-Atlantique, Pays de la Loire, France métropolitaine, 44470, France";"";"Chemin des Landes";"Carquefou";"Nantes";"Loire-Atlantique";"Pays de la Loire";"44470";"France";"47.3241096";"-1.4382226"
"2666834827f7f9b742522875096f14acd33886f1";"2, Avenue Utrillo, Le Housseau, La Bréchetière, Carquefou, Nantes, Loire-Atlantique, Pays de la Loire, France métropolitaine, 44470, France";"2";"Avenue Utrillo";"Carquefou";"Nantes";"Loire-Atlantique";"Pays de la Loire";"44470";"France";"47.286788";"-1.5032357"
"b7088f4dcb171752944748cb660a206639f538b3";"Bibliothèque municipale, 16, Rue de l'Abbé Ménardeau, La Croix Verte, Château-Thébaud, Nantes, Loire-Atlantique, Pays de la Loire, France métropolitaine, 44690, France";"16";"Rue de l'Abbé Ménardeau";"";"Nantes";"Loire-Atlantique";"Pays de la Loire";"44690";"France";"47.125802";"-1.4206474"
"41fc80fd757b405444731a8c3a23babe835dfbe6";"Rue de Nantes, La Pacauderie, Chéméré, Chaumes-en-Retz, Saint-Nazaire, Loire-Atlantique, Pays de la Loire, France métropolitaine, 44680, France";"";"Rue de Nantes";"";"Saint-Nazaire";"Loire-Atlantique";"Pays de la Loire";"44680";"France";"47.1227062";"-1.9134732"
"86e5a309ed86968030fdc5930ffd7dabf62589d8";"Rue de l'Église, La Meule, Arthon-en-Retz, Chaumes-en-Retz, Saint-Nazaire, Loire-Atlantique, Pays de la Loire, France métropolitaine, 44320, France";"";"Rue de l'Église";"";"Saint-Nazaire";"Loire-Atlantique";"Pays de la Loire";"44320";"France";"47.1186241";"-1.9407232"
"139a68a91d3a2be91cbf18a2c213a9c516c779d1";"Cours des Marches de Bretagne, La Caillerie, La Haute Grange, Clisson, Nantes, Loire-Atlantique, Pays de la Loire, France métropolitaine, 44190, France";"";"Cours des Marches de Bretagne";"";"Nantes";"Loire-Atlantique";"Pays de la Loire";"44190";"France";"47.083176";"-1.2850445"
"f8d7499babbb77811629dbe463e4a90ed81843a9";"Rue du 8 Mai, Saint-Étienne, Corcoué-sur-Logne, Nantes, Loire-Atlantique, Pays de la Loire, France métropolitaine, 44650, France";"";"Rue du 8 Mai";"";"Nantes";"Loire-Atlantique";"Pays de la Loire";"44650";"France";"46.9682946";"-1.5759087"
"95b0b22a6602ece8d1c0fd173e52494b9d1bfb7c";"Rue de la Cour, La Chaussée, Corsept, Saint-Nazaire, Loire-Atlantique, Pays de la Loire, France métropolitaine, 44560, France";"";"Rue de la Cour";"";"Saint-Nazaire";"Loire-Atlantique";"Pays de la Loire";"44560";"France";"47.2764469";"-2.0617435"
"d12d37bf917d1070696301b56b8ef2bdcbc1b12d";"Rue de Redon, Derval, Châteaubriant-Ancenis, Loire-Atlantique, Pays de la Loire, France métropolitaine, 44590, France";"";"Rue de Redon";"";"Châteaubriant-Ancenis";"Loire-Atlantique";"Pays de la Loire";"44590";"France";"47.6660409";"-1.6764416"
"844104f93530cb294ed747d1fe189999598c329f";"Grande Rue, La Louisiane, Drefféac, Saint-Nazaire, Loire-Atlantique, Pays de la Loire, France métropolitaine, 44530, France";"";"Grande Rue";"";"Saint-Nazaire";"Loire-Atlantique";"Pays de la Loire";"44530";"France";"47.4750922";"-2.0575956"
"ade0cc4675c2684c2299d961dcede6c4d0488843";"Rue de la Danoterie, Ballac, Fégréac, Châteaubriant-Ancenis, Loire-Atlantique, Pays de la Loire, France métropolitaine, 44460, France";"";"Rue de la Danoterie";"";"Châteaubriant-Ancenis";"Loire-Atlantique";"Pays de la Loire";"44460";"France";"47.5855482";"-2.0481667"
"6d32b7348366f5d7845f6c4beaec7dc1c2de0015";"Rue de la Mairie, La Grée De Fercé, Fercé, Châteaubriant-Ancenis, Loire-Atlantique, Pays de la Loire, France métropolitaine, 44660, France";"";"Rue de la Mairie";"";"Châteaubriant-Ancenis";"Loire-Atlantique";"Pays de la Loire";"44660";"France";"47.7958707";"-1.4160906"
"26e0cdabff3e29ddeb0557426f5288449f33ede1";"21 bis, Rue d'Anjou, Geneston, Nantes, Loire-Atlantique, Pays de la Loire, France métropolitaine, 44140, France";"21 bis";"Rue d'Anjou";"";"Nantes";"Loire-Atlantique";"Pays de la Loire";"44140";"France";"47.056468";"-1.509877"
"bf3436cdb6e0885baeb1e092e6c80daf6b6b55d6";"Rue Jean Baptiste Legeay, Geneston, Nantes, Loire-Atlantique, Pays de la Loire, France métropolitaine, 44140, France";"";"Rue Jean Baptiste Legeay";"";"Nantes";"Loire-Atlantique";"Pays de la Loire";"44140";"France";"47.0551719";"-1.5171587"
"1a19dd5ed40c6c6a0125e42b5c77f1ea881bee4c";"Rue du Mortier, Haute Gente, Gétigné, Nantes, Loire-Atlantique, Pays de la Loire, France métropolitaine, 44190, France";"";"Rue du Mortier";"";"Nantes";"Loire-Atlantique";"Pays de la Loire";"44190";"France";"47.0948579";"-1.2120349"
"a6681c42e918e8ed259928f2742eb6041cf5dc19";"Place de l’Église, Les Fourneaux, Guenrouet, Saint-Nazaire, Loire-Atlantique, Pays de la Loire, France métropolitaine, 44530, France";"";"Place de l’Église";"";"Saint-Nazaire";"Loire-Atlantique";"Pays de la Loire";"44530";"France";"47.5200304";"-1.9546086"
"edc218b78c33fa0e251ffae945cdae89da8f2c74";"Place du Vieux Marché, Le Guesny, Intramuros, Guérande, Saint-Nazaire, Loire-Atlantique, Pays de la Loire, France métropolitaine, 44350, France";"";"Place du Vieux Marché";"Guérande";"Saint-Nazaire";"Loire-Atlantique";"Pays de la Loire";"44350";"France";"47.3279801";"-2.428170216297043"
"dfad726cdb2e9fe13094720e6f28c014e38b5a63";"Place Abbé Loiseau, La Madeleine, Guérande, Saint-Nazaire, Loire-Atlantique, Pays de la Loire, France métropolitaine, 44350, France";"";"Place Abbé Loiseau";"Guérande";"Saint-Nazaire";"Loire-Atlantique";"Pays de la Loire";"44350";"France";"47.3561329";"-2.3696757"
"d82662847da2b016fc2c548b7c4c1f493fa06a7f";"Rue François Thuard, Saillé, Guérande, Saint-Nazaire, Loire-Atlantique, Pays de la Loire, France métropolitaine, 44350, France";"";"Rue François Thuard";"Guérande";"Saint-Nazaire";"Loire-Atlantique";"Pays de la Loire";"44350";"France";"47.2948321";"-2.4304894"
"c33fd784ea9f2caf440ccba21942bcd9a13604b4";"Allée de la Châtaigneraie, Le Pavé, Héric, Châteaubriant-Ancenis, Loire-Atlantique, Pays de la Loire, France métropolitaine, 44810, France";"";"Allée de la Châtaigneraie";"";"Châteaubriant-Ancenis";"Loire-Atlantique";"Pays de la Loire";"44810";"France";"47.4124725";"-1.654643"
"638cf22109414ed8347063270c97c81f0105c23e";"57, Avenue du Maréchal Foch, La Baule-Escoublac, Saint-Nazaire, Loire-Atlantique, Pays de la Loire, France métropolitaine, 44500, France";"57";"Avenue du Maréchal Foch";"La Baule-Escoublac";"Saint-Nazaire";"Loire-Atlantique";"Pays de la Loire";"44500";"France";"47.2865458";"-2.3912237"
"368d0140e385d43ca0e6920b8326b6ca144afe38";"54, Boulevard de l'Océan, La Baule-les-Pins, La Baule-Escoublac, Saint-Nazaire, Loire-Atlantique, Pays de la Loire, France métropolitaine, 44500, France";"54";"Boulevard de l'Océan";"La Baule-Escoublac";"Saint-Nazaire";"Loire-Atlantique";"Pays de la Loire";"44500";"France";"47.277166";"-2.3675934"
"f08edf926ed0ebbe154bbb69a1e3ebc8a2736fb4";"7, Avenue Olivier Guichard, La Baule-Escoublac, Saint-Nazaire, Loire-Atlantique, Pays de la Loire, France métropolitaine, 44500, France";"7";"Avenue Olivier Guichard";"La Baule-Escoublac";"Saint-Nazaire";"Loire-Atlantique";"Pays de la Loire";"44500";"France";"47.2827087";"-2.3947221"
"0f35bf7cd92a29502c328a41e89df409b56326d4";"140, Avenue des Ondines, La Baule-Escoublac, Saint-Nazaire, Loire-Atlantique, Pays de la Loire, France métropolitaine, 44500, France";"140";"Avenue des Ondines";"La Baule-Escoublac";"Saint-Nazaire";"Loire-Atlantique";"Pays de la Loire";"44500";"France";"47.2881039";"-2.3896606"
"863f9d6d358e48c103270d854b9dcda39ce96c41";"1, Avenue Baguenaud, La Baule-Escoublac, Saint-Nazaire, Loire-Atlantique, Pays de la Loire, France métropolitaine, 44500, France";"1";"Avenue Baguenaud";"La Baule-Escoublac";"Saint-Nazaire";"Loire-Atlantique";"Pays de la Loire";"44500";"France";"47.2815362";"-2.3879367"
"2faaac9621c9f1d8d212f9dedadd908107b454b5";"102, Avenue Saint-Georges, Cuy, Le Guézy, La Baule-Escoublac, Saint-Nazaire, Loire-Atlantique, Pays de la Loire, France métropolitaine, 44500, France";"102";"Avenue Saint-Georges";"La Baule-Escoublac";"Saint-Nazaire";"Loire-Atlantique";"Pays de la Loire";"44500";"France";"47.2715948";"-2.3454193"
"1f1880e077868d781fd8eba71e58c2d87f149540";"35, Avenue Henri Bertho, Le Ménigot, Escoublac, La Baule-Escoublac, Saint-Nazaire, Loire-Atlantique, Pays de la Loire, France métropolitaine, 44500, France";"35";"Avenue Henri Bertho";"La Baule-Escoublac";"Saint-Nazaire";"Loire-Atlantique";"Pays de la Loire";"44500";"France";"47.2942002";"-2.3587345"
"80f968dda37b881cd2ee5b2a2a8f26a617e32d0b";"5, Boulevard de l'Océan, La Baule-les-Pins, La Baule-Escoublac, Saint-Nazaire, Loire-Atlantique, Pays de la Loire, France métropolitaine, 44500, France";"5";"Boulevard de l'Océan";"La Baule-Escoublac";"Saint-Nazaire";"Loire-Atlantique";"Pays de la Loire";"44500";"France";"47.2799522";"-2.3782432"
"4bb4de151ca459543f6acf4f03a5ff0abf60a7ad";"5, Avenue du Square, La Baule-Escoublac, Saint-Nazaire, Loire-Atlantique, Pays de la Loire, France métropolitaine, 44500, France";"5";"Avenue du Square";"La Baule-Escoublac";"Saint-Nazaire";"Loire-Atlantique";"Pays de la Loire";"44500";"France";"47.283401";"-2.4108447"
"5e0486ed0869c1aeaf9d9b9bc9412c890b312394";"87, Avenue des Lilas, La Baule-Escoublac, Saint-Nazaire, Loire-Atlantique, Pays de la Loire, France métropolitaine, 44500, France";"87";"Avenue des Lilas";"La Baule-Escoublac";"Saint-Nazaire";"Loire-Atlantique";"Pays de la Loire";"44500";"France";"47.277996";"-2.4189312"
"92b1e5db450d005312cd5e2b9f366e4c6bb84169";"Chaussée du Pays de Retz, La Bernerie-en-Retz, Saint-Nazaire, Loire-Atlantique, Pays de la Loire, France métropolitaine, 44760, France";"";"Chaussée du Pays de Retz";"";"Saint-Nazaire";"Loire-Atlantique";"Pays de la Loire";"44760";"France";"47.079612";"-2.0350537"
"33c1891158bb6e8aa3f9a88bd68f997d3870a0f5";"Rue de l'Ébaupin, Le Tertre, La Chapelle-Launay, Saint-Nazaire, Loire-Atlantique, Pays de la Loire, France métropolitaine, 44260, France";"";"Rue de l'Ébaupin";"";"Saint-Nazaire";"Loire-Atlantique";"Pays de la Loire";"44260";"France";"47.3736452";"-1.9712164"
"14a579f3312d567d8224461df798e6e63dd89b49";"3, Rue Martin Luther King, Bel-Air, La Chapelle-sur-Erdre, Nantes, Loire-Atlantique, Pays de la Loire, France métropolitaine, 44240, France";"3";"Rue Martin Luther King";"La Chapelle-sur-Erdre";"Nantes";"Loire-Atlantique";"Pays de la Loire";"44240";"France";"47.2987776";"-1.5504522"
"7403ba49bac4217d0036d70d88c65d51c9951aab";"Boulevard de l'Hôpitau, Gesvrine, La Chapelle-sur-Erdre, Nantes, Loire-Atlantique, Pays de la Loire, France métropolitaine, 44240, France";"";"Boulevard de l'Hôpitau";"La Chapelle-sur-Erdre";"Nantes";"Loire-Atlantique";"Pays de la Loire";"44240";"France";"47.2697489";"-1.5521687"
"f0b16ec07de28a8e4e4eb2bcca850765390450bc";"1, Rue de la Gare, Le Port, Les Moulins du Breil, La Caillaudière, La Haie-Fouassière, Nantes, Loire-Atlantique, Pays de la Loire, France métropolitaine, 44690, France";"1";"Rue de la Gare";"";"Nantes";"Loire-Atlantique";"Pays de la Loire";"44690";"France";"47.154871";"-1.399594"
"1a389b2a78db3ad16f31bf0a121d5a9bc8cd8e5c";"29, Rue de la Désirée, Le Hallay, La Brillaudière, La Haie-Fouassière, Nantes, Loire-Atlantique, Pays de la Loire, France métropolitaine, 44690, France";"29";"Rue de la Désirée";"";"Nantes";"Loire-Atlantique";"Pays de la Loire";"44690";"France";"47.176266";"-1.411043"
"383f43108eddd8f24b99ef85c7c13bb1a4b152ee";"9, Rue des Encloses, La Sansonnière, La Haie-Fouassière, Nantes, Loire-Atlantique, Pays de la Loire, France métropolitaine, 44690, France";"9";"Rue des Encloses";"";"Nantes";"Loire-Atlantique";"Pays de la Loire";"44690";"France";"47.162064";"-1.392268"
"4279a23d76ee79cb53b9be20fd2a89f1afc23df3";"3, Rue des Bords de l'Eau, Le Port, Hameau des Prunelliers, La Haie-Fouassière, Nantes, Loire-Atlantique, Pays de la Loire, France métropolitaine, 44690, France";"3";"Rue des Bords de l'Eau";"";"Nantes";"Loire-Atlantique";"Pays de la Loire";"44690";"France";"47.149999";"-1.401013"
"a30ad02e8848b96798ac51214b41dc77b2f2fe6b";"1, Place de la Mairie, Les Pommiers, Village Blondel, Saint-Jean-des-Champs, Avranches, Manche, Normandie, France métropolitaine, 50320, France";"1";"";"";"Avranches";"Manche";"Normandie";"50320";"France";"48.8278842";"-1.4646781"
"b6169f69fab567acf6f84ac2b9db24a375b2c01d";"Rue des Fritillaires, La Haute-Gagnerie, La Remaudière, Nantes, Loire-Atlantique, Pays de la Loire, France métropolitaine, 44430, France";"";"Rue des Fritillaires";"";"Nantes";"Loire-Atlantique";"Pays de la Loire";"44430";"France";"47.2392295";"-1.242086"
"a9483413f1647787ed0db17e895666fabbb950f6";"171, Rue Saint-Michel, Beau Soleil, La Roche-Blanche, Châteaubriant-Ancenis, Loire-Atlantique, Pays de la Loire, France métropolitaine, 44522, France";"171";"Rue Saint-Michel";"";"Châteaubriant-Ancenis";"Loire-Atlantique";"Pays de la Loire";"44522";"France";"47.4409164";"-1.1381599"
"0e459e7e84c0fdf330f08e55afdec1e55d319248";"Quai Saint-Pierre, Le Pinker, La Turballe, Saint-Nazaire, Loire-Atlantique, Pays de la Loire, France métropolitaine, 44420, France";"";"Quai Saint-Pierre";"";"Saint-Nazaire";"Loire-Atlantique";"Pays de la Loire";"44420";"France";"47.3468994";"-2.5108203"
"7ae40854519503ab90809e520b779b460c48524a";"Chemin du Presbytère, Trescalan, La Turballe, Saint-Nazaire, Loire-Atlantique, Pays de la Loire, France métropolitaine, 44420, France";"";"Chemin du Presbytère";"";"Saint-Nazaire";"Loire-Atlantique";"Pays de la Loire";"44420";"France";"47.3489304";"-2.4902388"
"d6609e5071874aa50be8b6a52a6c31e5b74ea495";"Rue des Poilus, Kervenel, Pré Fleuri, Le Croisic, Saint-Nazaire, Loire-Atlantique, Pays de la Loire, France métropolitaine, 44490, France";"";"Rue des Poilus";"";"Saint-Nazaire";"Loire-Atlantique";"Pays de la Loire";"44490";"France";"47.2920043";"-2.5085032"
"546abd55cb86e7725d395479e86b92a50a3b65c0";"Rue Traversière du Mail de Broc, Pré Fleuri, Le Croisic, Saint-Nazaire, Loire-Atlantique, Pays de la Loire, France métropolitaine, 44490, France";"";"Rue Traversière du Mail de Broc";"";"Saint-Nazaire";"Loire-Atlantique";"Pays de la Loire";"44490";"France";"47.2986118";"-2.5168567"
"14c2b4ca819ef879bdd1e70320bf6362bfd2c32c";"59, Rue de l'Église, Kervenel, Pré Fleuri, Le Croisic, Saint-Nazaire, Loire-Atlantique, Pays de la Loire, France métropolitaine, 44490, France";"59";"Rue de l'Église";"";"Saint-Nazaire";"Loire-Atlantique";"Pays de la Loire";"44490";"France";"47.2939727";"-2.5114215"
"c891fadfe4e3ba9ea3401a98fcf3fdef509e3301";"Boulevard du Général Leclerc, Bourg Boutin, Pré Fleuri, Le Croisic, Saint-Nazaire, Loire-Atlantique, Pays de la Loire, France métropolitaine, 44490, France";"";"Boulevard du Général Leclerc";"";"Saint-Nazaire";"Loire-Atlantique";"Pays de la Loire";"44490";"France";"47.2860832";"-2.5114294"
"7b171e8c731a0b6d239349860caddec742526aef";"Impasse du Perche, La Grée, Le Gâvre, Châteaubriant-Ancenis, Loire-Atlantique, Pays de la Loire, France métropolitaine, 44130, France";"";"Impasse du Perche";"";"Châteaubriant-Ancenis";"Loire-Atlantique";"Pays de la Loire";"44130";"France";"47.5151198";"-1.7531186"
"d639ec372ea45fb02e3a57c5f489723023903c5a";"Rue des Prés Galles, Le Ruisseau, Le Bois Joly, Le Pallet, Nantes, Loire-Atlantique, Pays de la Loire, France métropolitaine, 44330, France";"";"Rue des Prés Galles";"";"Nantes";"Loire-Atlantique";"Pays de la Loire";"44330";"France";"47.1412413";"-1.3378965"
"cb84e93eb095ad9fa5760a5eb57b13862dfa33d0";"Rue Mauperthuis, Le Pouliguen, Saint-Nazaire, Loire-Atlantique, Pays de la Loire, France métropolitaine, 44510, France";"";"Rue Mauperthuis";"";"Saint-Nazaire";"Loire-Atlantique";"Pays de la Loire";"44510";"France";"47.2779584";"-2.4302358"
"a84944a9a10e9619c414567ab5d952921a139593";"Place du Marché, La Blinière, Legé, Nantes, Loire-Atlantique, Pays de la Loire, France métropolitaine, 44650, France";"";"Place du Marché";"";"Nantes";"Loire-Atlantique";"Pays de la Loire";"44650";"France";"46.884699";"-1.5968951"
"b1b87824f1a9f38922d19239f480a0e84a4bd924";"8, Rue de l'Élan, Les Sorinières, Nantes, Loire-Atlantique, Pays de la Loire, France métropolitaine, 44840, France";"8";"Rue de l'Élan";"";"Nantes";"Loire-Atlantique";"Pays de la Loire";"44840";"France";"47.1492649";"-1.5294942"
"101100c71bca626b8f0fabbba8a775d778afe0d2";"Rue Georges Clemenceau, Les Sorinières, Nantes, Loire-Atlantique, Pays de la Loire, France métropolitaine, 44840, France";"";"Rue Georges Clemenceau";"";"Nantes";"Loire-Atlantique";"Pays de la Loire";"44840";"France";"47.1489655";"-1.5319881"
"7894fe4d22ea41e7818eb360bdb3dd980792a289";"Rue des Écoles, Le Clos de l'Arche, L'Arche, Varades, Loireauxence, Châteaubriant-Ancenis, Loire-Atlantique, Pays de la Loire, France métropolitaine, 44370, France";"";"Rue des Écoles";"";"Châteaubriant-Ancenis";"Loire-Atlantique";"Pays de la Loire";"44370";"France";"47.3858157";"-1.0298385"
"766bcf2f252435b92af26be504438d298d19fd4f";"5, Le Clos du Bourg, La Bricaudière, Le Perchage, La Chapelle-Saint-Sauveur, Loireauxence, Châteaubriant-Ancenis, Loire-Atlantique, Pays de la Loire, France métropolitaine, 44370, France";"5";"Le Clos du Bourg";"";"Châteaubriant-Ancenis";"Loire-Atlantique";"Pays de la Loire";"44370";"France";"47.4403614";"-0.9828510594561954"
"7bda502ac0e3da203b40e0e9c6ba30c89ede6078";"Relais petite enfance, 19, Rue de la Mairie, Les Noëlles, Les Bouchauds, Maisdon-sur-Sèvre, Nantes, Loire-Atlantique, Pays de la Loire, France métropolitaine, 44690, France";"19";"Rue de la Mairie";"";"Nantes";"Loire-Atlantique";"Pays de la Loire";"44690";"France";"47.0984394";"-1.3852506"
"e57f4b4d041b546e10a66aac2f5b3cff9fab3fc4";"Rue de la Brise, Malville, Saint-Nazaire, Loire-Atlantique, Pays de la Loire, France métropolitaine, 44260, France";"";"Rue de la Brise";"";"Saint-Nazaire";"Loire-Atlantique";"Pays de la Loire";"44260";"France";"47.3573929";"-1.8608227"
"f5fa66a07ac6c38d10b0725108de58291172c344";"Rue de la Vieille Cour, La Bellangeraie, Mésanger, Châteaubriant-Ancenis, Loire-Atlantique, Pays de la Loire, France métropolitaine, 44522, France";"";"Rue de la Vieille Cour";"";"Châteaubriant-Ancenis";"Loire-Atlantique";"Pays de la Loire";"44522";"France";"47.4313591";"-1.2273921"
"338de15d0c56cb6947e1faaca6192d0edeb2bbc2";"Place de l'Hôtel, Kervaguet, Kercabellec, Mesquer, Saint-Nazaire, Loire-Atlantique, Pays de la Loire, France métropolitaine, 44420, France";"";"Place de l'Hôtel";"";"Saint-Nazaire";"Loire-Atlantique";"Pays de la Loire";"44420";"France";"47.39954685";"-2.460918276283949"
"a72093ed06e74fe82e3b157ef5586ebcbbfcbc8c";"Route de la Vendée, La Coudaurière, Mouzillon, Nantes, Loire-Atlantique, Pays de la Loire, France métropolitaine, 44330, France";"";"Route de la Vendée";"";"Nantes";"Loire-Atlantique";"Pays de la Loire";"44330";"France";"47.1273058";"-1.2825838"
"8e444ddffa1f0ba22dad195ab3c7beba549bad16";"1, Place des Dervallières, Chézine, Dervallières - Chézine, Dervallières - Zola, Nantes, Loire-Atlantique, Pays de la Loire, France métropolitaine, 44100, France";"1";"Place des Dervallières";"";"Nantes";"Loire-Atlantique";"Pays de la Loire";"44100";"France";"47.2234537";"-1.5975233"
"612ee599067db300fa3e4cd106461a4526dc0c27";"1, Rue Harouys, Guist'hau, Centre Ville, Nantes, Loire-Atlantique, Pays de la Loire, France métropolitaine, 44000, France";"1";"Rue Harouys";"";"Nantes";"Loire-Atlantique";"Pays de la Loire";"44000";"France";"47.2183842";"-1.5633344"
"c143ae0cc28560222854a00c3b4acd96b1064ed2";"59, Rue de l'Éraudière, Port-Boyer, Port Boyer, Nantes Erdre, Nantes, Loire-Atlantique, Pays de la Loire, France métropolitaine, 44300, France";"59";"Rue de l'Éraudière";"";"Nantes";"Loire-Atlantique";"Pays de la Loire";"44300";"France";"47.240452";"-1.5409189"
"6fd3d78da7ce9dc6c3dd3d4d8325ad9d011dc82d";"29, Rue du Fonteny, Mairie de Chantenay, Bellevue - Chantenay - Sainte-Anne, Nantes, Loire-Atlantique, Pays de la Loire, France métropolitaine, 44100, France";"29";"Rue du Fonteny";"";"Nantes";"Loire-Atlantique";"Pays de la Loire";"44100";"France";"47.2048023";"-1.592069"
"6cde25bbc2ab6cf2f4ccf01b261989e7a13aa047";"8, Rue Gabriel Goudy, Pirmil, Saint-Jacques - Pirmil, Nantes Sud, Nantes, Loire-Atlantique, Pays de la Loire, France métropolitaine, 44200, France";"8";"Rue Gabriel Goudy";"";"Nantes";"Loire-Atlantique";"Pays de la Loire";"44200";"France";"47.1954039";"-1.5412553"
"ee25795a8e37127d247c1536503189f7b15b83a5";"24, Rue du Fort, La Beaujoire, Saint-Joseph de Porterie, Nantes Erdre, Nantes, Loire-Atlantique, Pays de la Loire, France métropolitaine, 44300, France";"24";"Rue du Fort";"";"Nantes";"Loire-Atlantique";"Pays de la Loire";"44300";"France";"47.2646294";"-1.5302192"
"96b6b6955ae220037d9e49d20acb58bcf55557f2";"3, Place de l'Hôtel de Ville, Bouffay, Decré - Cathédrale, Centre Ville, Nantes, Loire-Atlantique, Pays de la Loire, France métropolitaine, 44000, France";"3";"Place de l'Hôtel de Ville";"";"Nantes";"Loire-Atlantique";"Pays de la Loire";"44000";"France";"47.2176428";"-1.5541103"
"7ae41909ed23f62fc8e77a1672b664d3318e58ec";"59, Rue du Coudray, Saint-Donatien, Malakoff - Saint-Donatien, Nantes, Loire-Atlantique, Pays de la Loire, France métropolitaine, 44000, France";"59";"Rue du Coudray";"";"Nantes";"Loire-Atlantique";"Pays de la Loire";"44000";"France";"47.2306005";"-1.543677"
"ca8f7f31ceb96a1ac7ad633803b895a881d78b02";"5, Place de la Galarne, Galarne, Île Beaulieu, Île de Nantes, Nantes, Loire-Atlantique, Pays de la Loire, France métropolitaine, 44200, France";"5";"Place de la Galarne";"";"Nantes";"Loire-Atlantique";"Pays de la Loire";"44200";"France";"47.2086562";"-1.52969"
"163cfb9e5a224cc619430c6d06f262cd3e0e1165";"2, Place du Muguet Nantais, La Gréneraie, Gréneraie - Clos Toreau, Nantes Sud, Nantes, Loire-Atlantique, Pays de la Loire, France métropolitaine, 44200, France";"2";"Place du Muguet Nantais";"";"Nantes";"Loire-Atlantique";"Pays de la Loire";"44200";"France";"47.194262";"-1.5285996"
"1f44c68ca830aa7ff5f7675a27b71442c1baa080";"Rue de la Basse Chénaie, Route de Sainte-Luce, Doulon - Bottière, Nantes, Loire-Atlantique, Pays de la Loire, France métropolitaine, 44319, France";"";"Rue de la Basse Chénaie";"";"Nantes";"Loire-Atlantique";"Pays de la Loire";"44319";"France";"47.2410001";"-1.5086474"
"59236e9dac750e96d1313ca614d336e95d443b6a";"2, Rue d'Angoumois, Hauts-Pavés, Hauts-Pavés - Saint-Félix, Nantes, Loire-Atlantique, Pays de la Loire, France métropolitaine, 44000, France";"2";"Rue d'Angoumois";"";"Nantes";"Loire-Atlantique";"Pays de la Loire";"44000";"France";"47.224167";"-1.5670325"
"7e38bc706c9b27685b543dfe18c7f31ef16856ac";"9, Rue de la Bertinière, Grand Clos, Ranzay - Grand Clos, Nantes Erdre, Nantes, Loire-Atlantique, Pays de la Loire, France métropolitaine, 44300, France";"9";"Rue de la Bertinière";"";"Nantes";"Loire-Atlantique";"Pays de la Loire";"44300";"France";"47.2433178";"-1.531136"
"16d646c6f93c2af4071ee5f2347dee963850e62e";"5, Place Jacques Patissou, Rond-Point de Paris, Agenets, Malakoff - Saint-Donatien, Nantes, Loire-Atlantique, Pays de la Loire, France métropolitaine, 44000, France";"5";"Place Jacques Patissou";"";"Nantes";"Loire-Atlantique";"Pays de la Loire";"44000";"France";"47.2320009";"-1.5344815"
"5c289ce4df157aea773968fbf56774847e342eda";"9, Rue de la Bléterie, Bouffay, Decré - Cathédrale, Centre Ville, Nantes, Loire-Atlantique, Pays de la Loire, France métropolitaine, 44000, France";"9";"Rue de la Bléterie";"";"Nantes";"Loire-Atlantique";"Pays de la Loire";"44000";"France";"47.2147653";"-1.5548197"
"1c9420d69266363a590d6fecf6089c2dad4507bd";"Rue Toulmouche, Barbin, Saint-Félix, Hauts-Pavés - Saint-Félix, Nantes, Loire-Atlantique, Pays de la Loire, France métropolitaine, 44322, France";"";"Rue Toulmouche";"";"Nantes";"Loire-Atlantique";"Pays de la Loire";"44322";"France";"47.2310356";"-1.5537455"
"e12214fcfcd90ea65b9e2298f03c97e76dbbe195";"Centre Socioculturel Bourderies ACCOORD, 2A, Rue de Saint-Brévin, Bourderies, Croix Bonneau - Bourderies, Bellevue - Chantenay - Sainte-Anne, Nantes, Loire-Atlantique, Pays de la Loire, France métropolitaine, 44100, France";"2A";"Rue de Saint-Brévin";"";"Nantes";"Loire-Atlantique";"Pays de la Loire";"44100";"France";"47.206793649999994";"-1.5962055252149465"
"b076e49fd431a89537aa0ee35dacacb354c75105";"Chemin du Pré Hervé, Pin Sec, Doulon - Bottière, Nantes, Loire-Atlantique, Pays de la Loire, France métropolitaine, 44305, France";"";"Chemin du Pré Hervé";"";"Nantes";"Loire-Atlantique";"Pays de la Loire";"44305";"France";"47.2430981";"-1.5180724"
"8437261ddf46deefb962a3b7704687b758ec6f48";"38, Rue de la Ripossière, La Ripossière, Saint-Jacques - Ripossière, Nantes Sud, Nantes, Loire-Atlantique, Pays de la Loire, France métropolitaine, 44200, France";"38";"Rue de la Ripossière";"";"Nantes";"Loire-Atlantique";"Pays de la Loire";"44200";"France";"47.1927329";"-1.5327784"
"ba805bb082401cc71c37e2b47602709232b415f0";"3, Rue de la Bertinière, Grand Clos, Ranzay - Grand Clos, Nantes Erdre, Nantes, Loire-Atlantique, Pays de la Loire, France métropolitaine, 44300, France";"3";"Rue de la Bertinière";"";"Nantes";"Loire-Atlantique";"Pays de la Loire";"44300";"France";"47.2435076";"-1.5299402"
"175c7ce2a97b2fbdf093fbdbdd261b7389a6127f";"168, Rue de la Gilarderie, Gilarderie, Lion d'Or - Gilarderie, Nantes Sud, Nantes, Loire-Atlantique, Pays de la Loire, France métropolitaine, 44200, France";"168";"Rue de la Gilarderie";"";"Nantes";"Loire-Atlantique";"Pays de la Loire";"44200";"France";"47.1868256";"-1.5181038"
"792656ca8273f7dd226305066de83276b4dda3b9";"150, Rue du Perray, Le Perray, Haluchère - Perray, Doulon - Bottière, Nantes, Loire-Atlantique, Pays de la Loire, France métropolitaine, 44300, France";"150";"Rue du Perray";"";"Nantes";"Loire-Atlantique";"Pays de la Loire";"44300";"France";"47.2508349";"-1.5137043"
"97a9cdc3888a57c2d0d0e4806aa9aa03ba85c9d1";"19, Rue du Bois Fleuri, Gilarderie, Lion d'Or - Gilarderie, Nantes Sud, Nantes, Loire-Atlantique, Pays de la Loire, France métropolitaine, 44200, France";"19";"Rue du Bois Fleuri";"";"Nantes";"Loire-Atlantique";"Pays de la Loire";"44200";"France";"47.1874841";"-1.5127272"
"662ad85a658dc8da44241e2ab4a81f8460d5bd0a";"3, Rue Amiral du Chaffault, Mellinet, Dervallières - Zola, Nantes, Loire-Atlantique, Pays de la Loire, France métropolitaine, 44100, France";"3";"Rue Amiral du Chaffault";"";"Nantes";"Loire-Atlantique";"Pays de la Loire";"44100";"France";"47.20999";"-1.5802468"
"eb420b7d850a23e5175cf1b4446a5875470a56e2";"1, Rue des Mariniers, Saint-Georges, Le Port Cormier, Nort-sur-Erdre, Châteaubriant-Ancenis, Loire-Atlantique, Pays de la Loire, France métropolitaine, 44390, France";"1";"Rue des Mariniers";"";"Châteaubriant-Ancenis";"Loire-Atlantique";"Pays de la Loire";"44390";"France";"47.4400896";"-1.497883"
"330942ef6ed5707b9330dd1148015929fad08ba0";"513, Le Plessis-Pas-Brunet, Nort-sur-Erdre, Châteaubriant-Ancenis, Loire-Atlantique, Pays de la Loire, France métropolitaine, 44390, France";"513";"";"";"Châteaubriant-Ancenis";"Loire-Atlantique";"Pays de la Loire";"44390";"France";"47.4281011";"-1.5235066"
"318076219d2d5595ee46c774769ac991ad3f7074";"1, Rue du Geai des Chênes, Ker-Marie, Notre-Dame-des-Landes, Châteaubriant-Ancenis, Loire-Atlantique, Pays de la Loire, France métropolitaine, 44130, France";"1";"Rue du Geai des Chênes";"";"Châteaubriant-Ancenis";"Loire-Atlantique";"Pays de la Loire";"44130";"France";"47.3816341";"-1.7082775"
"ab8696c3ab5577d85294ce294dec16d970d7b99a";"19, Avenue Alexandre Goupil, Le Bignon, Goupil, Orvault, Nantes, Loire-Atlantique, Pays de la Loire, France métropolitaine, 44700, France";"19";"Avenue Alexandre Goupil";"Orvault";"Nantes";"Loire-Atlantique";"Pays de la Loire";"44700";"France";"47.2528749";"-1.5954341"
"6d405f90b4366ba4cddc66353f43f4777a53c3d3";"35, Avenue de la Ferrière, Le Bois Saint-Louis, Orvault, Nantes, Loire-Atlantique, Pays de la Loire, France métropolitaine, 44700, France";"35";"Avenue de la Ferrière";"Orvault";"Nantes";"Loire-Atlantique";"Pays de la Loire";"44700";"France";"47.2484474";"-1.5875735"
"f28c08a53871b9ef8312421d299a2d7502e500e8";"5, Allée de la Mayenne, Plaisance, Orvault, Nantes, Loire-Atlantique, Pays de la Loire, France métropolitaine, 44700, France";"5";"Allée de la Mayenne";"Orvault";"Nantes";"Loire-Atlantique";"Pays de la Loire";"44700";"France";"47.2416502";"-1.5886305"
"a188483212d9dfa15d94a60a70991b5e9b8c180a";"Hibon et Hevré-Junot, 9, Rue du Chêne, Le Poulichon, Les Champs de la Fontaine, Oudon, Châteaubriant-Ancenis, Loire-Atlantique, Pays de la Loire, France métropolitaine, 44521, France";"9";"Rue du Chêne";"";"Châteaubriant-Ancenis";"Loire-Atlantique";"Pays de la Loire";"44521";"France";"47.3466129";"-1.2841258"
"8f510caea02a70ed74b6d1925aefc4458787b12c";"Avenue de l'Océan, Port au Loup, Piriac-sur-Mer, Saint-Nazaire, Loire-Atlantique, Pays de la Loire, France métropolitaine, 44420, France";"";"Avenue de l'Océan";"";"Saint-Nazaire";"Loire-Atlantique";"Pays de la Loire";"44420";"France";"47.3781673";"-2.5449728"
"687669b63e217c2fdbde3d2278a1b69430da4d35";"Place de l'Église, Piriac-sur-Mer, Saint-Nazaire, Loire-Atlantique, Pays de la Loire, France métropolitaine, 44420, France";"";"Place de l'Église";"";"Saint-Nazaire";"Loire-Atlantique";"Pays de la Loire";"44420";"France";"47.38087795";"-2.5462726563565914"
"9fea6144ee11119f89912a9222d78b12194edff8";"1, Place du Lion d'Or, Plessé, Châteaubriant-Ancenis, Loire-Atlantique, Pays de la Loire, France métropolitaine, 44630, France";"1";"Place du Lion d'Or";"";"Châteaubriant-Ancenis";"Loire-Atlantique";"Pays de la Loire";"44630";"France";"47.5406312";"-1.8878035187192115"
"ff95f13ee725e45f0a2cc7ddb0e35c2dccbad057";"Rue du Champsiome, Le Champsiome, Pont-Saint-Martin, Nantes, Loire-Atlantique, Pays de la Loire, France métropolitaine, 44860, France";"";"Rue du Champsiome";"";"Nantes";"Loire-Atlantique";"Pays de la Loire";"44860";"France";"47.1481392";"-1.5575809"
"aa1f9a259c5250159a2770937755f4f7b0566252";"Place de la Libération, Sainte-Marie-sur-Mer, Pornic, Saint-Nazaire, Loire-Atlantique, Pays de la Loire, France métropolitaine, 44210, France";"";"Place de la Libération";"Pornic";"Saint-Nazaire";"Loire-Atlantique";"Pays de la Loire";"44210";"France";"47.112895449999996";"-2.1304456263240303"
"934363bb485a5dfad1a609a2a80986a00bc5c7ec";"Rue Paul Paulet, Le Chabut, Pornic, Saint-Nazaire, Loire-Atlantique, Pays de la Loire, France métropolitaine, 44210, France";"";"Rue Paul Paulet";"Pornic";"Saint-Nazaire";"Loire-Atlantique";"Pays de la Loire";"44210";"France";"47.114371";"-2.09396"
"7063068483f108640c65809670d1959ae6cdbeca";"Avenue du Jardin de Retz, Domaine du Calypso, Sainte-Marie-sur-Mer, Pornic, Saint-Nazaire, Loire-Atlantique, Pays de la Loire, France métropolitaine, 44210, France";"";"Avenue du Jardin de Retz";"Pornic";"Saint-Nazaire";"Loire-Atlantique";"Pays de la Loire";"44210";"France";"47.1146106";"-2.1142137"
"156231a809e475c5e3413e713d47dafd0febf0e6";"Rue de la Bernerie, La Joselière, Pornic, Saint-Nazaire, Loire-Atlantique, Pays de la Loire, France métropolitaine, 44210, France";"";"Rue de la Bernerie";"Pornic";"Saint-Nazaire";"Loire-Atlantique";"Pays de la Loire";"44210";"France";"47.106107";"-2.0732865"
"a0c0821b3d8f80ed87f2162540e0ff990575b165";"Place de l'Église, La Haie Ferrière, Prinquiau, Saint-Nazaire, Loire-Atlantique, Pays de la Loire, France métropolitaine, 44260, France";"";"Place de l'Église";"";"Saint-Nazaire";"Loire-Atlantique";"Pays de la Loire";"44260";"France";"47.3623372";"-2.0105799"
"6dfe319a07fd4568b4e0abf528ece016a715b4cd";"Rue de la Mairie, Le Pont de Quilly, Quilly, Saint-Nazaire, Loire-Atlantique, Pays de la Loire, France métropolitaine, 44750, France";"";"Rue de la Mairie";"";"Saint-Nazaire";"Loire-Atlantique";"Pays de la Loire";"44750";"France";"47.4602745";"-1.9517912"
"a589290ccabbf3aabcd60b8bb0c1b2d2031769dd";"Rue de l'Hôtel de Ville, La Caffinière, Remouillé, Nantes, Loire-Atlantique, Pays de la Loire, France métropolitaine, 44140, France";"";"Rue de l'Hôtel de Ville";"";"Nantes";"Loire-Atlantique";"Pays de la Loire";"44140";"France";"47.0568461";"-1.3776298"
"31e62e96ec9f968813d895117cedbecf6a7b60be";"35, Rue Pierre Garreau, Le Pontreau, Remouillé, Nantes, Loire-Atlantique, Pays de la Loire, France métropolitaine, 44140, France";"35";"Rue Pierre Garreau";"";"Nantes";"Loire-Atlantique";"Pays de la Loire";"44140";"France";"47.0566812";"-1.3734023"
"40c38aca1dcfdfb5107dfce8f52a9cfd13fdd620";"2, Rue des Forges, Saint-Paul, Pont Rousseau, Rezé, Nantes, Loire-Atlantique, Pays de la Loire, France métropolitaine, 44400, France";"2";"Rue des Forges";"Rezé";"Nantes";"Loire-Atlantique";"Pays de la Loire";"44400";"France";"47.1889436";"-1.5476992"
"48cc244d558012e8041fc3a848c22f49360b1c17";"Rue Camille Jouis, Basse Île, Rezé, Nantes, Loire-Atlantique, Pays de la Loire, France métropolitaine, 44400, France";"";"Rue Camille Jouis";"Rezé";"Nantes";"Loire-Atlantique";"Pays de la Loire";"44400";"France";"47.19115";"-1.5703724"
"709c0db5d51c4a7bdd549c442aecf6074091d0e6";"2, Rue Louis Samson, Confluent, Haute Île, Rezé, Nantes, Loire-Atlantique, Pays de la Loire, France métropolitaine, 44400, France";"2";"Rue Louis Samson";"Rezé";"Nantes";"Loire-Atlantique";"Pays de la Loire";"44400";"France";"47.1964381";"-1.5544846"
"0b70b52d1fe3ac0bf8892dfcf4e28555881336ae";"Place Athanase Levoyer, Trentemoult, Rezé, Nantes, Loire-Atlantique, Pays de la Loire, France métropolitaine, 44400, France";"";"Place Athanase Levoyer";"Rezé";"Nantes";"Loire-Atlantique";"Pays de la Loire";"44400";"France";"47.1941859";"-1.5809915"
"80347e2f15d8b773ffcceb1bf07830ccef87c45b";"Allée de la Cure, Les Champs Rouges, Rouans, Nantes, Loire-Atlantique, Pays de la Loire, France métropolitaine, 44640, France";"";"Allée de la Cure";"";"Nantes";"Loire-Atlantique";"Pays de la Loire";"44640";"France";"47.184889";"-1.8597257"
"e344342e0dacec9bde76cae3d0b9cec14b80dd56";"Avenue du Bois, Mindin, Saint-Brevin-les-Pins, Saint-Nazaire, Loire-Atlantique, Pays de la Loire, France métropolitaine, 44250, France";"";"Avenue du Bois";"";"Saint-Nazaire";"Loire-Atlantique";"Pays de la Loire";"44250";"France";"47.2658965";"-2.1691843"
"9cd30da0eb3b726e06c9281ce0815e7f23f74f08";"Boulevard Padioleau, Saint-Brevin-les-Pins, Saint-Nazaire, Loire-Atlantique, Pays de la Loire, France métropolitaine, 44250, France";"";"Boulevard Padioleau";"";"Saint-Nazaire";"Loire-Atlantique";"Pays de la Loire";"44250";"France";"47.2495166";"-2.1691495"
"74ce5ffb7804b459f86f4f75555760cb3b2a4968";"Boulevard de La Libération, Quartier de la Gare, La Colletterie, Saint-Étienne-de-Montluc, Nantes, Loire-Atlantique, Pays de la Loire, France métropolitaine, 44360, France";"";"Boulevard de La Libération";"Saint-Étienne-de-Montluc";"Nantes";"Loire-Atlantique";"Pays de la Loire";"44360";"France";"47.2776163";"-1.7828734"
"c8e8daaaecaf16c3b36658cce03c9242a4da9120";"Rue des Forges, Bosse de Gourap, Saint-Gildas-des-Bois, Saint-Nazaire, Loire-Atlantique, Pays de la Loire, France métropolitaine, 44530, France";"";"Rue des Forges";"";"Saint-Nazaire";"Loire-Atlantique";"Pays de la Loire";"44530";"France";"47.5140484";"-2.0404072"
"ce602d4c98cb5e05bef84cfd6fbbcb75c6f957e3";"11, Rue François Rabelais, Les Bas Moulins, Les Quatre Vents, Saint-Herblain, Nantes, Loire-Atlantique, Pays de la Loire, France métropolitaine, 44800, France";"11";"Rue François Rabelais";"Saint-Herblain";"Nantes";"Loire-Atlantique";"Pays de la Loire";"44800";"France";"47.2304528";"-1.6147387"
"9b46d60d71f4d54b901ce25d945e85890b83c4fb";"18, Rue Angela Duval, Solvardière, Saint-Herblain, Nantes, Loire-Atlantique, Pays de la Loire, France métropolitaine, 44800, France";"18";"Rue Angela Duval";"Saint-Herblain";"Nantes";"Loire-Atlantique";"Pays de la Loire";"44800";"France";"47.2193107";"-1.6363196"
"0f46099120ca7a000f57419db35846e11fcd7509";"1, Rue Guy Môcquet, Les Quatre Vents, Moulin du Tillay-La Garotterie, Saint-Herblain, Nantes, Loire-Atlantique, Pays de la Loire, France métropolitaine, 44800, France";"1";"Rue Guy Môcquet";"Saint-Herblain";"Nantes";"Loire-Atlantique";"Pays de la Loire";"44800";"France";"47.229168";"-1.598486"
"fcaa1c46f27676ee49a4bd19484306a619c5e9eb";"Place Éloi Guitteny, Les Barbussières, La Métairie Neuve, Saint-Hilaire-de-Chaléons, Saint-Nazaire, Loire-Atlantique, Pays de la Loire, France métropolitaine, 44680, France";"";"Place Éloi Guitteny";"";"Saint-Nazaire";"Loire-Atlantique";"Pays de la Loire";"44680";"France";"47.1039108";"-1.866794"
"531c0117d76423b26e815f8eda5548dcff096a78";"Rue Joliot Curie, Île de Pendille, Île de Brécun, Saint-Joachim, Saint-Nazaire, Loire-Atlantique, Pays de la Loire, France métropolitaine, 44720, France";"";"Rue Joliot Curie";"";"Saint-Nazaire";"Loire-Atlantique";"Pays de la Loire";"44720";"France";"47.3854431";"-2.2028525"
"b4d8180c0fa92dff45937a8142247f04df533b03";"Camping municipal du Chêne, 1, Route du Lac, La Sablère, Saint-Julien-de-Concelles, Nantes, Loire-Atlantique, Pays de la Loire, France métropolitaine, 44450, France";"1";"Route du Lac";"";"Nantes";"Loire-Atlantique";"Pays de la Loire";"44450";"France";"47.2499338";"-1.3723052563430393"
"55b53ae64e201f5b0a8fba248b090b02b1ebfe92";"2, Place de l'Église, Saint-Léger-les-Vignes, Nantes, Loire-Atlantique, Pays de la Loire, France métropolitaine, 44710, France";"2";"Place de l'Église";"";"Nantes";"Loire-Atlantique";"Pays de la Loire";"44710";"France";"47.1350645";"-1.7326666"
"db9eb3c087c3f434ef93efe79d46cc27dc40eb52";"17, Rue du 3 Août 1944, Le Pont David, Le Patis Ménoret, Saint-Mars-du-Désert, Châteaubriant-Ancenis, Loire-Atlantique, Pays de la Loire, France métropolitaine, 44850, France";"17";"Rue du 3 Août 1944";"";"Châteaubriant-Ancenis";"Loire-Atlantique";"Pays de la Loire";"44850";"France";"47.3660553";"-1.4056394"
"de41751a3f82fe3d83dfa5b71e167b67a3f5fb4a";"Rue de Pornichet, Plaisance, Pertuischaud, Saint-Nazaire, Loire-Atlantique, Pays de la Loire, France métropolitaine, 44600, France";"";"Rue de Pornichet";"Saint-Nazaire";"Saint-Nazaire";"Loire-Atlantique";"Pays de la Loire";"44600";"France";"47.2631356";"-2.2361813"
"c4852c9dc183675a3d28aad15dd91852dc22130b";"56, Avenue Géo André, Plaisance, Sautron, Saint-Nazaire, Loire-Atlantique, Pays de la Loire, France métropolitaine, 44600, France";"56";"Avenue Géo André";"Saint-Nazaire";"Saint-Nazaire";"Loire-Atlantique";"Pays de la Loire";"44600";"France";"47.2669989";"-2.2274619"
"27a8e0f548ff9f21f85a1c904df97bfef04eac95";"Yves Rocher, 332, Route de la Côte d'Amour, Parc d'Activité Océanis, La Vecquerie, Saint-Nazaire, Loire-Atlantique, Pays de la Loire, France métropolitaine, 44600, France";"332";"Route de la Côte d'Amour";"Saint-Nazaire";"Saint-Nazaire";"Loire-Atlantique";"Pays de la Loire";"44600";"France";"47.257602";"-2.2644718"
"204349202e6dcf8c282117172e14ca023635e71b";"23, Rue de la Paix et des Arts, Hôtel de ville, Hôtel de Ville, Saint-Nazaire, Loire-Atlantique, Pays de la Loire, France métropolitaine, 44600, France";"23";"Rue de la Paix et des Arts";"Saint-Nazaire";"Saint-Nazaire";"Loire-Atlantique";"Pays de la Loire";"44600";"France";"47.2766957";"-2.2109564"
"e5c5ace785c8b715130e1aa27f2a3ac339d3043f";"Boulevard des Pas Enchantés, Le Petit Rocher, Saint-Sébastien-sur-Loire, Nantes, Loire-Atlantique, Pays de la Loire, France métropolitaine, 44230, France";"";"Boulevard des Pas Enchantés";"Saint-Sébastien-sur-Loire";"Nantes";"Loire-Atlantique";"Pays de la Loire";"44230";"France";"47.2045351";"-1.5248355"
"4fd0dbc832268631a5abd29c333fa5410758ca1b";"Rue des Becques, La Métairie, Saint-Sébastien-sur-Loire, Nantes, Loire-Atlantique, Pays de la Loire, France métropolitaine, 44230, France";"";"Rue des Becques";"Saint-Sébastien-sur-Loire";"Nantes";"Loire-Atlantique";"Pays de la Loire";"44230";"France";"47.2085342";"-1.5088149"
"df5642db684e73a579b618391761b9dcc01ea0d2";"23, Rue des Pâtures, La Malnoue, Saint-Sébastien-sur-Loire, Nantes, Loire-Atlantique, Pays de la Loire, France métropolitaine, 44230, France";"23";"Rue des Pâtures";"Saint-Sébastien-sur-Loire";"Nantes";"Loire-Atlantique";"Pays de la Loire";"44230";"France";"47.2011338";"-1.5032169"
"f1d75903fc79ebf46b3f13c4af7e69260835e60e";"22, Rue de la Taponnière, La Malnoue, Saint-Sébastien-sur-Loire, Nantes, Loire-Atlantique, Pays de la Loire, France métropolitaine, 44230, France";"22";"Rue de la Taponnière";"Saint-Sébastien-sur-Loire";"Nantes";"Loire-Atlantique";"Pays de la Loire";"44230";"France";"47.2053061";"-1.5018421"
"7805d610aa872c101d7f39565134c4c81ed18449";"28, Rue de la Pyramide, La Fontaine, Saint-Sébastien-sur-Loire, Nantes, Loire-Atlantique, Pays de la Loire, France métropolitaine, 44230, France";"28";"Rue de la Pyramide";"Saint-Sébastien-sur-Loire";"Nantes";"Loire-Atlantique";"Pays de la Loire";"44230";"France";"47.2064396";"-1.4910986"
"4e26a6e3b510f877b52a13772852ec3d70edd847";"Impasse du Parc des Sports, La Noë Simon, Saint-Viaud, Saint-Nazaire, Loire-Atlantique, Pays de la Loire, France métropolitaine, 44320, France";"";"Impasse du Parc des Sports";"";"Saint-Nazaire";"Loire-Atlantique";"Pays de la Loire";"44320";"France";"47.2576117";"-2.0191833"
"29372a929fb125ea27b5f56046e39fd99ec17dce";"87, Promenade de Bellevue, Bellevue, Sainte-Luce-sur-Loire, Nantes, Loire-Atlantique, Pays de la Loire, France métropolitaine, 44980, France";"87";"Promenade de Bellevue";"Sainte-Luce-sur-Loire";"Nantes";"Loire-Atlantique";"Pays de la Loire";"44980";"France";"47.2402916";"-1.4678375"
"c613f0e3abd3c4a86bf4991ca7a245a9e04a9c11";"Café Luce, 1, Rue Jean Moulin, Le Champ, Sainte-Luce-sur-Loire, Nantes, Loire-Atlantique, Pays de la Loire, France métropolitaine, 44980, France";"1";"Rue Jean Moulin";"Sainte-Luce-sur-Loire";"Nantes";"Loire-Atlantique";"Pays de la Loire";"44980";"France";"47.2497117";"-1.4867081"
"6e1cef5a2bda5b2bc6a6fb2b3f222e7c414d2569";"Rue Olympe de Gouges, Sainte-Luce-sur-Loire, Nantes, Loire-Atlantique, Pays de la Loire, France métropolitaine, 44980, France";"";"Rue Olympe de Gouges";"Sainte-Luce-sur-Loire";"Nantes";"Loire-Atlantique";"Pays de la Loire";"44980";"France";"47.2542245";"-1.4682306"
"8c6a196de41e0f615f2a48ca1cd3fcea8a0f198f";"13, Allée du Bois, Le Champ, Sainte-Luce-sur-Loire, Nantes, Loire-Atlantique, Pays de la Loire, France métropolitaine, 44980, France";"13";"Allée du Bois";"Sainte-Luce-sur-Loire";"Nantes";"Loire-Atlantique";"Pays de la Loire";"44980";"France";"47.2501276";"-1.4826142"
"b39af5e33c6699ec7305352d6b175d1b2b72ab18";"7, Rue du Vigneau, La Jutière, Sainte-Pazanne, Nantes, Loire-Atlantique, Pays de la Loire, France métropolitaine, 44680, France";"7";"Rue du Vigneau";"";"Nantes";"Loire-Atlantique";"Pays de la Loire";"44680";"France";"47.1056881";"-1.8117828"
"b68764764cda1f204cc5248c599fe64075e21569";"3, Rue de la Mairie, Sautron, Nantes, Loire-Atlantique, Pays de la Loire, France métropolitaine, 44880, France";"3";"Rue de la Mairie";"";"Nantes";"Loire-Atlantique";"Pays de la Loire";"44880";"France";"47.2640128";"-1.6730984"
"683ac12544cf0076286d0b29334f7fd63834d9ce";"Place Jeanne d’Arc, Soudan, Châteaubriant-Ancenis, Loire-Atlantique, Pays de la Loire, France métropolitaine, 44110, France";"";"Place Jeanne d’Arc";"";"Châteaubriant-Ancenis";"Loire-Atlantique";"Pays de la Loire";"44110";"France";"47.7374625";"-1.3064953"
"9b44b832d87384adf5afe711eec5843c5b107141";"Quai de Cricklade, Monretrait, Les Herses, Sucé-sur-Erdre, Châteaubriant-Ancenis, Loire-Atlantique, Pays de la Loire, France métropolitaine, 44240, France";"";"Quai de Cricklade";"";"Châteaubriant-Ancenis";"Loire-Atlantique";"Pays de la Loire";"44240";"France";"47.3394288";"-1.5256421"
"5cb7aeff61d3926b4b13a2aa061b512b87e09f31";"10, Chemin du Parc, Thouaré-sur-Loire, Nantes, Loire-Atlantique, Pays de la Loire, France métropolitaine, 44470, France";"10";"Chemin du Parc";"Thouaré-sur-Loire";"Nantes";"Loire-Atlantique";"Pays de la Loire";"44470";"France";"47.262308";"-1.4366798"
"b23edb7ffd10684e56ba5f4144e5eaf64c0fe0e0";"Rue de l'Erdre, Le Pâtis, Trans-sur-Erdre, Châteaubriant-Ancenis, Loire-Atlantique, Pays de la Loire, France métropolitaine, 44440, France";"";"Rue de l'Erdre";"";"Châteaubriant-Ancenis";"Loire-Atlantique";"Pays de la Loire";"44440";"France";"47.4787504";"-1.3726083"
"6a493a41b46406455905f1c446f8a4f6f097dfd5";"Patmouille - ÉcoCyclerie du Vignoble Nantais, 14, Rue de l'Industrie, Lotissement des Chênes Rouges, La Pétinière, Vallet, Nantes, Loire-Atlantique, Pays de la Loire, France métropolitaine, 44330, France";"14";"Rue de l'Industrie";"";"Nantes";"Loire-Atlantique";"Pays de la Loire";"44330";"France";"47.1794525";"-1.2654062"
"266a781684d9db69e185b5794e7b52344073bada";"Rue du Ribateau, Le Bourg, Vallet, Nantes, Loire-Atlantique, Pays de la Loire, France métropolitaine, 44330, France";"";"Rue du Ribateau";"";"Nantes";"Loire-Atlantique";"Pays de la Loire";"44330";"France";"47.1614099";"-1.2663402"
"96e358e715aa65c7e624906e51c15353d879dca8";"25, Rue des Landes, Beautour, Vertou, Nantes, Loire-Atlantique, Pays de la Loire, France métropolitaine, 44120, France";"25";"Rue des Landes";"Vertou";"Nantes";"Loire-Atlantique";"Pays de la Loire";"44120";"France";"47.1853664";"-1.5011136"
"90bd9cf3af6c668b28a225adf1795cbec8bc54c8";"Place de la Mairie, Le Douzy, La Verdure, Vieillevigne, Nantes, Loire-Atlantique, Pays de la Loire, France métropolitaine, 44116, France";"";"";"";"Nantes";"Loire-Atlantique";"Pays de la Loire";"44116";"France";"46.97160205";"-1.4342533678951628"
"595ecd3e45ad147bd8cb9cde051b50618a85af18";"Rue du Quarteron, Le Douzy, Les Vallées, Vieillevigne, Nantes, Loire-Atlantique, Pays de la Loire, France métropolitaine, 44116, France";"";"Rue du Quarteron";"";"Nantes";"Loire-Atlantique";"Pays de la Loire";"44116";"France";"46.9712906";"-1.4373211"
