"d106e5a76a221e52cec52f0a9e1a8624b008e8d3";"140, Avenue du Bois de Verrières, Antony, Hauts-de-Seine, Île-de-France, France métropolitaine, 92160, France";"140";"Avenue du Bois de Verrières";"Antony";"Antony";"Hauts-de-Seine";"Île-de-France";"92160";"France";"48.7558032";"2.2849452"
"7a03db7be7f3c0755bf7accf6b7c16e2d5eb647e";"Route du Bua, Verrières-le-Buisson, Palaiseau, Essonne, Île-de-France, France métropolitaine, 91370, France";"";"Route du Bua";"Verrières-le-Buisson";"Palaiseau";"Essonne";"Île-de-France";"91370";"France";"48.7510837";"2.2803752"
"933b257f3494ad08a126a30efed8277de6e80ca4";"Rue Auguste Mounié, Antony, Hauts-de-Seine, Île-de-France, France métropolitaine, 92160, France";"";"Rue Auguste Mounié";"Antony";"Antony";"Hauts-de-Seine";"Île-de-France";"92160";"France";"48.7543213";"2.300603"
"c9a0fa627b10d4685b3f2052715af66f3cb6b1bd";"Avenue Lavoisier, Antony, Hauts-de-Seine, Île-de-France, France métropolitaine, 92160, France";"";"Avenue Lavoisier";"Antony";"Antony";"Hauts-de-Seine";"Île-de-France";"92160";"France";"48.749662";"2.3096177"
"847fdc9b9debf8064d03a4c0bdec578afa8318c5";"Rue Pasteur, Centre-Ville, Asnières-sur-Seine, Nanterre, Hauts-de-Seine, Île-de-France, France métropolitaine, 92600, France";"";"Rue Pasteur";"Asnières-sur-Seine";"Nanterre";"Hauts-de-Seine";"Île-de-France";"92600";"France";"48.9057088";"2.2847059"
"be17b5ab1ef3a83900c30c66a671e0d5b29fb53c";"Place Aristide Briand, Centre-Ville, Asnières-sur-Seine, Nanterre, Hauts-de-Seine, Île-de-France, France métropolitaine, 92600, France";"";"Place Aristide Briand";"Asnières-sur-Seine";"Nanterre";"Hauts-de-Seine";"Île-de-France";"92600";"France";"48.9104312";"2.2877529"
"a85c5f231b79c4eaf34040b4cbc53c2b0ef3546e";"Rue Eugénie Éboué, Grésillons, Asnières-sur-Seine, Nanterre, Hauts-de-Seine, Île-de-France, France métropolitaine, 92600, France";"";"Rue Eugénie Éboué";"Asnières-sur-Seine";"Nanterre";"Hauts-de-Seine";"Île-de-France";"92600";"France";"48.9180591";"2.3168907"
"fec4a10acd3b461284d6115429afc48229e18a0e";"7, Avenue de Stalingrad, Bagneux, Antony, Hauts-de-Seine, Île-de-France, France métropolitaine, 92220, France";"7";"Avenue de Stalingrad";"Bagneux";"Antony";"Hauts-de-Seine";"Île-de-France";"92220";"France";"48.8050921";"2.3182333"
"b1d70d5ac1c1e09578bcbf81e8cfc263bd242e78";"Rue Félix Braquet, Bois-Colombes, Nanterre, Hauts-de-Seine, Île-de-France, France métropolitaine, 92270, France";"";"Rue Félix Braquet";"Bois-Colombes";"Nanterre";"Hauts-de-Seine";"Île-de-France";"92270";"France";"48.9144263";"2.2681282"
"4fefe3b4c34e3e460dad9940b9afb6750a7ab3dc";"Il Binario, 41, Rue des Vallées, Vallées, Colombes, Nanterre, Hauts-de-Seine, Île-de-France, France métropolitaine, 92700, France";"41";"Rue des Vallées";"Colombes";"Nanterre";"Hauts-de-Seine";"Île-de-France";"92700";"France";"48.9141221";"2.2576367"
"dc1f04699ac61a2f454c1472386049c133a79552";"Place de la Belle Hispano, Bois-Colombes, Nanterre, Hauts-de-Seine, Île-de-France, France métropolitaine, 92270, France";"";"Place de la Belle Hispano";"Bois-Colombes";"Nanterre";"Hauts-de-Seine";"Île-de-France";"92270";"France";"48.908164";"2.2609078"
"a7b071d1340a20fd2405da212c5a28212a929e86";"Place Jean Mermoz, Bois-Colombes, Nanterre, Hauts-de-Seine, Île-de-France, France métropolitaine, 92270, France";"";"";"Bois-Colombes";"Nanterre";"Hauts-de-Seine";"Île-de-France";"92270";"France";"48.921626";"2.2718405"
"753224e3bea8d12cac76d2aea423b74fe179c428";"Centre 72, 72, Rue Victor Hugo, Bois-Colombes, Nanterre, Hauts-de-Seine, Île-de-France, France métropolitaine, 92270, France";"72";"Rue Victor Hugo";"Bois-Colombes";"Nanterre";"Hauts-de-Seine";"Île-de-France";"92270";"France";"48.9178761";"2.2713074"
"cead8390d9af85ee1f11d4dc75ff68ec9936c46a";"21, Rue Mertens, Bois-Colombes, Nanterre, Hauts-de-Seine, Île-de-France, France métropolitaine, 92270, France";"21";"Rue Mertens";"Bois-Colombes";"Nanterre";"Hauts-de-Seine";"Île-de-France";"92270";"France";"48.9147478";"2.2718238"
"fe694a95f1bd0d396dc79e13067462ee0ce601bb";"Rue Armand Lépine, Bois-Colombes, Nanterre, Hauts-de-Seine, Île-de-France, France métropolitaine, 92270, France";"";"Rue Armand Lépine";"Bois-Colombes";"Nanterre";"Hauts-de-Seine";"Île-de-France";"92270";"France";"48.9251754";"2.2724086"
"234fe82ccc2e883eaccfb803506f9d4c393ce283";"Rue des Victoires, Parchamp - Albert Kahn, Boulogne-Billancourt, Hauts-de-Seine, Île-de-France, France métropolitaine, 92100, France";"";"Rue des Victoires";"";"Boulogne-Billancourt";"Hauts-de-Seine";"Île-de-France";"92100";"France";"48.8475493";"2.2334633"
"bf03a3ffb2dcec63e78be6847457a5d566a7a056";"Allée Robert Doisneau, Rives de Seine, Boulogne-Billancourt, Hauts-de-Seine, Île-de-France, France métropolitaine, 92100, France";"";"Allée Robert Doisneau";"";"Boulogne-Billancourt";"Hauts-de-Seine";"Île-de-France";"92100";"France";"48.8279464";"2.2371863"
"6bc72651c7bc26690241cecfff324f3b7fc61230";"Route de la Reine, Silly-Galliéni, Boulogne-Billancourt, Hauts-de-Seine, Île-de-France, France métropolitaine, 92100, France";"";"Route de la Reine";"";"Boulogne-Billancourt";"Hauts-de-Seine";"Île-de-France";"92100";"France";"48.8402677";"2.2337428"
"43421cac2c6f2a98687237163e9d2a94be2cf0f0";"Rue Fessart, Les Princes-Marmottan, Boulogne-Billancourt, Hauts-de-Seine, Île-de-France, France métropolitaine, 92100, France";"";"Rue Fessart";"";"Boulogne-Billancourt";"Hauts-de-Seine";"Île-de-France";"92100";"France";"48.8465231";"2.2386894"
"e399b8feecb83efa459b80095240ed958c9a7034";"Place Solférino, Rives de Seine, Boulogne-Billancourt, Hauts-de-Seine, Île-de-France, France métropolitaine, 92100, France";"";"Place Solférino";"";"Boulogne-Billancourt";"Hauts-de-Seine";"Île-de-France";"92100";"France";"48.830544950000004";"2.2450066225982876"
"d04b9eb2390498b0ed7831bedfdfe7d42b7676fb";"Jardin de la Mairie, Centre Ville, Boulogne-Billancourt, Hauts-de-Seine, Île-de-France, France métropolitaine, 92100, France";"";"";"";"Boulogne-Billancourt";"Hauts-de-Seine";"Île-de-France";"92100";"France";"48.8357101";"2.2411546"
"e3786a57297cd1de7fba67412358e26be6bcde42";"Place Haute, Rives de Seine, Boulogne-Billancourt, Hauts-de-Seine, Île-de-France, France métropolitaine, 92100, France";"";"Place Haute";"";"Boulogne-Billancourt";"Hauts-de-Seine";"Île-de-France";"92100";"France";"48.8302986";"2.236123642760541"
"16b3c08b9860e59d7050afb5df3a7ba60c39a2eb";"Rue Edouard Detaille, Jardin de la Mairie, Centre Ville, Boulogne-Billancourt, Hauts-de-Seine, Île-de-France, France métropolitaine, 92100, France";"";"Rue Edouard Detaille";"";"Boulogne-Billancourt";"Hauts-de-Seine";"Île-de-France";"92100";"France";"48.8375668";"2.2478642"
"09a5d1008f47c3d26b467408725477a1b0fd2486";"1, Allée du Guézon, Malabry, La Butte Rouge, Châtenay-Malabry, Antony, Hauts-de-Seine, Île-de-France, France métropolitaine, 92290, France";"1";"Allée du Guézon";"Châtenay-Malabry";"Antony";"Hauts-de-Seine";"Île-de-France";"92290";"France";"48.7730701";"2.2584997"
"5d365bb9f009878667f1e0cbbdbf793b092117d1";"6, Avenue Saint-Exupéry, Quartier du Méridien, Quartier du Plateau, Viry-Châtillon, Évry, Essonne, Île-de-France, France métropolitaine, 91170, France";"6";"Avenue Saint-Exupéry";"Viry-Châtillon";"Évry";"Essonne";"Île-de-France";"91170";"France";"48.6594538";"2.3696226"
"ff203d0186626bb4a20723220170a5081f34ebae";"1, Rue des Pierrelais, Châtillon, Antony, Hauts-de-Seine, Île-de-France, France métropolitaine, 92320, France";"1";"Rue des Pierrelais";"Châtillon";"Antony";"Hauts-de-Seine";"Île-de-France";"92320";"France";"48.7978758";"2.288196"
"cb110246681e0d779b0788bd7a46ddf206e69db0";"60, Rue des Pierrettes, Châtillon, Antony, Hauts-de-Seine, Île-de-France, France métropolitaine, 92320, France";"60";"Rue des Pierrettes";"Châtillon";"Antony";"Hauts-de-Seine";"Île-de-France";"92320";"France";"48.7983976";"2.2923355"
"7c8dd9148502d70df922625c2814d6ea9631cbf8";"24, Rue de la Gare, Châtillon, Antony, Hauts-de-Seine, Île-de-France, France métropolitaine, 92320, France";"24";"Rue de la Gare";"Châtillon";"Antony";"Hauts-de-Seine";"Île-de-France";"92320";"France";"48.8010622";"2.2904524"
"a691e46b4387a8ecc9700bcb3ca261e602c37e01";"6, Rue Marceau, Châtillon, Antony, Hauts-de-Seine, Île-de-France, France métropolitaine, 92320, France";"6";"Rue Marceau";"Châtillon";"Antony";"Hauts-de-Seine";"Île-de-France";"92320";"France";"48.7962567";"2.2763243"
"140848cb11e24da4ea657106f5fcf3e833073a61";"Rue Gabriel Péri, Châtillon, Antony, Hauts-de-Seine, Île-de-France, France métropolitaine, 92320, France";"";"Rue Gabriel Péri";"Châtillon";"Antony";"Hauts-de-Seine";"Île-de-France";"92320";"France";"48.8011546";"2.2868502"
"122a9ad09c88b15d04c795ff9bbbe9e03d8dd931";"23, Rue Carnot, Cité des Châtres Sacs, Chaville, Boulogne-Billancourt, Hauts-de-Seine, Île-de-France, France métropolitaine, 92370, France";"23";"Rue Carnot";"Chaville";"Boulogne-Billancourt";"Hauts-de-Seine";"Île-de-France";"92370";"France";"48.8121898";"2.1873389"
"ecdb55dfb8c542838e4786fb6b13976ba94f9d59";"Avenue de Louvois, Chaville, Boulogne-Billancourt, Hauts-de-Seine, Île-de-France, France métropolitaine, 92370, France";"";"Avenue de Louvois";"Chaville";"Boulogne-Billancourt";"Hauts-de-Seine";"Île-de-France";"92370";"France";"48.8040081";"2.1845206"
"c8a1e885ee612a1f83b6db85d17234956ec2cfa2";"1646, Avenue Roger Salengro, Chaville, Boulogne-Billancourt, Hauts-de-Seine, Île-de-France, France métropolitaine, 92370, France";"1646";"Avenue Roger Salengro";"Chaville";"Boulogne-Billancourt";"Hauts-de-Seine";"Île-de-France";"92370";"France";"48.808473449999994";"2.1868918482409603"
"bd5182fc03068c8b079cbe5df2fb7ce13395c00c";"Avenue Roger Salengro, Cité des Châtres Sacs, Chaville, Boulogne-Billancourt, Hauts-de-Seine, Île-de-France, France métropolitaine, 92370, France";"";"Avenue Roger Salengro";"Chaville";"Boulogne-Billancourt";"Hauts-de-Seine";"Île-de-France";"92370";"France";"48.8196498";"2.1994715"
"d605c05e0b326c082397d24a49c969cf89f3365d";"Collège Jean Moulin, 39, Avenue de la Résistance, Chaville, Boulogne-Billancourt, Hauts-de-Seine, Île-de-France, France métropolitaine, 92370, France";"39";"Avenue de la Résistance";"Chaville";"Boulogne-Billancourt";"Hauts-de-Seine";"Île-de-France";"92370";"France";"48.8106995";"2.1832006118966407"
"7f1dc492d28abc398538599ac1841d83d5777b13";"Rue de Fleury, Clamart, Antony, Hauts-de-Seine, Île-de-France, France métropolitaine, 92140, France";"";"Rue de Fleury";"Clamart";"Antony";"Hauts-de-Seine";"Île-de-France";"92140";"France";"48.8123314";"2.2620704"
"199b6453934b8cb82db7d2f336c98cf1c82a3d4f";"Boulevard du Général Leclerc, Clichy, Nanterre, Hauts-de-Seine, Île-de-France, France métropolitaine, 92110, France";"";"Boulevard du Général Leclerc";"Clichy";"Nanterre";"Hauts-de-Seine";"Île-de-France";"92110";"France";"48.9095899";"2.3067707"
"0c7343133bf9487e244a41740f61133d50c75dc5";"4 bis, Rue Fouquet, Clichy, Nanterre, Hauts-de-Seine, Île-de-France, France métropolitaine, 92110, France";"4 bis";"Rue Fouquet";"Clichy";"Nanterre";"Hauts-de-Seine";"Île-de-France";"92110";"France";"48.899466";"2.313189"
"87daacdbe5662a4b37fea285d158b95060bed18f";"2, Rue du Guichet, Clichy, Nanterre, Hauts-de-Seine, Île-de-France, France métropolitaine, 92110, France";"2";"Rue du Guichet";"Clichy";"Nanterre";"Hauts-de-Seine";"Île-de-France";"92110";"France";"48.904566";"2.303739"
"856839f516bfe312c5681116aff9a3642aa34c03";"9, Rue Willy Brandt, Clichy, Nanterre, Hauts-de-Seine, Île-de-France, France métropolitaine, 92110, France";"9";"Rue Willy Brandt";"Clichy";"Nanterre";"Hauts-de-Seine";"Île-de-France";"92110";"France";"48.9055928";"2.3163172"
"0fe458036a0365897d88b75b5a4022f372a653e4";"Rue de la Concorde, Centre, Colombes, Nanterre, Hauts-de-Seine, Île-de-France, France métropolitaine, 92700, France";"";"Rue de la Concorde";"Colombes";"Nanterre";"Hauts-de-Seine";"Île-de-France";"92700";"France";"48.925509";"2.2563034"
"8388a98fe652087c9949b7b31f4931a0cfdbe9a1";"Rue Saint-Denis, Centre, Colombes, Nanterre, Hauts-de-Seine, Île-de-France, France métropolitaine, 92700, France";"";"Rue Saint-Denis";"Colombes";"Nanterre";"Hauts-de-Seine";"Île-de-France";"92700";"France";"48.9242995";"2.2481989"
"84a55d171aad5de4d1c7393f72a90fa1bc058d72";"Rue Gounod, Europe, Colombes, Nanterre, Hauts-de-Seine, Île-de-France, France métropolitaine, 92700, France";"";"Rue Gounod";"Colombes";"Nanterre";"Hauts-de-Seine";"Île-de-France";"92700";"France";"48.9235726";"2.2475391"
"723ed767b66665d770675917b0073c99691bd136";"Rue de Dixmude, Fossés Jean, Colombes, Nanterre, Hauts-de-Seine, Île-de-France, France métropolitaine, 92700, France";"";"Rue de Dixmude";"Colombes";"Nanterre";"Hauts-de-Seine";"Île-de-France";"92700";"France";"48.9294878";"2.2663065"
"22e38de86517be182a72c14ef4a3f05ad991f35c";"Rue Félix Faure, Vallées, Colombes, Nanterre, Hauts-de-Seine, Île-de-France, France métropolitaine, 92700, France";"";"Rue Félix Faure";"Colombes";"Nanterre";"Hauts-de-Seine";"Île-de-France";"92700";"France";"48.9146566";"2.2568363"
"c92986a6f3d0fd72bd302248e7646568911f9e38";"Rue Denis Papin, Vallées, Colombes, Nanterre, Hauts-de-Seine, Île-de-France, France métropolitaine, 92700, France";"";"Rue Denis Papin";"Colombes";"Nanterre";"Hauts-de-Seine";"Île-de-France";"92700";"France";"48.9161381";"2.2553408"
"342fefbad38e1f5fe2bf96376a3b0dbef9298d3a";"Avenue Gallieni, Victor Basch, Colombes, Nanterre, Hauts-de-Seine, Île-de-France, France métropolitaine, 92700, France";"";"Avenue Gallieni";"Colombes";"Nanterre";"Hauts-de-Seine";"Île-de-France";"92700";"France";"48.9131441";"2.2284298"
"ff81cf69f2db81c8c6367a05c64416a9eca0aea5";"22, Promenade du Millénaire, Faubourg de l'Arche, Quartier du Faubourg de l'Arche, Courbevoie, Nanterre, Hauts-de-Seine, Île-de-France, France métropolitaine, 92400, France";"22";"Promenade du Millénaire";"Courbevoie";"Nanterre";"Hauts-de-Seine";"Île-de-France";"92400";"France";"48.897579";"2.2359911"
"aeb1a2ea199cd54058f467e94f3ef62be03a1514";"Place Sarrail, Bécon, Quartier de Bécon, Courbevoie, Nanterre, Hauts-de-Seine, Île-de-France, France métropolitaine, 92400, France";"";"Place Sarrail";"Courbevoie";"Nanterre";"Hauts-de-Seine";"Île-de-France";"92400";"France";"48.9049574";"2.2689775"
"400cf8760ede4f853a9748018ba22c017b9c7f9e";"199, Boulevard Saint-Denis, Bécon, Quartier de Bécon, Courbevoie, Nanterre, Hauts-de-Seine, Île-de-France, France métropolitaine, 92400, France";"199";"Boulevard Saint-Denis";"Courbevoie";"Nanterre";"Hauts-de-Seine";"Île-de-France";"92400";"France";"48.900448";"2.269503"
"7ca687fd5a48e6dfc9edbd2b01a01c36649e7be5";"Rue Émile Deschanel, Résidence Marceau Normandie, Quartier du Faubourg de l'Arche, Courbevoie, Nanterre, Hauts-de-Seine, Île-de-France, France métropolitaine, 92400, France";"";"Rue Émile Deschanel";"Courbevoie";"Nanterre";"Hauts-de-Seine";"Île-de-France";"92400";"France";"48.9005287";"2.2432406"
"75d4bd2127d0d51f983ec123edec48b41b8e292e";"Avenue Puvis de Chavannes, Faubourg de l'Arche, Quartier du Faubourg de l'Arche, Courbevoie, Nanterre, Hauts-de-Seine, Île-de-France, France métropolitaine, 92400, France";"";"Avenue Puvis de Chavannes";"Courbevoie";"Nanterre";"Hauts-de-Seine";"Île-de-France";"92400";"France";"48.8990079";"2.2355017"
"22a813f5361828113997454fe80784cd2aca1b5b";"Rue Hudri, Bécon, Quartier de Bécon, Courbevoie, Nanterre, Hauts-de-Seine, Île-de-France, France métropolitaine, 92400, France";"";"Rue Hudri";"Courbevoie";"Nanterre";"Hauts-de-Seine";"Île-de-France";"92400";"France";"48.9006942";"2.2668872"
"e7c023bdea733fb9fbe7bc05542c5665c710b1c7";"Rue Villebois-Mareuil, Bécon, Quartier de Bécon, Courbevoie, Nanterre, Hauts-de-Seine, Île-de-France, France métropolitaine, 92400, France";"";"Rue Villebois-Mareuil";"Courbevoie";"Nanterre";"Hauts-de-Seine";"Île-de-France";"92400";"France";"48.90174";"2.2684882"
"7ca687fd5a48e6dfc9edbd2b01a01c36649e7be5";"Rue Émile Deschanel, Résidence Marceau Normandie, Quartier du Faubourg de l'Arche, Courbevoie, Nanterre, Hauts-de-Seine, Île-de-France, France métropolitaine, 92400, France";"";"Rue Émile Deschanel";"Courbevoie";"Nanterre";"Hauts-de-Seine";"Île-de-France";"92400";"France";"48.9005287";"2.2432406"
"c7b613cc48fdf3e6ead4aedada7679e34134190b";"Rue Adélaïde, Bécon, Quartier de Bécon, Courbevoie, Nanterre, Hauts-de-Seine, Île-de-France, France métropolitaine, 92400, France";"";"Rue Adélaïde";"Courbevoie";"Nanterre";"Hauts-de-Seine";"Île-de-France";"92400";"France";"48.901491";"2.2779417"
"9728bcc5bd2cf842ea6b1f3572f1b0a6ff16eb27";"Place Charras, La Défense 5, Quartier Gambetta, Courbevoie, Nanterre, Hauts-de-Seine, Île-de-France, France métropolitaine, 92400, France";"";"Place Charras";"Courbevoie";"Nanterre";"Hauts-de-Seine";"Île-de-France";"92400";"France";"48.8940101";"2.2500834"
"ffcc92a70579308438a87e217249691659672dc8";"Galerie des Damiers, La Défense 1, Quartier Gambetta, Courbevoie, Nanterre, Hauts-de-Seine, Île-de-France, France métropolitaine, 92400, France";"";"Galerie des Damiers";"Courbevoie";"Nanterre";"Hauts-de-Seine";"Île-de-France";"92400";"France";"48.8899342";"2.2531322150423145"
"9df7b620c56385e5d6e444b517690ef31b7da7d2";"3, Rue des Lilas d'Espagne, Faubourg de l'Arche, Quartier du Faubourg de l'Arche, Courbevoie, Nanterre, Hauts-de-Seine, Île-de-France, France métropolitaine, 92400, France";"3";"Rue des Lilas d'Espagne";"Courbevoie";"Nanterre";"Hauts-de-Seine";"Île-de-France";"92400";"France";"48.8977631";"2.2360008"
"51d52f3fd939c9ffa8119537d174a2b563a08ea2";"93, Rue Armand Silvestre, Bécon, Quartier de Bécon, Courbevoie, Nanterre, Hauts-de-Seine, Île-de-France, France métropolitaine, 92400, France";"93";"Rue Armand Silvestre";"Courbevoie";"Nanterre";"Hauts-de-Seine";"Île-de-France";"92400";"France";"48.902268";"2.267838"
"9be8e143a89163a709cc51821169df2a07baafc2";"Avenue Léon Bourgain, Bécon, Quartier de Bécon, Courbevoie, Nanterre, Hauts-de-Seine, Île-de-France, France métropolitaine, 92400, France";"";"Avenue Léon Bourgain";"Courbevoie";"Nanterre";"Hauts-de-Seine";"Île-de-France";"92400";"France";"48.9043554";"2.2752524"
"f7f0685878dcb51384cf335ec23c4dd4d6dd4473";"Rue Gentil Bernard, Fontenay-aux-Roses, Antony, Hauts-de-Seine, Île-de-France, France métropolitaine, 92260, France";"";"Rue Gentil Bernard";"Fontenay-aux-Roses";"Antony";"Hauts-de-Seine";"Île-de-France";"92260";"France";"48.7868752";"2.2923386"
"945911fde7cf8d1f3c339a5a6860ea213c7b40fb";"Place de la Gare, Villeneuve, Residence Foch, Garches, Nanterre, Hauts-de-Seine, Île-de-France, France métropolitaine, 92380, France";"";"Place de la Gare";"Garches";"Nanterre";"Hauts-de-Seine";"Île-de-France";"92380";"France";"48.8385428";"2.1870542"
"7c86e3b8ac66d51f6d622db41e160c7247e96bde";"Rue du 19 Janvier, Clos de la Source, Residence Foch, Garches, Nanterre, Hauts-de-Seine, Île-de-France, France métropolitaine, 92380, France";"";"Rue du 19 Janvier";"Garches";"Nanterre";"Hauts-de-Seine";"Île-de-France";"92380";"France";"48.8471777";"2.1818243"
"ecb6e60a5b92831e1eedb9fccd9a2b79ed6c56a2";"185, Avenue Gabriel Péri, Les Agnettes, Gennevilliers, Nanterre, Hauts-de-Seine, Île-de-France, France métropolitaine, 92230, France";"185";"Avenue Gabriel Péri";"Gennevilliers";"Nanterre";"Hauts-de-Seine";"Île-de-France";"92230";"France";"48.925607";"2.293912"
"bea2ec06ef97be90da400c3bf681bb72a65df60f";"29, Rue du Moulin de Cage, Chandon-Brenu, Gennevilliers, Nanterre, Hauts-de-Seine, Île-de-France, France métropolitaine, 92230, France";"29";"Rue du Moulin de Cage";"Gennevilliers";"Nanterre";"Hauts-de-Seine";"Île-de-France";"92230";"France";"48.930579";"2.303129"
"0a47872ca793a89f5c1dd8d28fcec0bf6474ab84";"10bis, Place Jean Grandel, Le Village, Gennevilliers, Nanterre, Hauts-de-Seine, Île-de-France, France métropolitaine, 92230, France";"10bis";"Place Jean Grandel";"Gennevilliers";"Nanterre";"Hauts-de-Seine";"Île-de-France";"92230";"France";"48.9331697";"2.2961689"
"6f260f060b5620948c931800fa4031f3785841c5";"Place Jacques Madaule, Quartier Bords et Val de Seine / Les Arches, Issy-les-Moulineaux, Boulogne-Billancourt, Hauts-de-Seine, Île-de-France, France métropolitaine, 92130, France";"";"Place Jacques Madaule";"Issy-les-Moulineaux";"Boulogne-Billancourt";"Hauts-de-Seine";"Île-de-France";"92130";"France";"48.82393185";"2.260653264262115"
"6e722e6dca8604ba19e792109404de34a00921a3";"Boulevard Gambetta, Quartier Centre-Ville / Corentin Celton / Les Varennes, Issy-les-Moulineaux, Boulogne-Billancourt, Hauts-de-Seine, Île-de-France, France métropolitaine, 92130, France";"";"Boulevard Gambetta";"Issy-les-Moulineaux";"Boulogne-Billancourt";"Hauts-de-Seine";"Île-de-France";"92130";"France";"48.8276232";"2.2758051"
"2334fa90d5a4f71b2cccabbb4ea599c6453c54df";"20, Boulevard des Îles, Quartier La Ferme / Les Îles / Les Chartreux, Issy-les-Moulineaux, Boulogne-Billancourt, Hauts-de-Seine, Île-de-France, France métropolitaine, 92130, France";"20";"Boulevard des Îles";"Issy-les-Moulineaux";"Boulogne-Billancourt";"Hauts-de-Seine";"Île-de-France";"92130";"France";"48.8232622";"2.2490152"
"e998d9778841a5fe10c33f0ef0894c568af731e9";"Rue du Gouverneur Général Éboué, Quartier Bords et Val de Seine / Les Arches, Issy-les-Moulineaux, Boulogne-Billancourt, Hauts-de-Seine, Île-de-France, France métropolitaine, 92130, France";"";"Rue du Gouverneur Général Éboué";"Issy-les-Moulineaux";"Boulogne-Billancourt";"Hauts-de-Seine";"Île-de-France";"92130";"France";"48.8240136";"2.262689"
"4438f19e15e91ad2292ca09aa90ad85b2b3b20ed";"Sodexo - Siège, 255, Quai de la Bataille de Stalingrad, Quartier La Ferme / Les Îles / Les Chartreux, Issy-les-Moulineaux, Boulogne-Billancourt, Hauts-de-Seine, Île-de-France, France métropolitaine, 92130, France";"255";"Quai de la Bataille de Stalingrad";"Issy-les-Moulineaux";"Boulogne-Billancourt";"Hauts-de-Seine";"Île-de-France";"92130";"France";"48.821794";"2.2511436"
"9e3009730d885fc7b8a3ac177ecd06b6a465eb39";"Rond-Point Hector Guimard, Quartier Les Hauts d'Issy / Les Epinettes / Le Fort, Issy-les-Moulineaux, Boulogne-Billancourt, Hauts-de-Seine, Île-de-France, France métropolitaine, 92130, France";"";"Rond-Point Hector Guimard";"Issy-les-Moulineaux";"Boulogne-Billancourt";"Hauts-de-Seine";"Île-de-France";"92130";"France";"48.8168606";"2.2586862255711315"
"2ccfc5bae1c40946bb035672f19a622af6c90cf4";"Avenue Foch, La Garenne-Colombes, Nanterre, Hauts-de-Seine, Île-de-France, France métropolitaine, 92250, France";"";"Avenue Foch";"La Garenne-Colombes";"Nanterre";"Hauts-de-Seine";"Île-de-France";"92250";"France";"48.9083291";"2.2428327"
"51d8e9de8584f0193f8f8cdbdd41e920612d68a2";"Rue Louis Pergaud, Coteau, Résidence de la Pépinière, Le Plessis-Robinson, Antony, Hauts-de-Seine, Île-de-France, France métropolitaine, 92350, France";"";"Rue Louis Pergaud";"Le Plessis-Robinson";"Antony";"Hauts-de-Seine";"Île-de-France";"92350";"France";"48.7890514";"2.2694612"
"c1ac4897ed0f11840463df9e065baaf5d32801db";"Rue de Malabry, Cité Basse, Résidence de la Pépinière, Le Plessis-Robinson, Antony, Hauts-de-Seine, Île-de-France, France métropolitaine, 92350, France";"";"Rue de Malabry";"Le Plessis-Robinson";"Antony";"Hauts-de-Seine";"Île-de-France";"92350";"France";"48.7787733";"2.2723105"
"9f9257fb0b2d7d6b0cdb7421d799cd13636d02ff";"Rue Chaussée de l'Étang, Cité Basse, Résidence de la Pépinière, Le Plessis-Robinson, Antony, Hauts-de-Seine, Île-de-France, France métropolitaine, 92350, France";"";"Rue Chaussée de l'Étang";"Le Plessis-Robinson";"Antony";"Hauts-de-Seine";"Île-de-France";"92350";"France";"48.7836222";"2.271429"
"e9402db242f80b7b21b9481eeabaf8fb8e8ed0a6";"Avenue Charles de Gaulle, Coteau, Résidence de la Pépinière, Le Plessis-Robinson, Antony, Hauts-de-Seine, Île-de-France, France métropolitaine, 92350, France";"";"Avenue Charles de Gaulle";"Le Plessis-Robinson";"Antony";"Hauts-de-Seine";"Île-de-France";"92350";"France";"48.7829432";"2.2664808"
"f73dc02f1f7bf701cbb13f441bd8d94198c2827a";"Allée Robert Debré, Joliot Curie, Le Plessis-Robinson, Antony, Hauts-de-Seine, Île-de-France, France métropolitaine, 92350, France";"";"Allée Robert Debré";"Le Plessis-Robinson";"Antony";"Hauts-de-Seine";"Île-de-France";"92350";"France";"48.7751302";"2.2521339"
"e687df1bf3c5bff6f5671e0ebe8b0a38f80f9bc0";"Rue Jacques Mazaud, Levallois-Perret, Nanterre, Hauts-de-Seine, Île-de-France, France métropolitaine, 92300, France";"";"Rue Jacques Mazaud";"Levallois-Perret";"Nanterre";"Hauts-de-Seine";"Île-de-France";"92300";"France";"48.8938149";"2.2855782"
"4d33240a5903cdbc80b80927aaf5a3786774a3b2";"Rue Jules Guesde, Levallois-Perret, Nanterre, Hauts-de-Seine, Île-de-France, France métropolitaine, 92300, France";"";"Rue Jules Guesde";"Levallois-Perret";"Nanterre";"Hauts-de-Seine";"Île-de-France";"92300";"France";"48.9012847";"2.285815"
"2fb419e4197dc0ff1a19bcbd65c986d705e8ada3";"126, Rue Jules Guesde, Levallois-Perret, Nanterre, Hauts-de-Seine, Île-de-France, France métropolitaine, 92300, France";"126";"Rue Jules Guesde";"Levallois-Perret";"Nanterre";"Hauts-de-Seine";"Île-de-France";"92300";"France";"48.8975702";"2.2889717"
"29682b3089f2ff02ae2f8a07c227cc2c01d4faa5";"Allée Claude Monet, Levallois-Perret, Nanterre, Hauts-de-Seine, Île-de-France, France métropolitaine, 92300, France";"";"Allée Claude Monet";"Levallois-Perret";"Nanterre";"Hauts-de-Seine";"Île-de-France";"92300";"France";"48.8979471";"2.2729104"
"63c0486246e1bfc5df53d3f486a1369125b9a1c4";"Rue de Villiers, Levallois-Perret, Nanterre, Hauts-de-Seine, Île-de-France, France métropolitaine, 92300, France";"";"Rue de Villiers";"Levallois-Perret";"Nanterre";"Hauts-de-Seine";"Île-de-France";"92300";"France";"48.8903639";"2.2794659"
"62e2b9cb6d7df039f705a8ac2b0059cab0bc9483";"143, Rue Louis Rouquier, Levallois-Perret, Nanterre, Hauts-de-Seine, Île-de-France, France métropolitaine, 92300, France";"143";"Rue Louis Rouquier";"Levallois-Perret";"Nanterre";"Hauts-de-Seine";"Île-de-France";"92300";"France";"48.8939455";"2.2946564"
"80da460cdcee35372cc0eca3b8f9ee1aa11c0372";"38, Rue d'Alsace, Levallois-Perret, Nanterre, Hauts-de-Seine, Île-de-France, France métropolitaine, 92300, France";"38";"Rue d'Alsace";"Levallois-Perret";"Nanterre";"Hauts-de-Seine";"Île-de-France";"92300";"France";"48.8920786";"2.2984772"
"2ec04e1cba7f1af608a45e38965eacb5c038d571";"106, Rue du Président Wilson, Levallois-Perret, Nanterre, Hauts-de-Seine, Île-de-France, France métropolitaine, 92300, France";"106";"Rue du Président Wilson";"Levallois-Perret";"Nanterre";"Hauts-de-Seine";"Île-de-France";"92300";"France";"48.8961086";"2.2869673"
"ae778a1b98498f97fe948d748946a9af8aafd7db";"33, Rue d'Alsace, Levallois-Perret, Nanterre, Hauts-de-Seine, Île-de-France, France métropolitaine, 92300, France";"33";"Rue d'Alsace";"Levallois-Perret";"Nanterre";"Hauts-de-Seine";"Île-de-France";"92300";"France";"48.8926071";"2.2976205"
"d5928e9a86702c51c6237583e4bcc8b6cf47f737";"17, Rue Carnot, Cité des Poètes, Malakoff, Antony, Hauts-de-Seine, Île-de-France, France métropolitaine, 92240, France";"17";"Rue Carnot";"Malakoff";"Antony";"Hauts-de-Seine";"Île-de-France";"92240";"France";"48.8121599";"2.277808"
"b09cdc4ebe417ccc3feea9ad060dd7bb1a45d19e";"14, Impasse Carnot, Malakoff, Antony, Hauts-de-Seine, Île-de-France, France métropolitaine, 92240, France";"14";"Impasse Carnot";"Malakoff";"Antony";"Hauts-de-Seine";"Île-de-France";"92240";"France";"48.81578025";"2.3004467542185045"
"c18ad8bf453fec29f4b60788aeeed977f025d4e6";"35, Rue Hoche, Cité des Nouzeaux, Malakoff, Antony, Hauts-de-Seine, Île-de-France, France métropolitaine, 92240, France";"35";"Rue Hoche";"Malakoff";"Antony";"Hauts-de-Seine";"Île-de-France";"92240";"France";"48.8152497";"2.2912833"
"cd0ecbaf3c7c87321cbf049d2b2df77a98abe726";"Place du 8 Mai 1945, Les Pointes, Meudon-sur-Seine, Meudon, Boulogne-Billancourt, Hauts-de-Seine, Île-de-France, France métropolitaine, 92190, France";"";"Place du 8 Mai 1945";"Meudon";"Boulogne-Billancourt";"Hauts-de-Seine";"Île-de-France";"92190";"France";"48.8146616";"2.2411115"
"cd6f24c456ee742e1549bc71b473705614b590cb";"7, Rue Pierre Wacquant, Les Balysis, Bellevue, Meudon, Boulogne-Billancourt, Hauts-de-Seine, Île-de-France, France métropolitaine, 92190, France";"7";"Rue Pierre Wacquant";"Meudon";"Boulogne-Billancourt";"Hauts-de-Seine";"Île-de-France";"92190";"France";"48.8197877";"2.2282518"
"764501f93e0e7948e63f7b810c29f1a3a6316536";"105, Avenue Aristide Briand, Quartier Montrouge Est, Montrouge, Antony, Hauts-de-Seine, Île-de-France, France métropolitaine, 92120, France";"105";"Avenue Aristide Briand";"Montrouge";"Antony";"Hauts-de-Seine";"Île-de-France";"92120";"France";"48.8136773";"2.3263624"
"6d60c688d3ea51d8c758da3cc8efa2bef597488a";"Place Jules Ferry, Quartier Ferry-Buffalo, Montrouge, Antony, Hauts-de-Seine, Île-de-France, France métropolitaine, 92120, France";"";"Place Jules Ferry";"Montrouge";"Antony";"Hauts-de-Seine";"Île-de-France";"92120";"France";"48.8128892";"2.322365"
"15e62bc086338f6f0746b0b6aafaa1cf5f3de566";"Avenue Pierre Brossolette, Quartier Portes de Montrouge, Montrouge, Antony, Hauts-de-Seine, Île-de-France, France métropolitaine, 92120, France";"";"Avenue Pierre Brossolette";"Montrouge";"Antony";"Hauts-de-Seine";"Île-de-France";"92120";"France";"48.8219888";"2.3137813"
"8a9c8cc7fedaaaeaa5853b2f09cae2021682aa1b";"Villa Henriette, Quartier Plein Sud, Montrouge, Antony, Hauts-de-Seine, Île-de-France, France métropolitaine, 92120, France";"";"Villa Henriette";"Montrouge";"Antony";"Hauts-de-Seine";"Île-de-France";"92120";"France";"48.8117219";"2.312321"
"8b903d3d972cf09844ff927096d5d361f04498bd";"87, Rue Racine, Quartier Plein Sud, Montrouge, Antony, Hauts-de-Seine, Île-de-France, France métropolitaine, 92120, France";"87";"Rue Racine";"Montrouge";"Antony";"Hauts-de-Seine";"Île-de-France";"92120";"France";"48.8133314";"2.310546"
"fa4bbb549944a91181e57c805e70a46d3c9951b9";"23, Rue Marie Debos, Quartier Portes de Montrouge, Montrouge, Antony, Hauts-de-Seine, Île-de-France, France métropolitaine, 92120, France";"23";"Rue Marie Debos";"Montrouge";"Antony";"Hauts-de-Seine";"Île-de-France";"92120";"France";"48.8193078";"2.3105653"
"dd8b69edb3409e983eb522ec118f7c093909fe72";"147, Avenue Henri Ginoux, Quartier Ferry-Buffalo, Montrouge, Antony, Hauts-de-Seine, Île-de-France, France métropolitaine, 92120, France";"147";"Avenue Henri Ginoux";"Montrouge";"Antony";"Hauts-de-Seine";"Île-de-France";"92120";"France";"48.8116793";"2.3188032"
"1137388ae68eed17adcc2dd586b19d621782a7f0";"18, Rue Périer, Quartier Ferry-Buffalo, Montrouge, Antony, Hauts-de-Seine, Île-de-France, France métropolitaine, 92120, France";"18";"Rue Périer";"Montrouge";"Antony";"Hauts-de-Seine";"Île-de-France";"92120";"France";"48.81367";"2.3179676"
"ce9881e67e08e4e61997dafa2d9e7ba53092d135";"8, Rue Racine, Quartier Ferry-Buffalo, Montrouge, Antony, Hauts-de-Seine, Île-de-France, France métropolitaine, 92120, France";"8";"Rue Racine";"Montrouge";"Antony";"Hauts-de-Seine";"Île-de-France";"92120";"France";"48.8117537";"2.3174554"
"6d60c688d3ea51d8c758da3cc8efa2bef597488a";"Place Jules Ferry, Quartier Ferry-Buffalo, Montrouge, Antony, Hauts-de-Seine, Île-de-France, France métropolitaine, 92120, France";"";"Place Jules Ferry";"Montrouge";"Antony";"Hauts-de-Seine";"Île-de-France";"92120";"France";"48.8128892";"2.322365"
"5618a864a5364fc744d0db5cae4a0484c426214e";"17, Rue Descartes, Quartier Ferry-Buffalo, Montrouge, Antony, Hauts-de-Seine, Île-de-France, France métropolitaine, 92120, France";"17";"Rue Descartes";"Montrouge";"Antony";"Hauts-de-Seine";"Île-de-France";"92120";"France";"48.811029";"2.3170345"
"7af4e441e5accea66bd9c08fe23e18e0e8b5969f";"28, Rue de l'Église, Neuilly-sur-Seine, Nanterre, Hauts-de-Seine, Île-de-France, France métropolitaine, 92200, France";"28";"Rue de l'Église";"Neuilly-sur-Seine";"Nanterre";"Hauts-de-Seine";"Île-de-France";"92200";"France";"48.8864883";"2.2649982"
"302fe9a359e5e766bb1f991f0b1d4e0fb2739374";"57, Boulevard du Général Leclerc, Quartier du Chemin de l'Île, Nanterre, Hauts-de-Seine, Île-de-France, France métropolitaine, 92000, France";"57";"Boulevard du Général Leclerc";"Nanterre";"Nanterre";"Hauts-de-Seine";"Île-de-France";"92000";"France";"48.8983358";"2.1926705"
"e59c411e1a2042e66dbb618797b7aeda6f035d25";"Conf' (de CEAN), 11, Rue des Anciennes Mairies, Quartier du Centre, Nanterre, Hauts-de-Seine, Île-de-France, France métropolitaine, 92000, France";"11";"Rue des Anciennes Mairies";"Nanterre";"Nanterre";"Hauts-de-Seine";"Île-de-France";"92000";"France";"48.8917538";"2.1975374"
"8a261d32377a794d7a0482252a0ffd31cde54060";"69, Rue Henri Barbusse, ZAC Sainte-Geneviève, Quartier du Vieux-Pont - Sainte-Geneviève, Nanterre, Hauts-de-Seine, Île-de-France, France métropolitaine, 92000, France";"69";"Rue Henri Barbusse";"Nanterre";"Nanterre";"Hauts-de-Seine";"Île-de-France";"92000";"France";"48.8912726";"2.191896"
"6fc92d61318de1ebe6f33061fdda2066f60171f8";"Rue de Strasbourg, Le Clos des Orchidées, Quartier du Petit Nanterre, Nanterre, Hauts-de-Seine, Île-de-France, France métropolitaine, 92000, France";"";"Rue de Strasbourg";"Nanterre";"Nanterre";"Hauts-de-Seine";"Île-de-France";"92000";"France";"48.9111871";"2.2260774"
"ac00517383e13e8cae8a5391f8af94fbcbfedc50";"39, Avenue de la Commune de Paris, Quartier du Chemin de l'Île, Nanterre, Hauts-de-Seine, Île-de-France, France métropolitaine, 92000, France";"39";"Avenue de la Commune de Paris";"Nanterre";"Nanterre";"Hauts-de-Seine";"Île-de-France";"92000";"France";"48.8994546";"2.1989726"
"60a1914583a17244f608da5712d91f1ff75cb2f5";"Rue des Venêts, Quartier du Centre, Nanterre, Hauts-de-Seine, Île-de-France, France métropolitaine, 92000, France";"";"Rue des Venêts";"Nanterre";"Nanterre";"Hauts-de-Seine";"Île-de-France";"92000";"France";"48.8906719";"2.2017447"
"52af9c7a1decc763daecb609a8649247567278e4";"8, Boulevard du Château, Neuilly-sur-Seine, Nanterre, Hauts-de-Seine, Île-de-France, France métropolitaine, 92200, France";"8";"Boulevard du Château";"Neuilly-sur-Seine";"Nanterre";"Hauts-de-Seine";"Île-de-France";"92200";"France";"48.8883627";"2.2661628"
"dab666c3ea18cfb49c27bea8d77bf13b7b4e7eb2";"27, Rue Edmond Bloud, Neuilly-sur-Seine, Nanterre, Hauts-de-Seine, Île-de-France, France métropolitaine, 92200, France";"27";"Rue Edmond Bloud";"Neuilly-sur-Seine";"Nanterre";"Hauts-de-Seine";"Île-de-France";"92200";"France";"48.8851622";"2.2694797"
"c7ce584754e870c4bb716c3f844cfad2e6ffdaca";"Rue Pauline Borghèse, Neuilly-sur-Seine, Nanterre, Hauts-de-Seine, Île-de-France, France métropolitaine, 92200, France";"";"Rue Pauline Borghèse";"Neuilly-sur-Seine";"Nanterre";"Hauts-de-Seine";"Île-de-France";"92200";"France";"48.8873386";"2.2732258"
"c7ce584754e870c4bb716c3f844cfad2e6ffdaca";"Rue Pauline Borghèse, Neuilly-sur-Seine, Nanterre, Hauts-de-Seine, Île-de-France, France métropolitaine, 92200, France";"";"Rue Pauline Borghèse";"Neuilly-sur-Seine";"Nanterre";"Hauts-de-Seine";"Île-de-France";"92200";"France";"48.8873386";"2.2732258"
"17af43039a623bd2c98bbd30dd67e938d116b74e";"68, Boulevard Georges Seurat, Neuilly-sur-Seine, Nanterre, Hauts-de-Seine, Île-de-France, France métropolitaine, 92200, France";"68";"Boulevard Georges Seurat";"Neuilly-sur-Seine";"Nanterre";"Hauts-de-Seine";"Île-de-France";"92200";"France";"48.895798";"2.2700813"
"070c11d7709efc3eb2ae24fe8a48705a6529da99";"15, Boulevard du Parc, Neuilly-sur-Seine, Nanterre, Hauts-de-Seine, Île-de-France, France métropolitaine, 92200, France";"15";"Boulevard du Parc";"Neuilly-sur-Seine";"Nanterre";"Hauts-de-Seine";"Île-de-France";"92200";"France";"48.8936014";"2.2658386"
"818c387addf24da7c14cfd662ccc91c02f44b833";"Allée Georges Hassoux, Puteaux, Nanterre, Hauts-de-Seine, Île-de-France, France métropolitaine, 92800, France";"";"Allée Georges Hassoux";"Puteaux";"Nanterre";"Hauts-de-Seine";"Île-de-France";"92800";"France";"48.8785921";"2.2453555"
"a8623147b75b7df429f0571a08d27b93ed5ef1af";"8, Rue Cartault, La Défense 8, Quartier Boieldieu, Puteaux, Nanterre, Hauts-de-Seine, Île-de-France, France métropolitaine, 92800, France";"8";"Rue Cartault";"Puteaux";"Nanterre";"Hauts-de-Seine";"Île-de-France";"92800";"France";"48.882158";"2.2313804"
"fde56a76d507caaa34e2505f32f9e462e9725c4a";"Square Léon Blum, La Défense 10, Quartier Boieldieu, Puteaux, Nanterre, Hauts-de-Seine, Île-de-France, France métropolitaine, 92800, France";"";"Square Léon Blum";"Puteaux";"Nanterre";"Hauts-de-Seine";"Île-de-France";"92800";"France";"48.8828136";"2.2472788"
"74fcb968daf701ada31482bc220b8ffecfb14588";"48, Rue Jean le Coz, Village Centre-ville, Rueil-Malmaison, Nanterre, Hauts-de-Seine, Île-de-France, France métropolitaine, 92500, France";"48";"Rue Jean le Coz";"Rueil-Malmaison";"Nanterre";"Hauts-de-Seine";"Île-de-France";"92500";"France";"48.8752627";"2.1776415"
"0b9184ebad8f74747c76bbfac467b46c06edbfed";"44, Rue des Bons Raisins, Les Taratres Rueil 4, Village du Plateau, Rueil-Malmaison, Nanterre, Hauts-de-Seine, Île-de-France, France métropolitaine, 92500, France";"44";"Rue des Bons Raisins";"Rueil-Malmaison";"Nanterre";"Hauts-de-Seine";"Île-de-France";"92500";"France";"48.8727651";"2.1943772"
"0382334f9f27d553889108e031e56c5492e3c180";"L'Atrium, 81, Rue des Bons Raisins, L'Arsenal, Village Mont-Valérien, Rueil-Malmaison, Nanterre, Hauts-de-Seine, Île-de-France, France métropolitaine, 92500, France";"81";"Rue des Bons Raisins";"Rueil-Malmaison";"Nanterre";"Hauts-de-Seine";"Île-de-France";"92500";"France";"48.872054649999995";"2.2012408687119613"
"519422f2b6710367256c53cf49f36065e00e33df";"1, Rue Henri Regnault, Buzenval, Village Buzenval, Rueil-Malmaison, Nanterre, Hauts-de-Seine, Île-de-France, France métropolitaine, 92500, France";"1";"Rue Henri Regnault";"Rueil-Malmaison";"Nanterre";"Hauts-de-Seine";"Île-de-France";"92500";"France";"48.8585563";"2.1895551"
"551e739b79e12aecc819422518530b25e6be832e";"Rue Dantan, Les Bureaux de la Colline, Saint-Cloud, Nanterre, Hauts-de-Seine, Île-de-France, France métropolitaine, 92210, France";"";"Rue Dantan";"Saint-Cloud";"Nanterre";"Hauts-de-Seine";"Île-de-France";"92210";"France";"48.8446264";"2.2221223"
"49a0bd23771f98ea9a303ad7056021339724ae14";"Rue du Pierrier, Résidence Beausoleil, Saint-Cloud, Nanterre, Hauts-de-Seine, Île-de-France, France métropolitaine, 92210, France";"";"Rue du Pierrier";"Saint-Cloud";"Nanterre";"Hauts-de-Seine";"Île-de-France";"92210";"France";"48.8564441";"2.2153693"
"427aa2ff9e9d4180a8af35229374832ddd6e6da7";"Rue du Lycée, Sceaux, Antony, Hauts-de-Seine, Île-de-France, France métropolitaine, 92330, France";"";"Rue du Lycée";"Sceaux";"Antony";"Hauts-de-Seine";"Île-de-France";"92330";"France";"48.7808658";"2.2960956"
"2f9f937f8ee40b5a38d215e90fd8b004ac92e59b";"Crèche des Bas Tillets, 23 Bis, Rue des Bas Tillets, Chataigneraie, Les Bruyères, Sèvres, Boulogne-Billancourt, Hauts-de-Seine, Île-de-France, France métropolitaine, 92310, France";"23 Bis";"Rue des Bas Tillets";"Sèvres";"Boulogne-Billancourt";"Hauts-de-Seine";"Île-de-France";"92310";"France";"48.818994450000005";"2.204795149753692"
"c8fd4150e2b84e43e7bb8778017f93d2b419692b";"L'Étoile d'or, 36, Grande Rue, Noiretier, Les Bruyères, Sèvres, Boulogne-Billancourt, Hauts-de-Seine, Île-de-France, France métropolitaine, 92310, France";"36";"Grande Rue";"Sèvres";"Boulogne-Billancourt";"Hauts-de-Seine";"Île-de-France";"92310";"France";"48.8254342";"2.2157146"
"db2d72e09602439d1fcc9b105dc6ff566080ba5e";"22, Route de Gallardon, Bruyères - Acacias - Fonceaux, Les Bruyères, Sèvres, Boulogne-Billancourt, Hauts-de-Seine, Île-de-France, France métropolitaine, 92310, France";"22";"Route de Gallardon";"Sèvres";"Boulogne-Billancourt";"Hauts-de-Seine";"Île-de-France";"92310";"France";"48.8114762";"2.2064315"
"bd175704d0726ce0c6bc4a9bd2176a1ee4d69cf7";"Rue de la République, Quartier République, Suresnes, Nanterre, Hauts-de-Seine, Île-de-France, France métropolitaine, 92150, France";"";"Rue de la République";"Suresnes";"Nanterre";"Hauts-de-Seine";"Île-de-France";"92150";"France";"48.8630044";"2.222537"
"97a35ed5c2dd6932ab1243118a22845cef744edb";"86, Rue des Talus, Village Mont-Valérien, Rueil-Malmaison, Nanterre, Hauts-de-Seine, Île-de-France, France métropolitaine, 92500, France";"86";"Rue des Talus";"Rueil-Malmaison";"Nanterre";"Hauts-de-Seine";"Île-de-France";"92500";"France";"48.8718245";"2.2086279"
"0805e5c695b6532e96ebc75eca3ddc21ee1d9989";"Rue des Landes, Quartier Mont-Valérien, Suresnes, Nanterre, Hauts-de-Seine, Île-de-France, France métropolitaine, 92150, France";"";"Rue des Landes";"Suresnes";"Nanterre";"Hauts-de-Seine";"Île-de-France";"92150";"France";"48.8700202";"2.2109449"
"2b45d94d63d2e20bc3ba2e7f5d94c73e09685faa";"Rue Huché, Quartier Liberté, Suresnes, Nanterre, Hauts-de-Seine, Île-de-France, France métropolitaine, 92150, France";"";"Rue Huché";"Suresnes";"Nanterre";"Hauts-de-Seine";"Île-de-France";"92150";"France";"48.8768263";"2.2219201"
"5c0601d8501485b32d9aa5aeea30011e6fe4376c";"Rue du Docteur Émile Roux, Quartier Mont-Valérien, Suresnes, Nanterre, Hauts-de-Seine, Île-de-France, France métropolitaine, 92150, France";"";"Rue du Docteur Émile Roux";"Suresnes";"Nanterre";"Hauts-de-Seine";"Île-de-France";"92150";"France";"48.865506";"2.2165442"
"596664a299f23de643876401613f71892ce8f2e1";"Rue du Ratrait, Quartier Écluse-Belvédère, Suresnes, Nanterre, Hauts-de-Seine, Île-de-France, France métropolitaine, 92150, France";"";"Rue du Ratrait";"Suresnes";"Nanterre";"Hauts-de-Seine";"Île-de-France";"92150";"France";"48.8771899";"2.2292645"
"97e5da30e80e6291138320f9f0da1148f5cbda2e";"Rue des Chênes, Quartier Liberté, Suresnes, Nanterre, Hauts-de-Seine, Île-de-France, France métropolitaine, 92150, France";"";"Rue des Chênes";"Suresnes";"Nanterre";"Hauts-de-Seine";"Île-de-France";"92150";"France";"48.8801831";"2.2225247"
"a7f1ef892b385c81a1321e44a304b3dd8da4e044";"Avenue Marcel Martinie, Vanves, Boulogne-Billancourt, Hauts-de-Seine, Île-de-France, France métropolitaine, 92170, France";"";"Avenue Marcel Martinie";"Vanves";"Boulogne-Billancourt";"Hauts-de-Seine";"Île-de-France";"92170";"France";"48.8233706";"2.2926844"
"05c41ec267bf29200656b09856250a703ab7d501";"Rue de Sèvres / Rue de Ville-d'Avray, Résidence Corot, Ville-d'Avray, Boulogne-Billancourt, Hauts-de-Seine, Île-de-France, France métropolitaine, 92310, France";"";"Rue de Sèvres / Rue de Ville-d'Avray";"Ville-d'Avray";"Boulogne-Billancourt";"Hauts-de-Seine";"Île-de-France";"92310";"France";"48.8259307";"2.2002136"
"c270c12286aa8c347bc2afb2b33e437b439c372a";"Rue de Marnes, Résidence de la Brosse, Ville-d'Avray, Boulogne-Billancourt, Hauts-de-Seine, Île-de-France, France métropolitaine, 92410, France";"";"Rue de Marnes";"Ville-d'Avray";"Boulogne-Billancourt";"Hauts-de-Seine";"Île-de-France";"92410";"France";"48.8301778";"2.180067"
