"df6bf79bab565260f5ebc503dcaeea265276ba7b";"Rue de la Coudurette, Jouers, Accous, Oloron-Sainte-Marie, Pyrénées-Atlantiques, Nouvelle-Aquitaine, France métropolitaine, 64490, France";"";"Rue de la Coudurette";"";"Oloron-Sainte-Marie";"Pyrénées-Atlantiques";"Nouvelle-Aquitaine";"64490";"France";"42.9856644";"-0.5962264"
"e015e8a0c1523fe1c70e75952b9c14e261ee40af";"Rue de Millet, Lapurdi, Montbrun, Anglet, Bayonne, Pyrénées-Atlantiques, Nouvelle-Aquitaine, France métropolitaine, 64600, France";"";"Rue de Millet";"Anglet";"Bayonne";"Pyrénées-Atlantiques";"Nouvelle-Aquitaine";"64600";"France";"43.5025336";"-1.5143323"
"968bc742848453feb14c6b85ce2e2c97bcf9337f";"Rue Amédée Dufourg, Lapurdi, Quatre Cantons, Anglet, Bayonne, Pyrénées-Atlantiques, Nouvelle-Aquitaine, France métropolitaine, 64600, France";"";"Rue Amédée Dufourg";"Anglet";"Bayonne";"Pyrénées-Atlantiques";"Nouvelle-Aquitaine";"64600";"France";"43.4803368";"-1.5154989"
"6a66f3d4cd9cb04066f0b4b79986d07fb9187a0e";"Avenue du Lac, Lapurdi, Chiberta, Anglet, Bayonne, Pyrénées-Atlantiques, Nouvelle-Aquitaine, France métropolitaine, 64600, France";"";"Avenue du Lac";"Anglet";"Bayonne";"Pyrénées-Atlantiques";"Nouvelle-Aquitaine";"64600";"France";"43.5160146";"-1.5202479"
"540b176e0a08b7a6af0a018f93502ede181f2aca";"Allée des Camélias, Lapurdi, Quatre Cantons, Anglet, Bayonne, Pyrénées-Atlantiques, Nouvelle-Aquitaine, France métropolitaine, 64600, France";"";"Allée des Camélias";"Anglet";"Bayonne";"Pyrénées-Atlantiques";"Nouvelle-Aquitaine";"64600";"France";"43.4843353";"-1.5263633"
"65d6943af25e2a4e790f93ebdd2a2a5e08ccf241";"Le Rencard, 299, Avenue de l'Adour, Lapurdi, Brise Lames, Anglet, Bayonne, Pyrénées-Atlantiques, Nouvelle-Aquitaine, France métropolitaine, 64600, France";"299";"Avenue de l'Adour";"Anglet";"Bayonne";"Pyrénées-Atlantiques";"Nouvelle-Aquitaine";"64600";"France";"43.5269238";"-1.5226999"
"528f32bd17dce5b650ed646a36da3f1546af0cea";"Avenue de l'Adour, Lapurdi, Hardoy, Anglet, Bayonne, Pyrénées-Atlantiques, Nouvelle-Aquitaine, France métropolitaine, 64600, France";"";"Avenue de l'Adour";"Anglet";"Bayonne";"Pyrénées-Atlantiques";"Nouvelle-Aquitaine";"64600";"France";"43.5032375";"-1.4947409"
"e29c9af46f3cdcdc2812ecc2238e84a2c3f206ba";"Rue Jean-Léon Laporte, Lapurdi, Hardoy, Anglet, Bayonne, Pyrénées-Atlantiques, Nouvelle-Aquitaine, France métropolitaine, 64600, France";"";"Rue Jean-Léon Laporte";"Anglet";"Bayonne";"Pyrénées-Atlantiques";"Nouvelle-Aquitaine";"64600";"France";"43.4840969";"-1.5044953"
"56aefcf274f5c7f1bbc2353067210181277440d1";"Rue Francis Jammes, Lapurdi, Hardoy, Anglet, Bayonne, Pyrénées-Atlantiques, Nouvelle-Aquitaine, France métropolitaine, 64600, France";"";"Rue Francis Jammes";"Anglet";"Bayonne";"Pyrénées-Atlantiques";"Nouvelle-Aquitaine";"64600";"France";"43.4946464";"-1.5023294"
"ff1692a0b06158f2a1c9ed3e431edcf24c97ec1e";"Rue de Girouette, Lapurdi, Labordotte, Anglet, Bayonne, Pyrénées-Atlantiques, Nouvelle-Aquitaine, France métropolitaine, 64600, France";"";"Rue de Girouette";"Anglet";"Bayonne";"Pyrénées-Atlantiques";"Nouvelle-Aquitaine";"64600";"France";"43.4702497";"-1.50657"
"9fc54de5f1651b6fc40ba250d15129571f5ad9ce";"Allée de la Vigne, Lapurdi, Anglet, Bayonne, Pyrénées-Atlantiques, Nouvelle-Aquitaine, France métropolitaine, 64600, France";"";"Allée de la Vigne";"Anglet";"Bayonne";"Pyrénées-Atlantiques";"Nouvelle-Aquitaine";"64600";"France";"43.4721884";"-1.5262306"
"b58722a6b48d4a70f3460d0be2f760c5be073ca9";"Clos Latchague, Lapurdi, Cinq Cantons, Anglet, Bayonne, Pyrénées-Atlantiques, Nouvelle-Aquitaine, France métropolitaine, 64600, France";"";"Clos Latchague";"Anglet";"Bayonne";"Pyrénées-Atlantiques";"Nouvelle-Aquitaine";"64600";"France";"43.4954388";"-1.5215126"
"f164d85935819d38f1d5bac453dd38fe733eaa99";"Rue de la Tour de Lannes, Lapurdi, Aritxague, Anglet, Bayonne, Pyrénées-Atlantiques, Nouvelle-Aquitaine, France métropolitaine, 64600, France";"";"Rue de la Tour de Lannes";"Anglet";"Bayonne";"Pyrénées-Atlantiques";"Nouvelle-Aquitaine";"64600";"France";"43.4725712";"-1.5145143"
"e45515355e8bc1b3df5448d6110f7349be83f273";"Rue de Hausquette, Lapurdi, Courbois, Anglet, Bayonne, Pyrénées-Atlantiques, Nouvelle-Aquitaine, France métropolitaine, 64600, France";"";"Rue de Hausquette";"Anglet";"Bayonne";"Pyrénées-Atlantiques";"Nouvelle-Aquitaine";"64600";"France";"43.4950857";"-1.5098517"
"3c93bf94223d6d44e7c35a5bdc4c46d2f6599191";"Allée Jean Mermoz, Lapurdi, Courbois, Anglet, Bayonne, Pyrénées-Atlantiques, Nouvelle-Aquitaine, France métropolitaine, 64600, France";"";"Allée Jean Mermoz";"Anglet";"Bayonne";"Pyrénées-Atlantiques";"Nouvelle-Aquitaine";"64600";"France";"43.4889338";"-1.5124185"
"e0a88c3b6bbb5097dcb7af20cb3f9ebc6323c6d6";"Promenade du Parc Belay, Lapurdi, Quatre Cantons, Anglet, Bayonne, Pyrénées-Atlantiques, Nouvelle-Aquitaine, France métropolitaine, 64600, France";"";"Promenade du Parc Belay";"Anglet";"Bayonne";"Pyrénées-Atlantiques";"Nouvelle-Aquitaine";"64600";"France";"43.4770175";"-1.5201862"
"361d165cfdde999bb15e27ea1ee663ccbca341f2";"Allée de la Maison Forestière, Lapurdi, Blancpignon, Anglet, Bayonne, Pyrénées-Atlantiques, Nouvelle-Aquitaine, France métropolitaine, 64600, France";"";"Allée de la Maison Forestière";"Anglet";"Bayonne";"Pyrénées-Atlantiques";"Nouvelle-Aquitaine";"64600";"France";"43.5041813";"-1.5040975"
"87c0b580c439370f13379e746b2eeebef7c7c34e";"Allée des Sarments, Lapurdi, Cinq Cantons, Anglet, Bayonne, Pyrénées-Atlantiques, Nouvelle-Aquitaine, France métropolitaine, 64600, France";"";"Allée des Sarments";"Anglet";"Bayonne";"Pyrénées-Atlantiques";"Nouvelle-Aquitaine";"64600";"France";"43.5064401";"-1.5297791"
"86a2297422e5e94f209f5d3aa9bd1c6c7761d6cf";"4, Avenue de Maignon, Lapurdi, Aritxague, Anglet, Bayonne, Pyrénées-Atlantiques, Nouvelle-Aquitaine, France métropolitaine, 64600, France";"4";"Avenue de Maignon";"Anglet";"Bayonne";"Pyrénées-Atlantiques";"Nouvelle-Aquitaine";"64600";"France";"43.4812716";"-1.509515"
"344269a54b5da8abb2308e4bc80aaaa87a31f884";"Avenue de Larochefoucauld, Lapurdi, Quatre Cantons, Anglet, Bayonne, Pyrénées-Atlantiques, Nouvelle-Aquitaine, France métropolitaine, 64600, France";"";"Avenue de Larochefoucauld";"Anglet";"Bayonne";"Pyrénées-Atlantiques";"Nouvelle-Aquitaine";"64600";"France";"43.4880912";"-1.5328489"
"c01ec39cdc7001562fb9dac24b32c7436e8b47d7";"6 Ter, Allée de Guichon, Lapurdi, Sutar, Anglet, Bayonne, Pyrénées-Atlantiques, Nouvelle-Aquitaine, France métropolitaine, 64600, France";"6 Ter";"Allée de Guichon";"Anglet";"Bayonne";"Pyrénées-Atlantiques";"Nouvelle-Aquitaine";"64600";"France";"43.45928605";"-1.4981883805825171"
"c814c7cf223092fb6de1cce4abd5df90b4769233";"Place de la Paix, Lapurdi, Courbois, Anglet, Bayonne, Pyrénées-Atlantiques, Nouvelle-Aquitaine, France métropolitaine, 64600, France";"";"Place de la Paix";"Anglet";"Bayonne";"Pyrénées-Atlantiques";"Nouvelle-Aquitaine";"64600";"France";"43.4915546";"-1.5107123"
"e2cfaf0df4b4e534421b886bd2fd6d56efbcce4d";"Rue de Saubadine, Lapurdi, La Chambre d'Amour, Anglet, Bayonne, Pyrénées-Atlantiques, Nouvelle-Aquitaine, France métropolitaine, 64600, France";"";"Rue de Saubadine";"Anglet";"Bayonne";"Pyrénées-Atlantiques";"Nouvelle-Aquitaine";"64600";"France";"43.4959321";"-1.5333384"
"47b5a3eb6db838b6be720cbd4b43155b3f51ad3b";"Rue Apollon, Lapurdi, Aritxague, Anglet, Bayonne, Pyrénées-Atlantiques, Nouvelle-Aquitaine, France métropolitaine, 64600, France";"";"Rue Apollon";"Anglet";"Bayonne";"Pyrénées-Atlantiques";"Nouvelle-Aquitaine";"64600";"France";"43.475476";"-1.4997116"
"0dc81533e79bd575751d55c3d11249b1778a52f7";"Centre culturel Tivoli, 27, Rue d'Euskadi, Lapurdi, Hardoy, Anglet, Bayonne, Pyrénées-Atlantiques, Nouvelle-Aquitaine, France métropolitaine, 64600, France";"27";"Rue d'Euskadi";"Anglet";"Bayonne";"Pyrénées-Atlantiques";"Nouvelle-Aquitaine";"64600";"France";"43.4920628";"-1.5035391"
"0a1398764420f1796d179c895d3fd2923bc5749e";"13, Rue de la Feuillée, Lapurdi, Saint-Amand, Bayonne, Pyrénées-Atlantiques, Nouvelle-Aquitaine, France métropolitaine, 64100, France";"13";"Rue de la Feuillée";"Bayonne";"Bayonne";"Pyrénées-Atlantiques";"Nouvelle-Aquitaine";"64100";"France";"43.4857997";"-1.4979078"
"1fbf11d0bc1232cc4627e0e9c212b6beea96451e";"Rue du Général Pommiès, Arbus, Pau, Pyrénées-Atlantiques, Nouvelle-Aquitaine, France métropolitaine, 64230, France";"";"Rue du Général Pommiès";"";"Pau";"Pyrénées-Atlantiques";"Nouvelle-Aquitaine";"64230";"France";"43.3390561";"-0.5092303"
"1fbf11d0bc1232cc4627e0e9c212b6beea96451e";"Rue du Général Pommiès, Arbus, Pau, Pyrénées-Atlantiques, Nouvelle-Aquitaine, France métropolitaine, 64230, France";"";"Rue du Général Pommiès";"";"Pau";"Pyrénées-Atlantiques";"Nouvelle-Aquitaine";"64230";"France";"43.3390561";"-0.5092303"
"0b869978d54f64da326507782e51aab8d7ff82ea";"Chemin Jauréguiborda, Lapurdi, Arcangues, Bayonne, Pyrénées-Atlantiques, Nouvelle-Aquitaine, France métropolitaine, 64200, France";"";"Chemin Jauréguiborda";"";"Bayonne";"Pyrénées-Atlantiques";"Nouvelle-Aquitaine";"64200";"France";"43.4357468";"-1.5320294"
"2f495347299d4c51450d40358af007e203e5b12c";"Rue Matachot, Aressy, Pau, Pyrénées-Atlantiques, Nouvelle-Aquitaine, France métropolitaine, 64320, France";"";"Rue Matachot";"";"Pau";"Pyrénées-Atlantiques";"Nouvelle-Aquitaine";"64320";"France";"43.2783918";"-0.3249141"
"afdb0493bc020ed698b7c0b595f89e932cb8d609";"5, Rue de la Mairie, Lotissement Junqua Pique, Artigueloutan, Pau, Pyrénées-Atlantiques, Nouvelle-Aquitaine, France métropolitaine, 64420, France";"5";"Rue de la Mairie";"";"Pau";"Pyrénées-Atlantiques";"Nouvelle-Aquitaine";"64420";"France";"43.2734393";"-0.2457589"
"448eb99c2650e3b650b984aecbfaaceac8d1f69e";"Uhaldia, 51, Plazako karrika, Nafarroa Beherea, Hirueta, Ascarat, Bayonne, Pyrénées-Atlantiques, Nouvelle-Aquitaine, France métropolitaine, 64220, France";"51";"Plazako karrika";"";"Bayonne";"Pyrénées-Atlantiques";"Nouvelle-Aquitaine";"64220";"France";"43.1702869";"-1.2562198"
"7d73e51e04d9fae7b1bd93145b563a4e3bee527e";"Rue du Général Loustaunau, Aydius, Oloron-Sainte-Marie, Pyrénées-Atlantiques, Nouvelle-Aquitaine, France métropolitaine, 64490, France";"";"Rue du Général Loustaunau";"";"Oloron-Sainte-Marie";"Pyrénées-Atlantiques";"Nouvelle-Aquitaine";"64490";"France";"43.0015352";"-0.5426934"
"20480ecf070791fdeece9699d69e9d5b4c957146";"17, Rue de Belfort, Lapurdi, Saint-Esprit, Bayonne, Pyrénées-Atlantiques, Nouvelle-Aquitaine, France métropolitaine, 64100, France";"17";"Rue de Belfort";"Bayonne";"Bayonne";"Pyrénées-Atlantiques";"Nouvelle-Aquitaine";"64100";"France";"43.4934089";"-1.4673964"
"bcfff2e74bb0593ea798596216ad9e82ae21c9ea";"Rue Aristide Briand, Lapurdi, Saint-Esprit, Bayonne, Pyrénées-Atlantiques, Nouvelle-Aquitaine, France métropolitaine, 64100, France";"";"Rue Aristide Briand";"Bayonne";"Bayonne";"Pyrénées-Atlantiques";"Nouvelle-Aquitaine";"64100";"France";"43.4948002";"-1.4651972"
"febca1260773b98de4b3b2a61dc6c229e8e9fffd";"22, Place des Gascons, Lapurdi, Sainte-Croix, Bayonne, Pyrénées-Atlantiques, Nouvelle-Aquitaine, France métropolitaine, 64100, France";"22";"Place des Gascons";"Bayonne";"Bayonne";"Pyrénées-Atlantiques";"Nouvelle-Aquitaine";"64100";"France";"43.4993396";"-1.4558918"
"f29d81d275a390345a2e6fd742e00a43dbe66f10";"7, Avenue du Baigura, Lapurdi, Polo Beyris, Bayonne, Pyrénées-Atlantiques, Nouvelle-Aquitaine, France métropolitaine, 64100, France";"7";"Avenue du Baigura";"Bayonne";"Bayonne";"Pyrénées-Atlantiques";"Nouvelle-Aquitaine";"64100";"France";"43.4780405";"-1.4993586"
"38d354b0f95252ebe2d2c70da6bc04b04655c9e0";"Giratoire Xavier Beau, Mousserolles, Lapurdi, Prissé, Bayonne, Pyrénées-Atlantiques, Nouvelle-Aquitaine, France métropolitaine, 64100, France";"";"Giratoire Xavier Beau";"Bayonne";"Bayonne";"Pyrénées-Atlantiques";"Nouvelle-Aquitaine";"64100";"France";"43.4846796";"-1.4588857"
"1fa2be9b2dc3af8a0910989d3bff7248ec116e99";"7, Rue Denis Etcheverry, Lapurdi, Saint-Esprit, Bayonne, Pyrénées-Atlantiques, Nouvelle-Aquitaine, France métropolitaine, 64100, France";"7";"Rue Denis Etcheverry";"Bayonne";"Bayonne";"Pyrénées-Atlantiques";"Nouvelle-Aquitaine";"64100";"France";"43.4946382";"-1.4670247"
"f6cea3de4813b6f1c47e786c524370b87d1abc8b";"DIDAM, 6, Quai de Lesseps, Lapurdi, Citadelle, Bayonne, Pyrénées-Atlantiques, Nouvelle-Aquitaine, France métropolitaine, 64100, France";"6";"Quai de Lesseps";"Bayonne";"Bayonne";"Pyrénées-Atlantiques";"Nouvelle-Aquitaine";"64100";"France";"43.495934649999995";"-1.4718907652808695"
"67034e4c9a8da879c0890cd550ee79310b8618b7";"Place Jacques Portes, Ville en Bois, Lapurdi, Grand Bayonne, Bayonne, Pyrénées-Atlantiques, Nouvelle-Aquitaine, France métropolitaine, 64100, France";"";"Place Jacques Portes";"Bayonne";"Bayonne";"Pyrénées-Atlantiques";"Nouvelle-Aquitaine";"64100";"France";"43.4924442";"-1.4780916"
"c2a15bb7e9c700f9cf3f1567cdeddcd31f562712";"20, Quai Dominique Roquebert, Lapurdi, Grand Bayonne, Bayonne, Pyrénées-Atlantiques, Nouvelle-Aquitaine, France métropolitaine, 64100, France";"20";"Quai Dominique Roquebert";"Bayonne";"Bayonne";"Pyrénées-Atlantiques";"Nouvelle-Aquitaine";"64100";"France";"43.4899677";"-1.4749598"
"3408a5be9edbd4e9dc930aa004ebd169a2ba6795";"Square du Marquisat, Lapurdi, Saint-Esprit, Bayonne, Pyrénées-Atlantiques, Nouvelle-Aquitaine, France métropolitaine, 64100, France";"";"";"Bayonne";"Bayonne";"Pyrénées-Atlantiques";"Nouvelle-Aquitaine";"64100";"France";"43.495332149999996";"-1.4672430037602067"
"43867cf0818ec3b310f7cc95e1a2f356c21047fd";"29, Cours Comte de Cabarrus, Lapurdi, Lahubiague, Bayonne, Pyrénées-Atlantiques, Nouvelle-Aquitaine, France métropolitaine, 64100, France";"29";"Cours Comte de Cabarrus";"Bayonne";"Bayonne";"Pyrénées-Atlantiques";"Nouvelle-Aquitaine";"64100";"France";"43.4816738";"-1.487248"
"9b506384fbbc5b5cb91b05a26a07e4237107ac5e";"4 bis, Rue Gambetta, Orcun, Bedous, Oloron-Sainte-Marie, Pyrénées-Atlantiques, Nouvelle-Aquitaine, France métropolitaine, 64490, France";"4 bis";"Rue Gambetta";"";"Oloron-Sainte-Marie";"Pyrénées-Atlantiques";"Nouvelle-Aquitaine";"64490";"France";"43.0004332";"-0.6011662"
"1ca0a30bf7e8f90b3497af003d6005deaf43d237";"Venelle Mazon, Lapurdi, Biarritz, Bayonne, Pyrénées-Atlantiques, Nouvelle-Aquitaine, France métropolitaine, 64200, France";"";"Venelle Mazon";"Biarritz";"Bayonne";"Pyrénées-Atlantiques";"Nouvelle-Aquitaine";"64200";"France";"43.4771571";"-1.5618967"
"1a6ffec1e55aea59f2b8680bba6c5422c4e85f47";"Allée du Moura, Lapurdi, Biarritz, Bayonne, Pyrénées-Atlantiques, Nouvelle-Aquitaine, France métropolitaine, 64200, France";"";"Allée du Moura";"Biarritz";"Bayonne";"Pyrénées-Atlantiques";"Nouvelle-Aquitaine";"64200";"France";"43.4597971";"-1.5382471"
"7b393cacddb8e938981ec6cc4410cb3026ae8e1b";"Square d'Ixelles, Lapurdi, Biarritz, Bayonne, Pyrénées-Atlantiques, Nouvelle-Aquitaine, France métropolitaine, 64200, France";"";"Square d'Ixelles";"Biarritz";"Bayonne";"Pyrénées-Atlantiques";"Nouvelle-Aquitaine";"64200";"France";"43.4832623";"-1.5575604"
"f839d185a09fd13031187dbff52bd29343824995";"Boulevard d'Augusta, Lapurdi, Aguilera, Biarritz, Bayonne, Pyrénées-Atlantiques, Nouvelle-Aquitaine, France métropolitaine, 64200, France";"";"Boulevard d'Augusta";"Biarritz";"Bayonne";"Pyrénées-Atlantiques";"Nouvelle-Aquitaine";"64200";"France";"43.4772404";"-1.5468045"
"9d7f8147756115e6158e671081c4b0c7309ad8a3";"Chemin de Guehetaldia, Lapurdi, Bidart, Bayonne, Pyrénées-Atlantiques, Nouvelle-Aquitaine, France métropolitaine, 64210, France";"";"Chemin de Guehetaldia";"";"Bayonne";"Pyrénées-Atlantiques";"Nouvelle-Aquitaine";"64210";"France";"43.4364966";"-1.5862598"
"e73c3799a8dfa9835880d46e5670c8cbb34961cf";"Avenue Saint-John Perse, Lotissement Jeanne, Billère, Pau, Pyrénées-Atlantiques, Nouvelle-Aquitaine, France métropolitaine, 64140, France";"";"Avenue Saint-John Perse";"Billère";"Pau";"Pyrénées-Atlantiques";"Nouvelle-Aquitaine";"64140";"France";"43.3067604";"-0.398152"
"270c1ebe5e5c406e1120206d4effefe6c08341d5";"Rue de la Mairie, Résidence Oxford, Billère, Pau, Pyrénées-Atlantiques, Nouvelle-Aquitaine, France métropolitaine, 64140, France";"";"Rue de la Mairie";"Billère";"Pau";"Pyrénées-Atlantiques";"Nouvelle-Aquitaine";"64140";"France";"43.3027023";"-0.3958915"
"77e3d3f09d8ed7ae547a1978c3d08f02eee44bd0";"105, Rue Guynemer, Résidence Le Bosquet, Billère, Pau, Pyrénées-Atlantiques, Nouvelle-Aquitaine, France métropolitaine, 64140, France";"105";"Rue Guynemer";"Billère";"Pau";"Pyrénées-Atlantiques";"Nouvelle-Aquitaine";"64140";"France";"43.3113486";"-0.390026"
"2518d03b3f058f0f3bc06793ba67cb1d5cb0486e";"Avenue de Lons, Tonkin, Billère, Pau, Pyrénées-Atlantiques, Nouvelle-Aquitaine, France métropolitaine, 64140, France";"";"Avenue de Lons";"Billère";"Pau";"Pyrénées-Atlantiques";"Nouvelle-Aquitaine";"64140";"France";"43.3126455";"-0.3848775"
"08678467b0293f801a0d3b4befb94372b7c8d288";"60, Avenue du Corps Franc Pommiès, ZA de l'Artisanat, Jurançon, Pau, Pyrénées-Atlantiques, Nouvelle-Aquitaine, France métropolitaine, 64110, France";"60";"Avenue du Corps Franc Pommiès";"";"Pau";"Pyrénées-Atlantiques";"Nouvelle-Aquitaine";"64110";"France";"43.29361";"-0.401947"
"23d3f42273ec93ca56886c92db7fc5bbdd6fdb91";"Rue Albert Camus, Tonkin, Billère, Pau, Pyrénées-Atlantiques, Nouvelle-Aquitaine, France métropolitaine, 64140, France";"";"Rue Albert Camus";"Billère";"Pau";"Pyrénées-Atlantiques";"Nouvelle-Aquitaine";"64140";"France";"43.3141948";"-0.3803756"
"71a7ce11fa2ceedb62069a19dfd4d077415df9f0";"Avenue du Tonkin, Tonkin, Billère, Pau, Pyrénées-Atlantiques, Nouvelle-Aquitaine, France métropolitaine, 64140, France";"";"Avenue du Tonkin";"Billère";"Pau";"Pyrénées-Atlantiques";"Nouvelle-Aquitaine";"64140";"France";"43.3148507";"-0.3838801"
"faf62dce4e5cd9b6f450cddc04bf3d0f1f0dcba5";"Avenue Lalanne, Résidence Le Bosquet, Billère, Pau, Pyrénées-Atlantiques, Nouvelle-Aquitaine, France métropolitaine, 64140, France";"";"Avenue Lalanne";"Billère";"Pau";"Pyrénées-Atlantiques";"Nouvelle-Aquitaine";"64140";"France";"43.3115128";"-0.388124"
"faf62dce4e5cd9b6f450cddc04bf3d0f1f0dcba5";"Avenue Lalanne, Résidence Le Bosquet, Billère, Pau, Pyrénées-Atlantiques, Nouvelle-Aquitaine, France métropolitaine, 64140, France";"";"Avenue Lalanne";"Billère";"Pau";"Pyrénées-Atlantiques";"Nouvelle-Aquitaine";"64140";"France";"43.3115128";"-0.388124"
"700481574e87c8510553b10223fe01afd559dea7";"Rue René Olivier, Lotissement du Stade, Bizanos, Pau, Pyrénées-Atlantiques, Nouvelle-Aquitaine, France métropolitaine, 64320, France";"";"Rue René Olivier";"";"Pau";"Pyrénées-Atlantiques";"Nouvelle-Aquitaine";"64320";"France";"43.2895258";"-0.3494804"
"17de2571c03a9c13d24d323bc57bcf6671d6449d";"Avenue de l'Europe, Lotissement du Stade, Bizanos, Pau, Pyrénées-Atlantiques, Nouvelle-Aquitaine, France métropolitaine, 64320, France";"";"Avenue de l'Europe";"";"Pau";"Pyrénées-Atlantiques";"Nouvelle-Aquitaine";"64320";"France";"43.2910144";"-0.3485543"
"7775baeedca2b973491acf39ceb3ab17239ce1bf";"Rue Pierre Bidau, Bosdarros, Pau, Pyrénées-Atlantiques, Nouvelle-Aquitaine, France métropolitaine, 64290, France";"";"Rue Pierre Bidau";"";"Pau";"Pyrénées-Atlantiques";"Nouvelle-Aquitaine";"64290";"France";"43.2099285";"-0.3618214"
"4e642d1ba261004507602a2f0d0b7af89c48e5b7";"14, Place Pierre Semard, Honteyres, Lapurdi, Boucau, Bayonne, Pyrénées-Atlantiques, Nouvelle-Aquitaine, France métropolitaine, 64340, France";"14";"Place Pierre Semard";"";"Bayonne";"Pyrénées-Atlantiques";"Nouvelle-Aquitaine";"64340";"France";"43.523477";"-1.490403"
"ff5b527eba384c3229db696bec80f8c899e83cbc";"Place Lignacq, Bougarber, Pau, Pyrénées-Atlantiques, Nouvelle-Aquitaine, France métropolitaine, 64230, France";"";"Place Lignacq";"";"Pau";"Pyrénées-Atlantiques";"Nouvelle-Aquitaine";"64230";"France";"43.398414";"-0.4724757"
"1915d947eb265e773469d0a4508edea372130370";"Mairie de Buzy, 1, Place de la Mairie, Buzy, Oloron-Sainte-Marie, Pyrénées-Atlantiques, Nouvelle-Aquitaine, France métropolitaine, 64260, France";"1";"Place de la Mairie";"";"Oloron-Sainte-Marie";"Pyrénées-Atlantiques";"Nouvelle-Aquitaine";"64260";"France";"43.1342865";"-0.4581166"
"1af610e560d822dc08cc4657b1a36619a1dda1bd";"Impasse de la Gendarmerie, Capitaine, Lapurdi, Haltzuia, Cambo-les-Bains, Bayonne, Pyrénées-Atlantiques, Nouvelle-Aquitaine, France métropolitaine, 64250, France";"";"Impasse de la Gendarmerie";"Cambo-les-Bains";"Bayonne";"Pyrénées-Atlantiques";"Nouvelle-Aquitaine";"64250";"France";"43.3590039";"-1.3992869"
"70edceedac50b6f1f01ec308d9e3f024ff4bc456";"Rue de la Mairie, Tourné, Cardesse, Pau, Pyrénées-Atlantiques, Nouvelle-Aquitaine, France métropolitaine, 64360, France";"";"Rue de la Mairie";"";"Pau";"Pyrénées-Atlantiques";"Nouvelle-Aquitaine";"64360";"France";"43.2641986";"-0.5860151"
"4bc612e24009a7d563498a834c1e0fa4d2efb702";"Place Camille Jullian, Lapurdi, Bordagain, Ciboure, Bayonne, Pyrénées-Atlantiques, Nouvelle-Aquitaine, France métropolitaine, 64500, France";"";"Place Camille Jullian";"";"Bayonne";"Pyrénées-Atlantiques";"Nouvelle-Aquitaine";"64500";"France";"43.3844101";"-1.667695"
"4dcbd4cdd1b1da7b9edd3349319ffab1b4964753";"Route de la Corniche, Lapurdi, Erlaitza, Urrugne, Bayonne, Pyrénées-Atlantiques, Nouvelle-Aquitaine, France métropolitaine, 64700, France";"";"Route de la Corniche";"";"Bayonne";"Pyrénées-Atlantiques";"Nouvelle-Aquitaine";"64700";"France";"43.3906968";"-1.7022988"
"ff3303d45e69d8c7d33752ea1a75223dc96e1eb8";"M'Esthétique, 21, Rue François Turnaco, Lapurdi, Ciboure, Bayonne, Pyrénées-Atlantiques, Nouvelle-Aquitaine, France métropolitaine, 64310, France";"21";"Rue François Turnaco";"";"Bayonne";"Pyrénées-Atlantiques";"Nouvelle-Aquitaine";"64310";"France";"43.3805092";"-1.6642756"
"3701a189cfcc48016d81e4c3ae0d093eedc6c381";"Rue des Écoles, Denguin, Pau, Pyrénées-Atlantiques, Nouvelle-Aquitaine, France métropolitaine, 64230, France";"";"Rue des Écoles";"";"Pau";"Pyrénées-Atlantiques";"Nouvelle-Aquitaine";"64230";"France";"43.3616841";"-0.5068241"
"3701a189cfcc48016d81e4c3ae0d093eedc6c381";"Rue des Écoles, Denguin, Pau, Pyrénées-Atlantiques, Nouvelle-Aquitaine, France métropolitaine, 64230, France";"";"Rue des Écoles";"";"Pau";"Pyrénées-Atlantiques";"Nouvelle-Aquitaine";"64230";"France";"43.3616841";"-0.5068241"
"1fde88f576230e88768b2981a3ec9d0a65397220";"Merkatu plaza, Lapurdi, Espelette, Bayonne, Pyrénées-Atlantiques, Nouvelle-Aquitaine, France métropolitaine, 64250, France";"";"Merkatu plaza";"";"Bayonne";"Pyrénées-Atlantiques";"Nouvelle-Aquitaine";"64250";"France";"43.3386339";"-1.4466373"
"e544d5f1f077072383bcf4596f8c2019a4702540";"Karrikalandako bidea, Lapurdi, Espelette, Bayonne, Pyrénées-Atlantiques, Nouvelle-Aquitaine, France métropolitaine, 64250, France";"";"Karrikalandako bidea";"";"Bayonne";"Pyrénées-Atlantiques";"Nouvelle-Aquitaine";"64250";"France";"43.3438354";"-1.4525345"
"2ec9ce420080795677bac1401f1a3e92b7da2395";"68, Route des Faget, Camdehore, Estialescq, Oloron-Sainte-Marie, Pyrénées-Atlantiques, Nouvelle-Aquitaine, France métropolitaine, 64290, France";"68";"Route des Faget";"";"Oloron-Sainte-Marie";"Pyrénées-Atlantiques";"Nouvelle-Aquitaine";"64290";"France";"43.2193502";"-0.5515591"
"c5dd449c73cb38a4799567ecb59fc0bbe65833c1";"Rue de Lassoule, Gan, Pau, Pyrénées-Atlantiques, Nouvelle-Aquitaine, France métropolitaine, 64290, France";"";"Rue de Lassoule";"";"Pau";"Pyrénées-Atlantiques";"Nouvelle-Aquitaine";"64290";"France";"43.2309379";"-0.3882204"
"d7f3d0e13c33f347c6554a4d21a5a5fde8f3cfdc";"École de musique de Gelos, 41, Rue Louis Barthou, Gelos, Pau, Pyrénées-Atlantiques, Nouvelle-Aquitaine, France métropolitaine, 64110, France";"41";"Rue Louis Barthou";"";"Pau";"Pyrénées-Atlantiques";"Nouvelle-Aquitaine";"64110";"France";"43.2832647";"-0.3725894"
"8f5544e31d42a9e60f06c2b711c17078cff0236b";"Rue Eugène Daure, Gelos, Pau, Pyrénées-Atlantiques, Nouvelle-Aquitaine, France métropolitaine, 64110, France";"";"Rue Eugène Daure";"";"Pau";"Pyrénées-Atlantiques";"Nouvelle-Aquitaine";"64110";"France";"43.2877904";"-0.3756065"
"20afa51ce5f176b378fd9b868b642202bf50081c";"Chemin de Ribère, Pouraillet, Goès, Oloron-Sainte-Marie, Pyrénées-Atlantiques, Nouvelle-Aquitaine, France métropolitaine, 64400, France";"";"Chemin de Ribère";"";"Oloron-Sainte-Marie";"Pyrénées-Atlantiques";"Nouvelle-Aquitaine";"64400";"France";"43.2272119";"-0.5718561"
"5b5789d05f7d2bc4f1223176da7b5047428681cd";"Avenue du Général de Gaulle, Lapurdi, Behereta, Guéthary, Bayonne, Pyrénées-Atlantiques, Nouvelle-Aquitaine, France métropolitaine, 64210, France";"";"Avenue du Général de Gaulle";"";"Bayonne";"Pyrénées-Atlantiques";"Nouvelle-Aquitaine";"64210";"France";"43.4234442";"-1.6088898"
"8b106745214e1bdc05ff70dbd4810acace2324b0";"Route du Somport, Lotissement Les Magnolias, Gurmençon, Oloron-Sainte-Marie, Pyrénées-Atlantiques, Nouvelle-Aquitaine, France métropolitaine, 64400, France";"";"Route du Somport";"";"Oloron-Sainte-Marie";"Pyrénées-Atlantiques";"Nouvelle-Aquitaine";"64400";"France";"43.164547";"-0.6006825"
"8b106745214e1bdc05ff70dbd4810acace2324b0";"Route du Somport, Lotissement Les Magnolias, Gurmençon, Oloron-Sainte-Marie, Pyrénées-Atlantiques, Nouvelle-Aquitaine, France métropolitaine, 64400, France";"";"Route du Somport";"";"Oloron-Sainte-Marie";"Pyrénées-Atlantiques";"Nouvelle-Aquitaine";"64400";"France";"43.164547";"-0.6006825"
"72af042eb1ef330bbc3abb8c0bad18769a02edc4";"2, Rue des Oliviers, Lapurdi, Zokoburu, Hendaye, Bayonne, Pyrénées-Atlantiques, Nouvelle-Aquitaine, France métropolitaine, 64700, France";"2";"Rue des Oliviers";"Hendaye";"Bayonne";"Pyrénées-Atlantiques";"Nouvelle-Aquitaine";"64700";"France";"43.3709872";"-1.7802553"
"ca1f173a0335d8a306fe7de71f7e2dfd659791c9";"Rue Richelieu, Lapurdi, Hapetenia, Hendaye, Bayonne, Pyrénées-Atlantiques, Nouvelle-Aquitaine, France métropolitaine, 64700, France";"";"Rue Richelieu";"Hendaye";"Bayonne";"Pyrénées-Atlantiques";"Nouvelle-Aquitaine";"64700";"France";"43.3449104";"-1.7628675"
"72af042eb1ef330bbc3abb8c0bad18769a02edc4";"2, Rue des Oliviers, Lapurdi, Zokoburu, Hendaye, Bayonne, Pyrénées-Atlantiques, Nouvelle-Aquitaine, France métropolitaine, 64700, France";"2";"Rue des Oliviers";"Hendaye";"Bayonne";"Pyrénées-Atlantiques";"Nouvelle-Aquitaine";"64700";"France";"43.3709872";"-1.7802553"
"867a10070c2e0da9eb86d3050540f83422af86f3";"Rue de Santiago, Lapurdi, La Gare, Hendaye, Bayonne, Pyrénées-Atlantiques, Nouvelle-Aquitaine, France métropolitaine, 64700, France";"";"Rue de Santiago";"Hendaye";"Bayonne";"Pyrénées-Atlantiques";"Nouvelle-Aquitaine";"64700";"France";"43.3517419";"-1.7777682"
"ca1f173a0335d8a306fe7de71f7e2dfd659791c9";"Rue Richelieu, Lapurdi, Hapetenia, Hendaye, Bayonne, Pyrénées-Atlantiques, Nouvelle-Aquitaine, France métropolitaine, 64700, France";"";"Rue Richelieu";"Hendaye";"Bayonne";"Pyrénées-Atlantiques";"Nouvelle-Aquitaine";"64700";"France";"43.3449104";"-1.7628675"
"580cb7ef1c4499e6585e48145dbc5c0ed3759382";"Avenue Pierre de Belsunce, Idron, Pau, Pyrénées-Atlantiques, Nouvelle-Aquitaine, France métropolitaine, 64320, France";"";"Avenue Pierre de Belsunce";"";"Pau";"Pyrénées-Atlantiques";"Nouvelle-Aquitaine";"64320";"France";"43.2940493";"-0.3077269"
"f760b2601b206378abc4657f808f4f907b055b40";"Rue du Moulin, Izeste, Oloron-Sainte-Marie, Pyrénées-Atlantiques, Nouvelle-Aquitaine, France métropolitaine, 64260, France";"";"Rue du Moulin";"";"Oloron-Sainte-Marie";"Pyrénées-Atlantiques";"Nouvelle-Aquitaine";"64260";"France";"43.0920372";"-0.4256223"
"7d4bc68ed6f42166869604473396750fcac3e8a2";"Rue Jean Moulin, Jurançon, Pau, Pyrénées-Atlantiques, Nouvelle-Aquitaine, France métropolitaine, 64110, France";"";"Rue Jean Moulin";"";"Pau";"Pyrénées-Atlantiques";"Nouvelle-Aquitaine";"64110";"France";"43.2883739";"-0.3938243"
"e4ef72b0f83ea07ef36f9e5436d7765ab0abcda2";"Chemin de Vergez, Lahourcade, Pau, Pyrénées-Atlantiques, Nouvelle-Aquitaine, France métropolitaine, 64150, France";"";"Chemin de Vergez";"";"Pau";"Pyrénées-Atlantiques";"Nouvelle-Aquitaine";"64150";"France";"43.3588437";"-0.6374176"
"39fcd99d7fb15fe7853b84a49a939e857f62f1d7";"Rue Principale, Laroin, Pau, Pyrénées-Atlantiques, Nouvelle-Aquitaine, France métropolitaine, 64110, France";"";"Rue Principale";"";"Pau";"Pyrénées-Atlantiques";"Nouvelle-Aquitaine";"64110";"France";"43.3044157";"-0.4389779"
"7f06c2714bff732ae1a58a703a9d0796ecdce4a8";"791, Iratiko errepidea, Nafarroa Beherea, Bastida, Lecumberry, Bayonne, Pyrénées-Atlantiques, Nouvelle-Aquitaine, France métropolitaine, 64220, France";"791";"Iratiko errepidea";"";"Bayonne";"Pyrénées-Atlantiques";"Nouvelle-Aquitaine";"64220";"France";"43.135327";"-1.144192"
"8f529bd54fca85f6c3702e877ced05ce83da08f8";"Rue de l'Église, Ledeuix, Oloron-Sainte-Marie, Pyrénées-Atlantiques, Nouvelle-Aquitaine, France métropolitaine, 64400, France";"";"Rue de l'Église";"";"Oloron-Sainte-Marie";"Pyrénées-Atlantiques";"Nouvelle-Aquitaine";"64400";"France";"43.2167165";"-0.6217353"
"ab6d823420284255a22ac85f78829e7e2342a2e7";"Place de la Mairie, Lotissement Domaine du Pourtalet, Lée, Pau, Pyrénées-Atlantiques, Nouvelle-Aquitaine, France métropolitaine, 64320, France";"";"Place de la Mairie";"";"Pau";"Pyrénées-Atlantiques";"Nouvelle-Aquitaine";"64320";"France";"43.2878256";"-0.2916814"
"621a9c72c7207288960abda3d8466cc41acae286";"Allée des Prés, Lescar, Pau, Pyrénées-Atlantiques, Nouvelle-Aquitaine, France métropolitaine, 64230, France";"";"Allée des Prés";"";"Pau";"Pyrénées-Atlantiques";"Nouvelle-Aquitaine";"64230";"France";"43.3311327";"-0.4356232"
"e6a1e60f83a7f3d998511d908207fc4186131ca2";"Avenue du Moulin, Lons, Pau, Pyrénées-Atlantiques, Nouvelle-Aquitaine, France métropolitaine, 64140, France";"";"Avenue du Moulin";"Lons";"Pau";"Pyrénées-Atlantiques";"Nouvelle-Aquitaine";"64140";"France";"43.3234981";"-0.3980337"
"057d46b072a6c220a4c540b7067a2ba4bc08481f";"Boulevard Blériot, Lons, Pau, Pyrénées-Atlantiques, Nouvelle-Aquitaine, France métropolitaine, 64140, France";"";"Boulevard Blériot";"Lons";"Pau";"Pyrénées-Atlantiques";"Nouvelle-Aquitaine";"64140";"France";"43.3352091";"-0.3928967"
"712432f82e4b1c0693be99e2e446afe45e82653f";"Rue de Beuste, Lucgarier, Pau, Pyrénées-Atlantiques, Nouvelle-Aquitaine, France métropolitaine, 64420, France";"";"Rue de Beuste";"";"Pau";"Pyrénées-Atlantiques";"Nouvelle-Aquitaine";"64420";"France";"43.2336205";"-0.2086795"
"10a1685b09d7ef31629c3da339b0724e9b5788b9";"Chemin de Supervielle, Miramont, Lucq-de-Béarn, Pau, Pyrénées-Atlantiques, Nouvelle-Aquitaine, France métropolitaine, 64360, France";"";"Chemin de Supervielle";"";"Pau";"Pyrénées-Atlantiques";"Nouvelle-Aquitaine";"64360";"France";"43.2626533";"-0.6280548"
"caeebd63848db2a84c7a387907d02f6bd294e2c7";"Rue Arnaud de Maytie, La Basse Ville, Zuberoa, Mauléon-Licharre, Oloron-Sainte-Marie, Pyrénées-Atlantiques, Nouvelle-Aquitaine, France métropolitaine, 64130, France";"";"Rue Arnaud de Maytie";"Mauléon-Licharre";"Oloron-Sainte-Marie";"Pyrénées-Atlantiques";"Nouvelle-Aquitaine";"64130";"France";"43.2200712";"-0.8899315"
"1910b71d42634bb0ecb8e44bd24bc81954920ba8";"Trésorerie de Mauléon-Licharre, 88, Rue Victor Hugo, La Haute Ville, Zuberoa, Le Moulin, Mauléon-Licharre, Oloron-Sainte-Marie, Pyrénées-Atlantiques, Nouvelle-Aquitaine, France métropolitaine, 64130, France";"88";"Rue Victor Hugo";"Mauléon-Licharre";"Oloron-Sainte-Marie";"Pyrénées-Atlantiques";"Nouvelle-Aquitaine";"64130";"France";"43.22240385";"-0.886116791810275"
"51262fa328802a7f18ccd392ca3deafefe113fa2";"Avenue du Général de Gaulle, Mazères-Lezons, Pau, Pyrénées-Atlantiques, Nouvelle-Aquitaine, France métropolitaine, 64110, France";"";"Avenue du Général de Gaulle";"";"Pau";"Pyrénées-Atlantiques";"Nouvelle-Aquitaine";"64110";"France";"43.2808368";"-0.3578636"
"0a96b625293d5565d1277184b4ca08c0e333ccc4";"Stade d'Eaux Vives Pau Pyrénées, 39, Avenue de l'Yser, Bizanos, Pau, Pyrénées-Atlantiques, Nouvelle-Aquitaine, France métropolitaine, 64320, France";"39";"Avenue de l'Yser";"";"Pau";"Pyrénées-Atlantiques";"Nouvelle-Aquitaine";"64320";"France";"43.286771599999994";"-0.3589900058638601"
"51262fa328802a7f18ccd392ca3deafefe113fa2";"Avenue du Général de Gaulle, Mazères-Lezons, Pau, Pyrénées-Atlantiques, Nouvelle-Aquitaine, France métropolitaine, 64110, France";"";"Avenue du Général de Gaulle";"";"Pau";"Pyrénées-Atlantiques";"Nouvelle-Aquitaine";"64110";"France";"43.2808368";"-0.3578636"
"8123c05f70e37841fbb374f3c01cef821e78fd54";"Rue Jules Ferry, Mazères-Lezons, Pau, Pyrénées-Atlantiques, Nouvelle-Aquitaine, France métropolitaine, 64110, France";"";"Rue Jules Ferry";"";"Pau";"Pyrénées-Atlantiques";"Nouvelle-Aquitaine";"64110";"France";"43.2776101";"-0.3560777"
"88eeb1239d4b349c13e1727af06b6869486c1e54";"Eskola, 55, Ezterenzubiko bidea, Nafarroa Beherea, Mendive, Bayonne, Pyrénées-Atlantiques, Nouvelle-Aquitaine, France métropolitaine, 64220, France";"55";"Ezterenzubiko bidea";"";"Bayonne";"Pyrénées-Atlantiques";"Nouvelle-Aquitaine";"64220";"France";"43.128757";"-1.139717"
"c3cc7553a393139824cab4bd427da46caf2d728c";"Place Henri Prat, Lotissement Clos Fleuri, Mirepeix, Pau, Pyrénées-Atlantiques, Nouvelle-Aquitaine, France métropolitaine, 64800, France";"";"";"";"Pau";"Pyrénées-Atlantiques";"Nouvelle-Aquitaine";"64800";"France";"43.1886644";"-0.2514706"
"491c46e986f1d6a06069117c9e06f9c1a2a667c3";"Route de Lascazères, Monpezat, Pau, Pyrénées-Atlantiques, Nouvelle-Aquitaine, France métropolitaine, 64350, France";"";"Route de Lascazères";"";"Pau";"Pyrénées-Atlantiques";"Nouvelle-Aquitaine";"64350";"France";"43.5043224";"-0.0581713"
"d3fd82fe3d3de8f5e90e6d080a1ec31c61e2ccfa";"Avenue des Frères Wright, Lons, Pau, Pyrénées-Atlantiques, Nouvelle-Aquitaine, France métropolitaine, 64140, France";"";"Avenue des Frères Wright";"Lons";"Pau";"Pyrénées-Atlantiques";"Nouvelle-Aquitaine";"64140";"France";"43.3483899";"-0.3801562"
"06e293c43e3221d4c9eb239025c6d85586bc336e";"Place de l'Église, Les Bassettes, Montaut, Pau, Pyrénées-Atlantiques, Nouvelle-Aquitaine, France métropolitaine, 64800, France";"";"";"";"Pau";"Pyrénées-Atlantiques";"Nouvelle-Aquitaine";"64800";"France";"43.12977065";"-0.2005891235509644"
"3afb0b66fe3a26360b8a1b01b5d54b9fe8b7a0e8";"334, Avenue de la Croix de Mouguerre, Marttinto, Lapurdi, Agerreko Larrea, Mouguerre, Bayonne, Pyrénées-Atlantiques, Nouvelle-Aquitaine, France métropolitaine, 64990, France";"334";"Avenue de la Croix de Mouguerre";"";"Bayonne";"Pyrénées-Atlantiques";"Nouvelle-Aquitaine";"64990";"France";"43.4681573";"-1.4212697"
"0e54d4bea17dd9ebe60c9c21414e8b493abdbfc1";"871, Route d'Ibusty, Lapurdi, Centre Européen de Fret, Mouguerre, Bayonne, Pyrénées-Atlantiques, Nouvelle-Aquitaine, France métropolitaine, 64990, France";"871";"Route d'Ibusty";"";"Bayonne";"Pyrénées-Atlantiques";"Nouvelle-Aquitaine";"64990";"France";"43.4842753";"-1.4308741"
"66be8b98cc21cf7ecf95a67b8339bffc960e1395";"48, Route Ibargoiti, Lapurdi, Elizaberri, Mouguerre, Bayonne, Pyrénées-Atlantiques, Nouvelle-Aquitaine, France métropolitaine, 64990, France";"48";"Route Ibargoiti";"";"Bayonne";"Pyrénées-Atlantiques";"Nouvelle-Aquitaine";"64990";"France";"43.4412803";"-1.4014392"
"f14b567aed0c69a65d64d716d0830ec33df4a233";"Chemin du Pont Noir, Pont Noir, Oloron-Sainte-Marie, Pyrénées-Atlantiques, Nouvelle-Aquitaine, France métropolitaine, 64400, France";"";"Chemin du Pont Noir";"Oloron-Sainte-Marie";"Oloron-Sainte-Marie";"Pyrénées-Atlantiques";"Nouvelle-Aquitaine";"64400";"France";"43.1860506";"-0.6513259"
"3634264923d623483e44033564f20b673142a62b";"Place Saint-Pierre, Sainte Croix, Bitête, Oloron-Sainte-Marie, Pyrénées-Atlantiques, Nouvelle-Aquitaine, France métropolitaine, 64400, France";"";"Place Saint-Pierre";"Oloron-Sainte-Marie";"Oloron-Sainte-Marie";"Pyrénées-Atlantiques";"Nouvelle-Aquitaine";"64400";"France";"43.1882493";"-0.6050071"
"4139ddcddc945dfd19d2e3535851ac0ba92b482e";"Rue de la Camiasse de Soeix, Soeix, Oloron-Sainte-Marie, Pyrénées-Atlantiques, Nouvelle-Aquitaine, France métropolitaine, 64400, France";"";"Rue de la Camiasse de Soeix";"Oloron-Sainte-Marie";"Oloron-Sainte-Marie";"Pyrénées-Atlantiques";"Nouvelle-Aquitaine";"64400";"France";"43.1653296";"-0.5892766"
"7ce66dc0ae255577985a226cfe399273e14ef780";"Rue Despourrins, Jardin Public - Sous-Préfecture, Bitête, Oloron-Sainte-Marie, Pyrénées-Atlantiques, Nouvelle-Aquitaine, France métropolitaine, 64400, France";"";"Rue Despourrins";"Oloron-Sainte-Marie";"Oloron-Sainte-Marie";"Pyrénées-Atlantiques";"Nouvelle-Aquitaine";"64400";"France";"43.1926513";"-0.6115908"
"993605b8a2f4339fb37fe21fd9e201a778af40d5";"Avenue des Pyrénées, Ousse, Pau, Pyrénées-Atlantiques, Nouvelle-Aquitaine, France métropolitaine, 64320, France";"";"Avenue des Pyrénées";"";"Pau";"Pyrénées-Atlantiques";"Nouvelle-Aquitaine";"64320";"France";"43.2721787";"-0.2671963"
"42701436562a4a139ad0317f01e463bbe56f6c9d";"Rue Capdebat, Pardies-Piétat, Pau, Pyrénées-Atlantiques, Nouvelle-Aquitaine, France métropolitaine, 64800, France";"";"Rue Capdebat";"";"Pau";"Pyrénées-Atlantiques";"Nouvelle-Aquitaine";"64800";"France";"43.2179499";"-0.3020255"
"9cd918c79afd0c8c847273e479daf71d788fe6c6";"Avenue du Président Kennedy, Dufau-Tourasse, Pau, Pyrénées-Atlantiques, Nouvelle-Aquitaine, France métropolitaine, 64000, France";"";"Avenue du Président Kennedy";"Pau";"Pau";"Pyrénées-Atlantiques";"Nouvelle-Aquitaine";"64000";"France";"43.3101662";"-0.3659953"
"d202658d91cfa2bedc08322fc78cc3ba5defc6b4";"61, Rue de l'Abbé Bremond, Dufau-Tourasse, Pau, Pyrénées-Atlantiques, Nouvelle-Aquitaine, France métropolitaine, 64000, France";"61";"Rue de l'Abbé Bremond";"Pau";"Pau";"Pyrénées-Atlantiques";"Nouvelle-Aquitaine";"64000";"France";"43.3060542";"-0.3743188"
"c51a19b1dceb06327fe1d166df44b9dfb02279d7";"Rue du Cadre Noir, Pau Nord, Pau, Pyrénées-Atlantiques, Nouvelle-Aquitaine, France métropolitaine, 64000, France";"";"Rue du Cadre Noir";"Pau";"Pau";"Pyrénées-Atlantiques";"Nouvelle-Aquitaine";"64000";"France";"43.3316612";"-0.3711402"
"9f6ac660b2345cf95c2f8d03c04a5f0e8b320eb1";"27, Avenue Norman Prince, Lotissement Clos Louis Basile, Pau Sud, Pau, Pyrénées-Atlantiques, Nouvelle-Aquitaine, France métropolitaine, 64000, France";"27";"Avenue Norman Prince";"Pau";"Pau";"Pyrénées-Atlantiques";"Nouvelle-Aquitaine";"64000";"France";"43.3058489";"-0.3441854"
"7652d323b4852fec19972fdaf39bcb010acfe473";"16, Rue Michel Hounau, Quartier du Hédas, Centre Ville, Pau, Pyrénées-Atlantiques, Nouvelle-Aquitaine, France métropolitaine, 64000, France";"16";"Rue Michel Hounau";"Pau";"Pau";"Pyrénées-Atlantiques";"Nouvelle-Aquitaine";"64000";"France";"43.3021757";"-0.3630674"
"82b0959906efd30deea91fa50a1299d9d56ed1c1";"Avenue Louis Sallenave, Le Hameau, Pau, Pyrénées-Atlantiques, Nouvelle-Aquitaine, France métropolitaine, 64000, France";"";"Avenue Louis Sallenave";"Pau";"Pau";"Pyrénées-Atlantiques";"Nouvelle-Aquitaine";"64000";"France";"43.315235";"-0.3611534"
"625d13e252bceee3f3dce3b6ac3159b8cc65f038";"Avenue de Buros, Le Hameau, Pau, Pyrénées-Atlantiques, Nouvelle-Aquitaine, France métropolitaine, 64000, France";"";"Avenue de Buros";"Pau";"Pau";"Pyrénées-Atlantiques";"Nouvelle-Aquitaine";"64000";"France";"43.3198066";"-0.3464238"
"3e500b9a6a5196c5945ddb508d23eaf908c908a5";"Avenue du Loup, Pau Nord, Pau, Pyrénées-Atlantiques, Nouvelle-Aquitaine, France métropolitaine, 64000, France";"";"Avenue du Loup";"Pau";"Pau";"Pyrénées-Atlantiques";"Nouvelle-Aquitaine";"64000";"France";"43.3209312";"-0.347403"
"5734a870961b516b130dbbc702894baf236716a5";"29 Bis, Rue Berlioz, Le Hameau, Pau, Pyrénées-Atlantiques, Nouvelle-Aquitaine, France métropolitaine, 64000, France";"29 Bis";"Rue Berlioz";"Pau";"Pau";"Pyrénées-Atlantiques";"Nouvelle-Aquitaine";"64000";"France";"43.3139224";"-0.3453437"
"c9f92956b9a7c2741a2e09d8af7eb2d5a1e6c2b7";"16, Cours du Général de Division Jacques Camou, Quartier du Hédas, Centre Ville, Pau, Pyrénées-Atlantiques, Nouvelle-Aquitaine, France métropolitaine, 64000, France";"16";"Cours du Général de Division Jacques Camou";"Pau";"Pau";"Pyrénées-Atlantiques";"Nouvelle-Aquitaine";"64000";"France";"43.300443";"-0.376453"
"9f8a4c21d7255006ff9630dadf8daa1a6b78b4f4";"Allée du Bocage, Lotissement Les Jardins du Béarn, Pau Nord, Pau, Pyrénées-Atlantiques, Nouvelle-Aquitaine, France métropolitaine, 64000, France";"";"Allée du Bocage";"Pau";"Pau";"Pyrénées-Atlantiques";"Nouvelle-Aquitaine";"64000";"France";"43.3281683";"-0.3621201"
"da8e601613100505d98e897c1e850ea23c417f11";"7, Rue Bayard, Quartier du Hédas, Centre Ville, Pau, Pyrénées-Atlantiques, Nouvelle-Aquitaine, France métropolitaine, 64000, France";"7";"Rue Bayard";"Pau";"Pau";"Pyrénées-Atlantiques";"Nouvelle-Aquitaine";"64000";"France";"43.2971699";"-0.3751835"
"548346d1e576c77ff97a8d49f0d0df67fdd61438";"Avenue du Général Leclerc, Lotissement Clos Louis Basile, Pau Sud, Pau, Pyrénées-Atlantiques, Nouvelle-Aquitaine, France métropolitaine, 64000, France";"";"Avenue du Général Leclerc";"Pau";"Pau";"Pyrénées-Atlantiques";"Nouvelle-Aquitaine";"64000";"France";"43.306159";"-0.3349617"
"dc12ae1a1ea38ebb5828638d795be802ae836d5c";"Rue Paul Doumer, Centre Ville, Pau, Pyrénées-Atlantiques, Nouvelle-Aquitaine, France métropolitaine, 64000, France";"";"Rue Paul Doumer";"Pau";"Pau";"Pyrénées-Atlantiques";"Nouvelle-Aquitaine";"64000";"France";"43.2989314";"-0.3807973"
"3e500b9a6a5196c5945ddb508d23eaf908c908a5";"Avenue du Loup, Pau Nord, Pau, Pyrénées-Atlantiques, Nouvelle-Aquitaine, France métropolitaine, 64000, France";"";"Avenue du Loup";"Pau";"Pau";"Pyrénées-Atlantiques";"Nouvelle-Aquitaine";"64000";"France";"43.3209312";"-0.347403"
"80f646f9edd513c4b90dea9f25d0666135167592";"Avenue de la Résistance, Quartier du Hédas, Centre Ville, Pau, Pyrénées-Atlantiques, Nouvelle-Aquitaine, France métropolitaine, 64000, France";"";"Avenue de la Résistance";"Pau";"Pau";"Pyrénées-Atlantiques";"Nouvelle-Aquitaine";"64000";"France";"43.3025391";"-0.3755598"
"a0d5179eaf73f74f0c7a5b9edfdbdab420251ba8";"Rue Mozart, Le Hameau, Pau, Pyrénées-Atlantiques, Nouvelle-Aquitaine, France métropolitaine, 64000, France";"";"Rue Mozart";"Pau";"Pau";"Pyrénées-Atlantiques";"Nouvelle-Aquitaine";"64000";"France";"43.3135802";"-0.3474489"
"cce8bb2205f3a055c02d98ec92316ec701fcfe25";"36 bis, Rue Amédée Roussille, XIV Juillet, Pau, Pyrénées-Atlantiques, Nouvelle-Aquitaine, France métropolitaine, 64000, France";"36 bis";"Rue Amédée Roussille";"Pau";"Pau";"Pyrénées-Atlantiques";"Nouvelle-Aquitaine";"64000";"France";"43.2932478";"-0.3837018"
"6f121d2ee360fbf987dd6d52d0a029b9794cef34";"2, Avenue du Buisson, Pau Sud, Pau, Pyrénées-Atlantiques, Nouvelle-Aquitaine, France métropolitaine, 64000, France";"2";"Avenue du Buisson";"Pau";"Pau";"Pyrénées-Atlantiques";"Nouvelle-Aquitaine";"64000";"France";"43.292078";"-0.3547919"
"1051006af0e6e174a9a17de6fedae97f12625d57";"4, Avenue San-Carlos, Pau Sud, Pau, Pyrénées-Atlantiques, Nouvelle-Aquitaine, France métropolitaine, 64000, France";"4";"Avenue San-Carlos";"Pau";"Pau";"Pyrénées-Atlantiques";"Nouvelle-Aquitaine";"64000";"France";"43.2971157";"-0.356646"
"42ce6475ab68a9cc6a327ac5dd066589573bc5ed";"Rue René Fournets, Quartier du Hédas, Centre Ville, Pau, Pyrénées-Atlantiques, Nouvelle-Aquitaine, France métropolitaine, 64000, France";"";"Rue René Fournets";"Pau";"Pau";"Pyrénées-Atlantiques";"Nouvelle-Aquitaine";"64000";"France";"43.2958173";"-0.3724522"
"41d127b7faaf2a482e6a1f8277918044df46ffd4";"Place Mulot, XIV Juillet, Pau, Pyrénées-Atlantiques, Nouvelle-Aquitaine, France métropolitaine, 64000, France";"";"Place Mulot";"Pau";"Pau";"Pyrénées-Atlantiques";"Nouvelle-Aquitaine";"64000";"France";"43.2955961";"-0.378808"
"4aa0af7da37a0b691af4391540006ba8e92e7948";"Avenue Nitot, Pau Sud, Pau, Pyrénées-Atlantiques, Nouvelle-Aquitaine, France métropolitaine, 64000, France";"";"Avenue Nitot";"Pau";"Pau";"Pyrénées-Atlantiques";"Nouvelle-Aquitaine";"64000";"France";"43.2949839";"-0.3540204"
"6ba1ff16992f44fb43162b5f2ebe8fb1b462b899";"Rue des Isards, Dufau-Tourasse, Pau, Pyrénées-Atlantiques, Nouvelle-Aquitaine, France métropolitaine, 64000, France";"";"Rue des Isards";"Pau";"Pau";"Pyrénées-Atlantiques";"Nouvelle-Aquitaine";"64000";"France";"43.3119491";"-0.3701898"
"548346d1e576c77ff97a8d49f0d0df67fdd61438";"Avenue du Général Leclerc, Lotissement Clos Louis Basile, Pau Sud, Pau, Pyrénées-Atlantiques, Nouvelle-Aquitaine, France métropolitaine, 64000, France";"";"Avenue du Général Leclerc";"Pau";"Pau";"Pyrénées-Atlantiques";"Nouvelle-Aquitaine";"64000";"France";"43.306159";"-0.3349617"
"af18442dcb915822ebb7c0316731769c4c86e52c";"Avenue Rhin et Danube, Dufau-Tourasse, Pau, Pyrénées-Atlantiques, Nouvelle-Aquitaine, France métropolitaine, 64000, France";"";"Avenue Rhin et Danube";"Pau";"Pau";"Pyrénées-Atlantiques";"Nouvelle-Aquitaine";"64000";"France";"43.3092226";"-0.3683766"
"7d7bb1c02567cca27661004c746b5a9f36233478";"Rue du Château, Quartier du Hédas, Centre Ville, Pau, Pyrénées-Atlantiques, Nouvelle-Aquitaine, France métropolitaine, 64000, France";"";"Rue du Château";"Pau";"Pau";"Pyrénées-Atlantiques";"Nouvelle-Aquitaine";"64000";"France";"43.2950994";"-0.3742545"
"8ebc40c8d25f224515553a0a3b20b6bf6df0eb0c";"38, Rue Berlioz, Le Hameau, Pau, Pyrénées-Atlantiques, Nouvelle-Aquitaine, France métropolitaine, 64000, France";"38";"Rue Berlioz";"Pau";"Pau";"Pyrénées-Atlantiques";"Nouvelle-Aquitaine";"64000";"France";"43.3140722";"-0.3450923"
"548346d1e576c77ff97a8d49f0d0df67fdd61438";"Avenue du Général Leclerc, Lotissement Clos Louis Basile, Pau Sud, Pau, Pyrénées-Atlantiques, Nouvelle-Aquitaine, France métropolitaine, 64000, France";"";"Avenue du Général Leclerc";"Pau";"Pau";"Pyrénées-Atlantiques";"Nouvelle-Aquitaine";"64000";"France";"43.306159";"-0.3349617"
"8d0742c4705e3972490eb5fa599d78bb7d14dbdc";"81, Avenue Trespoey, Pau Sud, Pau, Pyrénées-Atlantiques, Nouvelle-Aquitaine, France métropolitaine, 64000, France";"81";"Avenue Trespoey";"Pau";"Pau";"Pyrénées-Atlantiques";"Nouvelle-Aquitaine";"64000";"France";"43.2985861";"-0.3521047"
"4d298e32ae04db1b60e8aac9c6a9cd9819a99b3a";"Espaces Pluriels - Théâtre Saragosse, 17, Avenue de Saragosse, Dufau-Tourasse, Pau, Pyrénées-Atlantiques, Nouvelle-Aquitaine, France métropolitaine, 64000, France";"17";"Avenue de Saragosse";"Pau";"Pau";"Pyrénées-Atlantiques";"Nouvelle-Aquitaine";"64000";"France";"43.3079169";"-0.3611888871509697"
"c093989bffc9f041e0d8c93f8d7a6e279df08b89";"12, Avenue du Doyen Robert Poplawski, Lotissement Les Jardins du Béarn, Pau Nord, Pau, Pyrénées-Atlantiques, Nouvelle-Aquitaine, France métropolitaine, 64000, France";"12";"Avenue du Doyen Robert Poplawski";"Pau";"Pau";"Pyrénées-Atlantiques";"Nouvelle-Aquitaine";"64000";"France";"43.3187921";"-0.367492"
"c093989bffc9f041e0d8c93f8d7a6e279df08b89";"12, Avenue du Doyen Robert Poplawski, Lotissement Les Jardins du Béarn, Pau Nord, Pau, Pyrénées-Atlantiques, Nouvelle-Aquitaine, France métropolitaine, 64000, France";"12";"Avenue du Doyen Robert Poplawski";"Pau";"Pau";"Pyrénées-Atlantiques";"Nouvelle-Aquitaine";"64000";"France";"43.3187921";"-0.367492"
"bff2663211d7270dcee914d99fe475d988dc39ea";"10, Lotissement Cassius, Puyoô, Pau, Pyrénées-Atlantiques, Nouvelle-Aquitaine, France métropolitaine, 64270, France";"10";"Lotissement Cassius";"";"Pau";"Pyrénées-Atlantiques";"Nouvelle-Aquitaine";"64270";"France";"43.5234457";"-0.8990003"
"bf68e80e81d45b1a31f65062d02ae3f34dda0b8e";"Rue du Saison, Rivehaute, Oloron-Sainte-Marie, Pyrénées-Atlantiques, Nouvelle-Aquitaine, France métropolitaine, 64190, France";"";"Rue du Saison";"";"Oloron-Sainte-Marie";"Pyrénées-Atlantiques";"Nouvelle-Aquitaine";"64190";"France";"43.3442536";"-0.8806911"
"490971062ea888839ebd712e96b2ca12fc4616c4";"Arrabotea, 35, Place de la Mairie, Zuberoa, Roquiague, Oloron-Sainte-Marie, Pyrénées-Atlantiques, Nouvelle-Aquitaine, France métropolitaine, 64130, France";"35";"Place de la Mairie";"";"Oloron-Sainte-Marie";"Pyrénées-Atlantiques";"Nouvelle-Aquitaine";"64130";"France";"43.1907193";"-0.8396184"
"bbc2566d032b1531841411c828ebc96587d364db";"14, Baigorriko plaza, Nafarroa Beherea, Behereko Karrika, Donostei, Saint-Étienne-de-Baïgorry, Bayonne, Pyrénées-Atlantiques, Nouvelle-Aquitaine, France métropolitaine, 64430, France";"14";"Baigorriko plaza";"";"Bayonne";"Pyrénées-Atlantiques";"Nouvelle-Aquitaine";"64430";"France";"43.1788491";"-1.3403561"
"92dfb4b83c5dc7e67f7f08e021410b650a72b10a";"35, Rue de Sainte-Barbe, Lapurdi, Saint-Jean-de-Luz, Bayonne, Pyrénées-Atlantiques, Nouvelle-Aquitaine, France métropolitaine, 64500, France";"35";"Rue de Sainte-Barbe";"Saint-Jean-de-Luz";"Bayonne";"Pyrénées-Atlantiques";"Nouvelle-Aquitaine";"64500";"France";"43.3993053";"-1.6607854"
"b2a787ab04f1f75643b3ed2472d93ca93d5bf34b";"Place du Collège, Lapurdi, Urdazuri, Saint-Jean-de-Luz, Bayonne, Pyrénées-Atlantiques, Nouvelle-Aquitaine, France métropolitaine, 64500, France";"";"Place du Collège";"Saint-Jean-de-Luz";"Bayonne";"Pyrénées-Atlantiques";"Nouvelle-Aquitaine";"64500";"France";"43.3888995";"-1.6604531"
"cc7e5bc32f8f092c9544553c6fd432f3f2901862";"Avenue Pierre Larramendy, Lapurdi, Urdazuri, Saint-Jean-de-Luz, Bayonne, Pyrénées-Atlantiques, Nouvelle-Aquitaine, France métropolitaine, 64500, France";"";"Avenue Pierre Larramendy";"Saint-Jean-de-Luz";"Bayonne";"Pyrénées-Atlantiques";"Nouvelle-Aquitaine";"64500";"France";"43.384017";"-1.6531514"
"edd5e502fe5936d34686cd307179757885ea3a73";"Denen Kanttua, 13, Avenue Jauréguiberry, Lapurdi, Urdazuri, Saint-Jean-de-Luz, Bayonne, Pyrénées-Atlantiques, Nouvelle-Aquitaine, France métropolitaine, 64500, France";"13";"Avenue Jauréguiberry";"Saint-Jean-de-Luz";"Bayonne";"Pyrénées-Atlantiques";"Nouvelle-Aquitaine";"64500";"France";"43.3872349";"-1.6590666"
"3d32d95de07887d8091892b051e309f47410642f";"Chemin d'Eyheralde, Nafarroa Beherea, Eiheraberri, Saint-Jean-Pied-de-Port, Bayonne, Pyrénées-Atlantiques, Nouvelle-Aquitaine, France métropolitaine, 64220, France";"";"Chemin d'Eyheralde";"Saint-Jean-Pied-de-Port";"Bayonne";"Pyrénées-Atlantiques";"Nouvelle-Aquitaine";"64220";"France";"43.1589311";"-1.2368328"
"bcdd7ca73b5f67135fbd503bb2e1d589115d09e6";"Rue Loumé, Salies-de-Béarn, Oloron-Sainte-Marie, Pyrénées-Atlantiques, Nouvelle-Aquitaine, France métropolitaine, 64270, France";"";"Rue Loumé";"";"Oloron-Sainte-Marie";"Pyrénées-Atlantiques";"Nouvelle-Aquitaine";"64270";"France";"43.4720014";"-0.9255242"
"da428c6d5cf147d5833e29e0c97d56f16a37c7df";"Place des Maraichers, Soumoulou, Pau, Pyrénées-Atlantiques, Nouvelle-Aquitaine, France métropolitaine, 64420, France";"";"Place des Maraichers";"";"Pau";"Pyrénées-Atlantiques";"Nouvelle-Aquitaine";"64420";"France";"43.2659096";"-0.189857"
"3e50505ea61a1eda09e3d8e4d42c4e1868e3dabc";"Plaza, Sorholus, Zuberoa, Ttuttua, Tardets-Sorholus, Oloron-Sainte-Marie, Pyrénées-Atlantiques, Nouvelle-Aquitaine, France métropolitaine, 64470, France";"";"Plaza";"";"Oloron-Sainte-Marie";"Pyrénées-Atlantiques";"Nouvelle-Aquitaine";"64470";"France";"43.1162596";"-0.8631166727171974"
"b5a59bca475d510d2d459997099dc4b5e6be79f5";"Place Joseph Arbiza, Lapurdi, Maribernatenia, Ciboure, Bayonne, Pyrénées-Atlantiques, Nouvelle-Aquitaine, France métropolitaine, 64500, France";"";"Place Joseph Arbiza";"";"Bayonne";"Pyrénées-Atlantiques";"Nouvelle-Aquitaine";"64500";"France";"43.3876891";"-1.6849181346252375"
"52a0ef4e812b623798b893ddfb97f3f136de4de9";"Rue de Socoa, Lapurdi, Erlaitza, Urrugne, Bayonne, Pyrénées-Atlantiques, Nouvelle-Aquitaine, France métropolitaine, 64700, France";"";"Rue de Socoa";"";"Bayonne";"Pyrénées-Atlantiques";"Nouvelle-Aquitaine";"64700";"France";"43.3849761";"-1.6935556"
"7d7fef6ef913d12745cca305409a94c1405626c8";"Route de l'Église, Lapurdi, Arrauntz, Ustaritz, Bayonne, Pyrénées-Atlantiques, Nouvelle-Aquitaine, France métropolitaine, 64480, France";"";"Route de l'Église";"";"Bayonne";"Pyrénées-Atlantiques";"Nouvelle-Aquitaine";"64480";"France";"43.4224349";"-1.4785382"
"bc0d760be01f59efe1041294a797de69cb113a1f";"Place du Lanot, Uzein, Pau, Pyrénées-Atlantiques, Nouvelle-Aquitaine, France métropolitaine, 64230, France";"";"Place du Lanot";"";"Pau";"Pyrénées-Atlantiques";"Nouvelle-Aquitaine";"64230";"France";"43.39795";"-0.4356568"
"d51a578cec641fcddf087d529113ab64c75fd9f1";"Rue des Écoles, Les Jardins de la Tour, Uzos, Pau, Pyrénées-Atlantiques, Nouvelle-Aquitaine, France métropolitaine, 64110, France";"";"Rue des Écoles";"";"Pau";"Pyrénées-Atlantiques";"Nouvelle-Aquitaine";"64110";"France";"43.2699972";"-0.3430183"
